INSERT INTO Player (Player_ID, Player_name, Batting_style, Bowling_style, Gender, DOB)
VALUES
('IND1', 'Sachin Tendulkar', 'Right-handed', 'Right-arm off spin', 'Male', '24-04-1973'),
('IND2', 'Virat Kohli', 'Right-handed', 'Right-arm medium', 'Male', '05-11-1988'),
('IND3', 'Rohit Sharma', 'Right-handed', 'Right-arm off break', 'Male', '30-04-1987'),
('IND4', 'MS Dhoni', 'Right-handed', 'Right-arm medium', 'Male', '07-07-1981'),
('IND5', 'Sunil Gavaskar', 'Right-handed', 'Right-arm medium', 'Male', '10-07-1949'),
('IND6', 'Kapil Dev', 'Right-handed', 'Right-arm fast-medium', 'Male', '06-01-1959'),
('IND7', 'Rahul Dravid', 'Right-handed', 'Right-arm off spin', 'Male', '11-01-1973'),
('IND8', 'Sourav Ganguly', 'Left-handed', 'Right-arm medium', 'Male', '08-07-1972'),
('IND9', 'Anil Kumble', 'Right-handed', 'Leg break googly', 'Male', '17-10-1970'),
('IND10', 'Virender Sehwag', 'Right-handed', 'Right-arm off spin', 'Male', '20-10-1978'),
('IND11', 'Harbhajan Singh', 'Right-handed', 'Right-arm off break', 'Male', '03-07-1980'),
('IND12', 'Zaheer Khan', 'Right-handed', 'Left-arm fast-medium', 'Male', '07-10-1978'),
('IND13', 'Yuvraj Singh', 'Left-handed', 'Slow left-arm orthodox', 'Male', '12-12-1981'),
('IND14', 'Gautam Gambhir', 'Left-handed', 'Right-arm leg break', 'Male', '14-10-1981'),
('IND15', 'Suresh Raina', 'Left-handed', 'Right-arm off break', 'Male', '27-11-1986'),
('IND16', 'VVS Laxman', 'Right-handed', 'Right-arm off break', 'Male', '01-11-1974'),
('IND17', 'Irfan Pathan', 'Left-handed', 'Left-arm medium-fast', 'Male', '27-10-1984'),
('IND18', 'Ravichandran Ashwin', 'Right-handed', 'Right-arm off break', 'Male', '17-09-1986'),
('IND19', 'Ajinkya Rahane', 'Right-handed', 'Right-arm medium', 'Male', '06-06-1988'),
('IND20', 'Cheteshwar Pujara', 'Right-handed', 'Right-arm leg break', 'Male', '25-01-1988'),
('IND21', 'Mohammed Shami', 'Right-handed', 'Right-arm fast-medium', 'Male', '03-09-1990'),
('IND22', 'Ravindra Jadeja', 'Left-handed', 'Slow left-arm orthodox', 'Male', '06-12-1988'),
('IND23', 'Bhuvneshwar Kumar', 'Right-handed', 'Right-arm medium-fast', 'Male', '05-12-1990'),
('IND24', 'Hardik Pandya', 'Right-handed', 'Right-arm medium-fast', 'Male', '11-10-1993'),
('IND25', 'KL Rahul', 'Right-handed', 'Right-arm medium-fast', 'Male', '18-04-1992'),
('IND26', 'Jasprit Bumrah', 'Right-handed', 'Right-arm fast', 'Male', '06-12-1993'),
('IND27', 'Shikhar Dhawan', 'Left-handed', 'Right-arm off break', 'Male', '05-12-1985'),
('IND28', 'Ishant Sharma', 'Right-handed', 'Right-arm fast-medium', 'Male', '02-09-1988'),
('IND29', 'Rishabh Pant', 'Left-handed', 'Slow left-arm orthodox', 'Male', '04-10-1997'),
('IND30', 'Shreyas Iyer', 'Right-handed', 'Right-arm off break', 'Male', '06-12-1994'),
('IND31', 'Washington Sundar', 'Left-handed', 'Right-arm off break', 'Male', '05-10-1999'),
('IND32', 'Navdeep Saini', 'Right-handed', 'Right-arm fast', 'Male', '23-11-1992'),
('IND33', 'Shardul Thakur', 'Right-handed', 'Right-arm medium-fast', 'Male', '16-10-1991'),
('IND34', 'Prithvi Shaw', 'Right-handed', 'Right-arm off break', 'Male', '09-11-1999'),
('IND35', 'Mayank Agarwal', 'Right-handed', 'Right-arm off break', 'Male', '16-02-1991'),
('IND36', 'Hanuma Vihari', 'Right-handed', 'Right-arm off break', 'Male', '13-10-1993'),
('IND37', 'Shubman Gill', 'Right-handed', 'Right-arm off break', 'Male', '08-09-1999'),
('IND38', 'Axar Patel', 'Left-handed', 'Slow left-arm orthodox', 'Male', '20-01-1994'),
('IND39', 'Mohammed Siraj', 'Right-handed', 'Right-arm fast', 'Male', '13-03-1994'),
('IND40', 'Kuldeep Yadav', 'Left-handed', 'Left-arm chinaman', 'Male', '14-12-1994'),
('IND41', 'Mithali Raj', 'Right-handed', 'Right-arm leg spin', 'Female', '03-12-1982'),
('IND42', 'Smriti Mandhana', 'Left-handed', 'Right-arm medium', 'Female', '18-07-1996'),
('IND43', 'Jhulan Goswami', 'Right-handed', 'Right-arm medium-fast', 'Female', '25-11-1982'),
('IND44', 'Harmanpreet Kaur', 'Right-handed', 'Right-arm off break', 'Female', '08-03-1989'),
('IND45', 'Poonam Yadav', 'Right-handed', 'Leg break googly', 'Female', '24-08-1991'),
('IND46', 'Deepti Sharma', 'Left-handed', 'Right-arm off break', 'Female', '24-08-1997'),
('IND47', 'Shafali Verma', 'Right-handed', 'Leg break googly', 'Female', '28-01-2004'),
('IND48', 'Veda Krishnamurthy', 'Right-handed', 'Right-arm off break', 'Female', '16-10-1992'),
('IND49', 'Mansi Joshi', 'Right-handed', 'Right-arm medium-fast', 'Female', '14-08-1993'),
('IND50', 'Jemimah Rodrigues', 'Right-handed', 'Right-arm off break', 'Female', '05-09-2000'),
('IND51', 'Taniya Bhatia', 'Right-handed', 'Right-arm off break', 'Female', '28-11-1997'),
('IND52', 'Radha Yadav', 'Left-handed', 'Slow left-arm orthodox', 'Female', '28-01-2000'),
('IND53', 'Pooja Vastrakar', 'Right-handed', 'Right-arm medium-fast', 'Female', '18-09-1999'),
('IND54', 'Poonam Raut', 'Right-handed', 'Right-arm off break', 'Female', '14-08-1989'),
('IND55', 'Sushma Verma', 'Right-handed', 'Right-arm medium', 'Female', '03-11-1992'),
('IND56', 'Shikha Pandey', 'Right-handed', 'Right-arm medium-fast', 'Female', '12-05-1989'),
('IND57', 'Harleen Deol', 'Right-handed', 'Right-arm medium-fast', 'Female', '21-06-1998'),
('IND58', 'Priya Punia', 'Right-handed', 'Right-arm medium', 'Female', '15-08-1996'),
('IND59', 'Simran Bahadur', 'Right-handed', 'Right-arm medium', 'Female', '07-08-1998'),

    ('PAK1', 'Babar Azam', 'Right-handed', 'Right-arm offbreak', 'Male', '15-10-1994'),
    ('PAK2', 'Shaheen Afridi', 'Left-handed', 'Left-arm fast', 'Male', '6-4-2000'),
    ('PAK3', 'Imam-ul-Haq', 'Left-handed', 'Right-arm offbreak', 'Male', '12-12-1995'),
    ('PAK4', 'Mohammad Rizwan', 'Right-handed', 'N/A', 'Male', '1-6-1992'),
    ('PAK5', 'Fakhar Zaman', 'Left-handed', 'Slow left-arm orthodox', 'Male', '10-4-1990'),
    ('PAK6', 'Shadab Khan', 'Right-handed', 'Legbreak googly', 'Male', '4-10-1998'),
    ('PAK7', 'Haris Rauf', 'Right-handed', 'Right-arm fast', 'Male', '7-11-1993'),
    ('PAK8', 'Shoaib Malik', 'Right-handed', 'Right-arm offbreak', 'Male', '1-2-1982'),
    ('PAK9', 'Sarfaraz Ahmed', 'Right-handed', 'N/A', 'Male', '22-5-1987'),
    ('PAK10', 'Hassan Ali', 'Right-handed', 'Right-arm fast-medium', 'Male', '7-2-1994'),
    ('PAK11', 'Imad Wasim', 'Left-handed', 'Slow left-arm orthodox', 'Male', '18-12-1988'),
    ('PAK12', 'Fahim Ashraf', 'Right-handed', 'Right-arm fast-medium', 'Male', '16-1-1994'),
    ('PAK13', 'Mohammad Nawaz', 'Left-handed', 'Slow left-arm orthodox', 'Male', '21-3-1994'),
    ('PAK14', 'Abid Ali', 'Right-handed', 'N/A', 'Male', '16-10-1987'),
    ('PAK15', 'Azhar Ali', 'Right-handed', 'Legbreak googly', 'Male', '19-2-1985'),
    ('PAK16', 'Mohammad Hafeez', 'Right-handed', 'Right-arm offbreak', 'Male', '17-10-1980'),
    ('PAK17', 'Yasir Shah', 'Right-handed', 'Legbreak googly', 'Male', '2-5-1986'),
    ('PAK18', 'Shaheen Shah Afridi', 'Left-handed', 'Left-arm fast', 'Male', '6-4-2000'),
    ('PAK19', 'Usman Qadir', 'Right-handed', 'Legbreak googly', 'Male', '10-8-1993'),
    ('PAK20', 'Shahnawaz Dahani', 'Right-handed', 'Right-arm fast', 'Male', '1-1-1998'),
    ('PAK21', 'Mohammad Wasim Jr.', 'Right-handed', 'Right-arm medium-fast', 'Male', '25-11-2002'),
    ('PAK22', 'Mohammad Abbas', 'Right-handed', 'Right-arm fast-medium', 'Male', '22-3-1990'),
    ('PAK23', 'Naseem Shah', 'Right-handed', 'Right-arm fast', 'Male', '15-2-2003'),
    ('PAK24', 'Mohammad Hasnain', 'Right-handed', 'Right-arm fast', 'Male', '5-4-2000'),
    ('PAK25', 'Sohaib Maqsood', 'Right-handed', 'Right-arm offbreak', 'Male', '15-4-1987'),
    ('PAK26', 'Sharjeel Khan', 'Left-handed', 'Slow left-arm orthodox', 'Male', '14-8-1989'),
    ('PAK27', 'Shadab Majeed', 'Right-handed', 'Legbreak googly', 'Male', '16-8-1997'),
    ('PAK28', 'Ahmed Shehzad', 'Right-handed', 'Legbreak googly', 'Male', '23-11-1991'),
    ('PAK29', 'Khushdil Shah', 'Left-handed', 'Slow left-arm orthodox', 'Male', '7-2-1995'),
    ('PAK30', 'Imran Khan Jr.', 'Right-handed', 'Right-arm fast-medium', 'Male', '3-6-1988'),
    ('PAK31', 'Asif Ali', 'Right-handed', 'Right-arm medium', 'Male', '1-10-1991'),
    ('PAK32', 'Faheem Ashraf', 'Left-handed', 'Left-arm fast-medium', 'Male', '16-1-1994'),
    ('PAK33', 'Agha Salman', 'Left-handed', 'Slow left-arm orthodox', 'Male', '7-10-1993'),
    ('PAK34', 'Zafar Gohar', 'Left-handed', 'Slow left-arm orthodox', 'Male', '1-2-1995'),
    ('PAK35', 'Sajid Khan', 'Right-handed', 'Legbreak googly', 'Male', '14-12-1994'),

('PAK36', 'Bismah Maroof', 'Right-handed', 'Right-arm leg break', 'Female', '08-01-1991'),
('PAK37', 'Sana Mir', 'Right-handed', 'Right-arm off break', 'Female', '05-01-1986'),
('PAK38', 'Javeria Khan', 'Right-handed', 'Right-arm off break', 'Female', '14-05-1988'),
('PAK39', 'Nida Dar', 'Right-handed', 'Right-arm off break', 'Female', '08-01-1987'),
('PAK40', 'Sidra Ameen', 'Left-handed', 'Right-arm medium', 'Female', '15-10-1990'),
('PAK41', 'Aliya Riaz', 'Right-handed', 'Right-arm medium-fast', 'Female', '04-11-1992'),
('PAK42', 'Diana Baig', 'Right-handed', 'Right-arm medium-fast', 'Female', '15-10-1995'),
('PAK43', 'Nahida Khan', 'Right-handed', 'Right-arm medium', 'Female', '28-11-1986'),
('PAK44', 'Anam Amin', 'Left-handed', 'Slow left-arm orthodox', 'Female', '11-12-1991'),
('PAK45', 'Omaima Sohail', 'Right-handed', 'Right-arm off break', 'Female', '26-11-1995'),
('PAK46', 'Muneeba Ali', 'Right-handed', 'Right-arm off break', 'Female', '12-11-2000'),
('PAK47', 'Ayesha Zafar', 'Right-handed', 'Right-arm off break', 'Female', '24-10-1996'),
('PAK48', 'Syeda Aroob Shah', 'Right-handed', 'Right-arm off break', 'Female', '20-08-2001'),
('PAK49', 'Kainat Imtiaz', 'Right-handed', 'Right-arm medium-fast', 'Female', '21-11-1992'),
('PAK50', 'Sadia Iqbal', 'Right-handed', 'Right-arm medium-fast', 'Female', '04-06-1997'),
('PAK51', 'Aiman Anwer', 'Right-handed', 'Right-arm off break', 'Female', '16-08-2000'),
('PAK52', 'Syeda Asma Amin', 'Right-handed', 'Right-arm off break', 'Female', '14-03-2000'),
('PAK53', 'Iram Javed', 'Right-handed', 'Right-arm off break', 'Female', '03-06-1991'),
('PAK54', 'Maham Tariq', 'Right-handed', 'Right-arm medium-fast', 'Female', '14-01-1998'),
('PAK55', 'Saba Nazir', 'Right-handed', 'Right-arm off break', 'Female', '03-05-1999'),


('AUS1', 'Steve Smith', 'Right-handed', 'Leg break', 'Male', '02-06-1989'),
('AUS2', 'David Warner', 'Left-handed', 'Right-arm medium', 'Male', '27-10-1986'),
('AUS3', 'Pat Cummins', 'Right-handed', 'Right-arm fast', 'Male', '08-05-1993'),
('AUS4', 'Mitchell Starc', 'Left-handed', 'Left-arm fast', 'Male', '30-01-1990'),
('AUS5', 'Josh Hazlewood', 'Left-handed', 'Right-arm fast-medium', 'Male', '08-01-1991'),
('AUS6', 'Nathan Lyon', 'Right-handed', 'Right-arm off-spin', 'Male', '20-11-1987'),
('AUS7', 'Marnus Labuschagne', 'Right-handed', 'Right-arm leg break', 'Male', '22-06-1994'),
('AUS8', 'Tim Paine', 'Right-handed', 'Right-arm medium', 'Male', '08-12-1984'),
('AUS9', 'Usman Khawaja', 'Left-handed', 'Right-arm medium', 'Male', '18-12-1986'),
('AUS10', 'Travis Head', 'Left-handed', 'Right-arm off-spin', 'Male', '29-12-1993'),
('AUS11', 'Matthew Wade', 'Left-handed', 'Right-arm medium', 'Male', '26-12-1987'),
('AUS12', 'Aaron Finch', 'Left-handed', 'Slow left-arm orthodox', 'Male', '17-11-1986'),
('AUS13', 'Shaun Marsh', 'Left-handed', 'Slow left-arm orthodox', 'Male', '09-07-1983'),
('AUS14', 'Glenn Maxwell', 'Right-handed', 'Right-arm off-spin', 'Male', '14-10-1988'),
('AUS15', 'Marcus Stoinis', 'Right-handed', 'Right-arm medium', 'Male', '16-08-1989'),
('AUS16', 'Alex Carey', 'Left-handed', 'Right-arm medium', 'Male', '27-08-1991'),
('AUS17', 'Peter Handscomb', 'Right-handed', 'Right-arm off-spin', 'Male', '26-04-1991'),
('AUS18', 'Mitchell Marsh', 'Right-handed', 'Right-arm fast-medium', 'Male', '20-10-1991'),
('AUS19', 'Andrew Tye', 'Right-handed', 'Right-arm medium-fast', 'Male', '12-12-1986'),
('AUS20', 'Ashton Agar', 'Left-handed', 'Slow left-arm orthodox', 'Male', '14-10-1993'),
('AUS21', 'Billy Stanlake', 'Right-handed', 'Right-arm fast', 'Male', '04-11-1994'),
('AUS22', 'Adam Zampa', 'Right-handed', 'Right-arm leg break', 'Male', '31-03-1992'),
('AUS23', 'Kane Richardson', 'Right-handed', 'Right-arm fast-medium', 'Male', '12-02-1991'),
('AUS24', 'Jhye Richardson', 'Right-handed', 'Right-arm fast', 'Male', '20-09-1996'),
('AUS25', 'Matthew Renshaw', 'Left-handed', 'Right-arm off-spin', 'Male', '28-03-1996'),
('AUS26', 'Chris Lynn', 'Right-handed', 'Slow left-arm orthodox', 'Male', '10-04-1990'),
('AUS27', 'Ben McDermott', 'Right-handed', 'Right-arm medium', 'Male', '12-12-1994'),
('AUS28', 'Daniel Sams', 'Left-handed', 'Left-arm fast-medium', 'Male', '27-10-1992'),
('AUS29', 'Marcus Harris', 'Left-handed', 'Right-arm medium', 'Male', '21-07-1992'),
('AUS30', 'Joe Burns', 'Right-handed', 'Right-arm off-spin', 'Male', '06-09-1989'),
('AUS31', 'Michael Neser', 'Right-handed', 'Right-arm fast-medium', 'Male', '29-03-1990'),
('AUS32', 'Billy Root', 'Left-handed', 'Right-arm medium', 'Male', '24-04-1992'),
('AUS33', 'Peter Siddle', 'Right-handed', 'Right-arm fast-medium', 'Male', '25-11-1984'),
('AUS34', 'Sean Abbott', 'Right-handed', 'Right-arm fast-medium', 'Male', '29-02-1992'),
('AUS35', 'James Pattinson', 'Left-handed', 'Right-arm fast', 'Male', '03-05-1990'),

('AUS36', 'Ellyse Perry', 'Right-handed', 'Right-arm fast-medium', 'Female', '03-11-1990'),
('AUS37', 'Meg Lanning', 'Right-handed', 'Right-arm medium', 'Female', '25-03-1992'),
('AUS38', 'Alyssa Healy', 'Right-handed', 'N/A', 'Female', '24-03-1990'),
('AUS39', 'Beth Mooney', 'Left-handed', 'N/A', 'Female', '14-04-1994'),
('AUS40', 'Rachael Haynes', 'Left-handed', 'Right-arm medium', 'Female', '26-12-1986'),
('AUS41', 'Sophie Molineux', 'Left-handed', 'Slow left-arm orthodox', 'Female', '11-01-1998'),
('AUS42', 'Nicola Carey', 'Right-handed', 'Right-arm medium-fast', 'Female', '19-04-1993'),
('AUS43', 'Ashleigh Gardner', 'Right-handed', 'Right-arm off-spin', 'Female', '15-04-1997'),
('AUS44', 'Megan Schutt', 'Right-handed', 'Right-arm fast-medium', 'Female', '15-08-1993'),
('AUS45', 'Tayla Vlaeminck', 'Right-handed', 'Right-arm fast', 'Female', '22-10-1998'),
('AUS46', 'Georgia Wareham', 'Right-handed', 'Leg-break', 'Female', '24-05-1999'),
('AUS47', 'Annabel Sutherland', 'Right-handed', 'Right-arm medium-fast', 'Female', '14-11-2002'),
('AUS48', 'Darcie Brown', 'Right-handed', 'Right-arm fast', 'Female', '19-03-2003'),
('AUS49', 'Hannah Darlington', 'Left-handed', 'Right-arm medium-fast', 'Female', '24-03-2001'),
('AUS50', 'Tahlia McGrath', 'Right-handed', 'Right-arm medium-fast', 'Female', '19-11-1995'),
('AUS51', 'Erin Burns', 'Right-handed', 'Right-arm off-spin', 'Female', '30-12-1987'),
('AUS52', 'Alana King', 'Right-handed', 'Right-arm leg-spin', 'Female', '13-07-1995'),
('AUS53', 'Heather Graham', 'Right-handed', 'Right-arm medium-fast', 'Female', '06-03-1996'),
('AUS54', 'Belinda Vakarewa', 'Right-handed', 'Right-arm medium-fast', 'Female', '11-01-1997'),
('AUS55', 'Molly Strano', 'Right-handed', 'Right-arm off-spin', 'Female', '06-11-1992'),
('AUS56', 'Ellyse Villani', 'Right-handed', 'Right-arm medium', 'Female', '18-04-1989'),
('AUS57', 'Maitlan Brown', 'Right-handed', 'Right-arm medium-fast', 'Female', '07-03-1997'),
('AUS58', 'Meg Phillips', 'Right-handed', 'Right-arm medium-fast', 'Female', '19-01-1999'),
('AUS59', 'Georgia Redmayne', 'Right-handed', 'N/A', 'Female', '24-01-1996'),

('ENG1', 'Joe Root', 'Right-hand bat', 'Right-arm off-spin', 'Male', '30-12-1990'),
('ENG2', 'Ben Stokes', 'Left-hand bat', 'Right-arm fast-medium', 'Male', '04-06-1991'),
('ENG3', 'Jofra Archer', 'Right-hand bat', 'Right-arm fast', 'Male', '01-04-1995'),
('ENG4', 'James Anderson', 'Left-hand bat', 'Right-arm fast-medium', 'Male', '30-07-1982'),
('ENG5', 'Stuart Broad', 'Left-hand bat', 'Right-arm fast-medium', 'Male', '24-06-1986'),
('ENG6', 'Jonny Bairstow', 'Right-hand bat', 'NULL', 'Male', '26-09-1989'),
('ENG7', 'Jos Buttler', 'Right-hand bat', 'NULL', 'Male', '08-09-1990'),
('ENG8', 'Chris Woakes', 'Right-hand bat', 'Right-arm fast-medium', 'Male', '02-03-1989'),
('ENG9', 'Moeen Ali', 'Left-hand bat', 'Right-arm off-spin', 'Male', '18-06-1987'),
('ENG10', 'Mark Wood', 'Right-hand bat', 'Right-arm fast', 'Male', '11-01-1990'),
('ENG11', 'Tom Curran', 'Right-hand bat', 'Right-arm fast-medium', 'Male', '12-03-1995'),
('ENG12', 'Sam Curran', 'Left-hand bat', 'Left-arm fast-medium', 'Male', '03-06-1998'),
('ENG13', 'Eoin Morgan', 'Left-hand bat', 'Right-arm medium', 'Male', '10-09-1986'),
('ENG14', 'Jason Roy', 'Right-hand bat', 'Right-arm medium', 'Male', '21-07-1990'),
('ENG15', 'Adil Rashid', 'Right-hand bat', 'Right-arm leg-spin', 'Male', '17-02-1988'),
('ENG16', 'Liam Livingstone', 'Right-hand bat', 'Right-arm leg-spin', 'Male', '04-08-1993'),
('ENG17', 'Liam Dawson', 'Left-hand bat', 'Slow left-arm orthodox', 'Male', '01-03-1990'),
('ENG18', 'Alex Hales', 'Right-hand bat', 'Right-arm medium', 'Male', '03-01-1989'),
('ENG19', 'Dawid Malan', 'Left-hand bat', 'Right-arm leg-break', 'Male', '03-09-1987'),
('ENG20', 'Craig Overton', 'Right-hand bat', 'Right-arm fast-medium', 'Male', '10-06-1994'),
('ENG21', 'Jack Leach', 'Left-hand bat', 'Slow left-arm orthodox', 'Male', '22-02-1991'),
('ENG22', 'Sam Billings', 'Right-hand bat', 'NULL', 'Male', '15-06-1991'),
('ENG23', 'Jake Ball', 'Right-hand bat', 'Right-arm fast-medium', 'Male', '14-03-1991'),
('ENG24', 'Olly Stone', 'Right-hand bat', 'Right-arm fast', 'Male', '09-10-1993'),
('ENG25', 'Lewis Gregory', 'Right-hand bat', 'Right-arm fast-medium', 'Male', '26-05-1992'),
('ENG26', 'James Vince', 'Right-hand bat', 'Right-arm medium', 'Male', '14-03-1991'),
('ENG27', 'Dan Lawrence', 'Right-hand bat', 'Right-arm off-spin', 'Male', '12-07-1997'),
('ENG28', 'Zak Crawley', 'Right-hand bat', 'Right-arm medium', 'Male', '03-02-1998'),
('ENG29', 'Ben Foakes', 'Right-hand bat', 'NULL', 'Male', '15-02-1993'),
('ENG30', 'Tom Banton', 'Right-hand bat', 'Right-arm medium', 'Male', '11-11-1998'),
('ENG31', 'Joe Denly', 'Right-hand bat', 'Right-arm leg-break', 'Male', '16-03-1986'),
('ENG32', 'Harry Gurney', 'Right-hand bat', 'Left-arm medium-fast', 'Male', '25-10-1986'),
('ENG33', 'Saqib Mahmood', 'Right-hand bat', 'Right-arm fast-medium', 'Male', '25-02-1997'),
('ENG34', 'Dom Bess', 'Right-hand bat', 'Right-arm off-spin', 'Male', '22-07-1997'),
('ENG35', 'Matt Parkinson', 'Right-hand bat', 'Right-arm leg-spin', 'Male', '24-10-1996'),
('ENG36', 'Heather Knight', 'Right-handed', 'Right-arm off break', 'Female', '26-12-1991'),
('ENG37', 'Nat Sciver', 'Right-handed', 'Right-arm medium-fast', 'Female', '20-08-1992'),
('ENG38', 'Sarah Taylor', 'Right-handed', 'NULL', 'Female', '20-05-1989'),
('ENG39', 'Tammy Beaumont', 'Right-handed', 'NULL', 'Female', '11-03-1991'),
('ENG40', 'Katherine Brunt', 'Right-handed', 'Right-arm fast-medium', 'Female', '02-07-1985'),
('ENG41', 'Anya Shrubsole', 'Right-handed', 'Right-arm medium-fast', 'Female', '07-12-1991'),
('ENG42', 'Natalie Sciver', 'Right-handed', 'Right-arm medium-fast', 'Female', '20-08-1992'),
('ENG43', 'Lauren Winfield', 'Right-handed', 'NULL', 'Female', '07-05-1990'),
('ENG44', 'Sophie Ecclestone', 'Left-handed', 'Slow left-arm orthodox', 'Female', '06-12-1999'),
('ENG45', 'Danielle Wyatt', 'Right-handed', 'Right-arm off break', 'Female', '22-04-1991'),
('ENG46', 'Kate Cross', 'Right-handed', 'Right-arm medium-fast', 'Female', '24-05-1991'),
('ENG47', 'Freya Davies', 'Right-handed', 'Right-arm medium-fast', 'Female', '07-03-1995'),
('ENG48', 'Amy Jones', 'Right-handed', 'NULL', 'Female', '20-09-1993'),
('ENG49', 'Tash Farrant', 'Left-handed', 'Left-arm medium-fast', 'Female', '06-01-1996'),
('ENG50', 'Sophia Dunkley', 'Right-handed', 'Right-arm off break', 'Female', '14-12-1998'),
('ENG51', 'Sarah Glenn', 'Right-handed', 'Leg break', 'Female', '02-01-1999'),
('ENG52', 'Alice Davidson-Richards', 'Right-handed', 'Right-arm medium', 'Female', '10-05-1996'),
('ENG53', 'Charlie Dean', 'Right-handed', 'Leg break', 'Female', '13-01-2000'),
('ENG54', 'Emily Arlott', 'Right-handed', 'Right-arm medium-fast', 'Female', '12-12-1997'),
('ENG55', 'Georgia Elwiss', 'Right-handed', 'Right-arm medium', 'Female', '21-05-1992'),

('NZ1', 'Kane Williamson', 'Right-handed', 'Right-arm off break', 'Male', '08-08-1990'),
('NZ2', 'Trent Boult', 'Right-handed', 'Left-arm fast-medium', 'Male', '22-07-1989'),
('NZ3', 'Ross Taylor', 'Right-handed', 'Right-arm off break', 'Male', '08-03-1984'),
('NZ4', 'Tim Southee', 'Right-handed', 'Right-arm fast-medium', 'Male', '11-12-1988'),
('NZ5', 'Martin Guptill', 'Right-handed', 'Right-arm off break', 'Male', '30-09-1986'),
('NZ6', 'Kyle Jamieson', 'Right-handed', 'Right-arm fast-medium', 'Male', '30-12-1994'),
('NZ7', 'Colin de Grandhomme', 'Right-handed', 'Right-arm fast-medium', 'Male', '22-07-1986'),
('NZ8', 'BJ Watling', 'Right-handed', NULL, 'Male', '09-07-1985'),
('NZ9', 'Mitchell Santner', 'Left-handed', 'Slow left-arm orthodox', 'Male', '05-02-1992'),
('NZ10', 'Tom Latham', 'Left-handed', NULL, 'Male', '02-04-1992'),
('NZ11', 'Lockie Ferguson', 'Right-handed', 'Right-arm fast', 'Male', '13-06-1991'),
('NZ12', 'James Neesham', 'Left-handed', 'Right-arm medium-fast', 'Male', '17-09-1990'),
('NZ13', 'Devon Conway', 'Left-handed', NULL, 'Male', '08-07-1991'),
('NZ14', 'Matt Henry', 'Right-handed', 'Right-arm fast-medium', 'Male', '14-12-1991'),
('NZ15', 'Doug Bracewell', 'Right-handed', 'Right-arm fast-medium', 'Male', '28-09-1990'),
('NZ16', 'Ish Sodhi', 'Right-handed', 'Leg break googly', 'Male', '31-10-1992'),
('NZ17', 'Adam Milne', 'Right-handed', 'Right-arm fast', 'Male', '13-04-1992'),
('NZ18', 'Henry Nicholls', 'Left-handed', NULL, 'Male', '15-11-1991'),
('NZ19', 'Colin Munro', 'Left-handed', 'Right-arm medium', 'Male', '11-03-1987'),
('NZ20', 'Todd Astle', 'Right-handed', 'Right-arm leg break', 'Male', '24-09-1986'),
('NZ21', 'Scott Kuggeleijn', 'Right-handed', 'Right-arm fast-medium', 'Male', '06-01-1992'),
('NZ22', 'Hamish Bennett', 'Right-handed', 'Right-arm fast-medium', 'Male', '27-02-1987'),
('NZ23', 'Jeet Raval', 'Left-handed', 'Slow left-arm orthodox', 'Male', '22-09-1988'),
('NZ24', 'Tom Blundell', 'Right-handed', NULL, 'Male', '01-09-1990'),
('NZ25', 'Blair Tickner', 'Right-handed', 'Right-arm fast-medium', 'Male', '27-11-1993'),
('NZ26', 'Mark Chapman', 'Left-handed', 'Right-arm off break', 'Male', '27-08-1994'),
('NZ27', 'Seth Rance', 'Right-handed', 'Right-arm medium', 'Male', '07-10-1987'),
('NZ28', 'Jacob Duffy', 'Right-handed', 'Right-arm fast-medium', 'Male', '26-09-1994'),
('NZ29', 'Neil Wagner', 'Right-handed', 'Left-arm fast-medium', 'Male', '13-03-1986'),
('NZ30', 'Will Young', 'Right-handed', NULL, 'Male', '03-12-1992'),
('NZ31', 'Glenn Phillips', 'Right-handed', 'Right-arm off break', 'Male', '06-12-1996'),
('NZ32', 'Daryl Mitchell', 'Right-handed', 'Right-arm medium', 'Male', '20-05-1991'),
('NZ33', 'Blair Ticker', 'Right-handed', 'Right-arm fast-medium', 'Male', '27-11-1993'),
('NZ34', 'Anil roy', 'Right-handed', 'Leg break googly', 'male', '13-10-2000'),
('NZ35', 'Ajaz Patel', 'Left-handed', 'Slow left-arm orthodox', 'Male', '21-10-1988'),
('NZ36', 'Suzie Bates', 'Right-handed', 'Right-arm medium', 'Female', '16-09-1987'),
('NZ37', 'Sophie Devine', 'Right-handed', 'Right-arm medium-fast', 'Female', '01-09-1989'),
('NZ38', 'Amy Satterthwaite', 'Left-handed', 'Slow left-arm orthodox', 'Female', '07-10-1986'),
('NZ39', 'Amelia Kerr', 'Right-handed', 'Leg break googly', 'Female', '13-10-2000'),
('NZ40', 'Lea Tahuhu', 'Right-handed', 'Right-arm fast-medium', 'Female', '23-10-1990'),
('NZ41', 'Katey Martin', 'Right-handed', NULL, 'Female', '24-08-1985'),
('NZ42', 'Katie Perkins', 'Right-handed', NULL, 'Female', '29-03-1989'),
('NZ43', 'Lauren Down', 'Right-handed', NULL, 'Female', '20-01-1996'),
('NZ44', 'Maddy Green', 'Right-handed', 'Right-arm off break', 'Female', '07-12-1992'),
('NZ45', 'Hannah Rowe', 'Right-handed', 'Left-arm medium-fast', 'Female', '20-10-1996'),
('NZ46', 'Leigh Kasperek', 'Right-handed', 'Right-arm off break', 'Female', '13-03-1991'),
('NZ47', 'Anna Peterson', 'Right-handed', 'Slow left-arm orthodox', 'Female', '12-05-1989'),
('NZ48', 'Bernadine Bezuidenhout', 'Right-handed', 'Right-arm medium', 'Female', '14-07-1997'),
('NZ49', 'Brooke Halliday', 'Left-handed', 'Slow left-arm orthodox', 'Female', '03-05-1995'),
('NZ50', 'Frances Mackay', 'Right-handed', 'Right-arm medium-fast', 'Female', '18-12-1990'),
('NZ51', 'Hayley Jensen', 'Right-handed', 'Right-arm medium', 'Female', '17-05-1992'),
('NZ52', 'Jess Kerr', 'Right-handed', 'Right-arm fast-medium', 'Female', '14-05-1997'),
('NZ53', 'Jess Watkin', 'Right-handed', 'Right-arm off break', 'Female', '07-12-1999'),
('NZ54', 'Rosemary Mair', 'Right-handed', 'Right-arm medium-fast', 'Female', '01-10-2000'),
('NZ55', 'Shefolo vrma', 'Right-handed', 'Right-arm fast-medium', 'Female', '14-05-1997'),
('SL1', 'Kusal Mendis', 'Right-handed', NULL, 'Male', '02-02-1995'),
('SL2', 'Dhananjaya de Silva', 'Right-handed', 'Right-arm off-spin', 'Male', '06-09-1991'),
('SL3', 'Kusal Perera', 'Left-handed', NULL, 'Male', '17-08-1990'),
('SL4', 'Dimuth Karunaratne', 'Left-handed', 'Right-arm medium', 'Male', '21-04-1988'),
('SL5', 'Dinesh Chandimal', 'Right-handed', NULL, 'Male', '18-11-1989'),
('SL6', 'Angelo Mathews', 'Right-handed', 'Right-arm fast-medium', 'Male', '02-06-1987'),
('SL7', 'Suranga Lakmal', 'Right-handed', 'Right-arm fast-medium', 'Male', '23-03-1987'),
('SL8', 'Lasith Malinga', 'Right-handed', 'Right-arm fast', 'Male', '28-08-1983'),
('SL9', 'Nuwan Pradeep', 'Right-handed', 'Right-arm fast-medium', 'Male', '19-10-1986'),
('SL10', 'Dushmantha Chameera', 'Right-handed', 'Right-arm fast', 'Male', '11-01-1992'),
('SL11', 'Lahiru Thirimanne', 'Left-handed', 'Right-arm medium', 'Male', '08-09-1989'),
('SL12', 'Wanindu Hasaranga', 'Right-handed', 'Leg-break', 'Male', '29-07-1997'),
('SL13', 'Avishka Fernando', 'Right-handed', NULL, 'Male', '05-04-1998'),
('SL14', 'Dasun Shanaka', 'Right-handed', 'Right-arm medium', 'Male', '09-09-1991'),
('SL15', 'Isuru Udana', 'Left-handed', 'Left-arm fast-medium', 'Male', '17-02-1988'),
('SL16', 'Kamindu Mendis', 'Left-handed', 'Left-arm orthodox', 'Male', '02-09-1999'),
('SL17', 'Oshada Fernando', 'Right-handed', NULL, 'Male', '22-07-1992'),
('SL18', 'Pathum Nissanka', 'Right-handed', NULL, 'Male', '25-06-1998'),
('SL19', 'Danushka Gunathilaka', 'Left-handed', 'Right-arm off-spin', 'Male', '17-01-1991'),
('SL20', 'Pathum hellen', 'Right-handed', NULL, 'Male', '25-06-1998'),
('SL21', 'Ashen Bandara', 'Right-handed', NULL, 'Male', '16-03-1998'),
('SL22', 'Ahmad khaleel', 'Right-handed', NULL, 'Male', '25-06-1998'),
('SL23', 'Lahiru Kumara', 'Right-handed', 'Right-arm fast', 'Male', '13-02-1997'),
('SL24', 'Lakshan Sandakan', 'Left-handed', 'Left-arm chinaman', 'Male', '24-06-1991'),
('SL25', 'Ramesh Mendis', 'Right-handed', 'Right-arm off-spin', 'Male', '07-06-1996'),
('SL26', 'Praveen Jayawickrama', 'Left-handed', 'Left-arm orthodox', 'Male', '08-01-1998'),
('SL27', 'Maheesh Theekshana', 'Right-handed', 'Right-arm leg-spin', 'Male', '12-08-2001'),
('SL28', 'Bhanuka Rajapaksa', 'Left-handed', 'Right-arm medium', 'Male', '24-12-1991'),
('SL29', 'Akila Dananjaya', 'Right-handed', 'Right-arm off-spin', 'Male', '04-10-1993'),
('SL30', 'Chamika Karunaratne', 'Right-handed', 'Right-arm medium-fast', 'Male', '04-01-1996'),
('SL31', 'Niroshan Dickwella', 'Left-handed', NULL, 'Male', '23-06-1993'),
('SL32', 'Binura Fernando', 'Left-handed', 'Left-arm medium-fast', 'Male', '10-02-1995'),
('SL33', 'Dinesh Chandimal', 'Right-handed', NULL, 'Male', '18-11-1989'),
('SL34', 'Sadeera Samarawickrama', 'Right-handed', NULL, 'Male', '30-12-1995'),
('SL35', 'Kasun Rajitha', 'Right-handed', 'Right-arm medium-fast', 'Male', '27-02-1993'),
('SL36', 'Anushka Sanjeewani', 'Left-handed', NULL, 'Female', '08-06-1994'),
('SL37', 'Umesha Thimashini', 'Left-handed', NULL, 'Female', '07-11-1999'),
('SL38', 'Hansima Karunaratne', 'Right-handed', 'Right-arm off-spin', 'Female', '18-01-1994'),
('SL39', 'Nilakshi de Silva', 'Right-handed', 'Right-arm off-spin', 'Female', '25-02-1994'),
('SL40', 'Inoka Ranaweera', 'Right-handed', 'Left-arm orthodox', 'Female', '22-03-1991'),
('SL41', 'Ama Kanchana', 'Left-handed', 'Right-arm medium', 'Female', '17-10-1995'),
('SL42', 'Kavisha Dilhari', 'Right-handed', 'Leg-break', 'Female', '05-07-2001'),
('SL43', 'Chamari Athapaththu', 'Left-handed', 'Right-arm medium-fast', 'Female', '09-02-1989'),
('SL44', 'Shashikala Siriwardene', 'Right-handed', 'Right-arm off-spin', 'Female', '14-12-1985'),
('SL45', 'Sripali Weerakkody', 'Right-handed', 'Right-arm medium-fast', 'Female', '12-12-1985'),
('SL46', 'Oshadi Ranasinghe', 'Right-handed', 'Right-arm fast-medium', 'Female', '26-08-1992'),
('SL47', 'Harshitha Madavi', 'Left-handed', 'Left-arm orthodox', 'Female', '29-06-1997'),
('SL48', 'Hasini Perera', 'Right-handed', NULL, 'Female', '06-03-1995'),
('SL49', 'Dilani Manodara', 'Right-handed', NULL, 'Female', '11-02-1985'),
('SL50', 'Sugandika Kumari', 'Right-handed', 'Right-arm medium', 'Female', '12-05-1984'),

('WI1', 'Chris Gayle', 'Left-handed', 'Right-arm off break', 'Male', '21-09-1979'),
('WI2', 'Darren Sammy', 'Right-handed', 'Right-arm medium-fast', 'Male', '20-12-1983'),
('WI3', 'Kieron Pollard', 'Right-handed', 'Right-arm medium-fast', 'Male', '12-05-1987'),
('WI4', 'Dwayne Bravo', 'Right-handed', 'Right-arm medium-fast', 'Male', '07-10-1983'),
('WI5', 'Marlon Samuels', 'Right-handed', 'Right-arm off break', 'Male', '05-01-1981'),
('WI6', 'Shivnarine Chanderpaul', 'Left-handed', 'Leg break', 'Male', '16-08-1974'),
('WI7', 'Sunil Narine', 'Left-handed', 'Right-arm off break', 'Male', '26-05-1988'),
('WI8', 'Jerome Taylor', 'Right-handed', 'Right-arm fast-medium', 'Male', '22-06-1984'),
('WI9', 'Kemar Roach', 'Right-handed', 'Right-arm fast', 'Male', '30-06-1988'),
('WI10', 'Darren Bravo', 'Left-handed', 'Right-arm medium', 'Male', '06-02-1989'),
('WI11', 'Dwayne Smith', 'Right-handed', 'Right-arm medium', 'Male', '12-04-1983'),
('WI12', 'Andre Russell', 'Right-handed', 'Right-arm fast', 'Male', '29-04-1988'),
('WI13', 'Lendl Simmons', 'Right-handed', 'Right-arm medium-fast', 'Male', '25-01-1985'),
('WI14', 'Samuel Badree', 'Right-handed', 'Leg break googly', 'Male', '08-03-1981'),
('WI15', 'Devon Thomas', 'Right-handed', NULL, 'Male', '06-12-1989'),
('WI16', 'Ravi Rampaul', 'Right-handed', 'Right-arm fast-medium', 'Male', '15-10-1984'),
('WI17', 'Jason Holder', 'Right-handed', 'Right-arm fast-medium', 'Male', '05-11-1991'),
('WI18', 'Denesh Ramdin', 'Right-handed', NULL, 'Male', '13-03-1985'),
('WI19', 'Carlos Brathwaite', 'Right-handed', 'Right-arm fast-medium', 'Male', '18-07-1988'),
('WI20', 'Kraigg Brathwaite', 'Right-handed', 'Right-arm off break', 'Male', '01-12-1992'),
('WI21', 'Evin Lewis', 'Left-handed', 'Right-arm medium', 'Male', '27-12-1991'),
('WI22', 'Shai Hope', 'Right-handed', NULL, 'Male', '10-11-1993'),
('WI23', 'Sheldon Cottrell', 'Right-handed', 'Left-arm fast-medium', 'Male', '19-08-1989'),
('WI24', 'Alzarri Joseph', 'Right-handed', 'Right-arm fast', 'Male', '20-11-1996'),
('WI25', 'Fabian Allen', 'Left-handed', 'Slow left-arm orthodox', 'Male', '07-05-1995'),
('WI26', 'Kesrick Williams', 'Right-handed', 'Right-arm medium-fast', 'Male', '17-02-1990'),
('WI27', 'Oshane Thomas', 'Right-handed', 'Right-arm fast', 'Male', '18-02-1997'),
('WI28', 'Shimron Hetmyer', 'Left-handed', 'Right-arm leg break', 'Male', '26-12-1996'),
('WI29', 'Nicholas Pooran', 'Left-handed', NULL, 'Male', '02-10-1995'),
('WI30', 'Shannon Gabriel', 'Right-handed', 'Right-arm fast', 'Male', '28-04-1988'),
('WI31', 'Ashley Nurse', 'Right-handed', 'Right-arm off break', 'Male', '22-12-1988'),
('WI32', 'Shane Dowrich', 'Right-handed', NULL, 'Male', '30-10-1991'),
('WI33', 'Roston Chase', 'Right-handed', 'Right-arm off break', 'Male', '22-03-1992'),
('WI34', 'Shai Hope', 'Right-handed', NULL, 'Male', '10-11-1993'),
('WI35', 'Jermaine Blackwood', 'Right-handed', NULL, 'Male', '20-11-1991'),
('WI36', 'John Campbell', 'Left-handed', NULL, 'Male', '10-09-1993'),
('WI37', 'Raymon Reifer', 'Left-handed', 'Left-arm medium-fast', 'Male', '11-05-1991'),
('WI38', 'Joshua da Silva', 'Right-handed', NULL, 'Male', '10-06-1998'),
('WI39', 'Nkrumah Bonner', 'Right-handed', 'Leg break', 'Male', '14-11-1988'),
('WI40', 'Kyle Mayers', 'Left-handed', 'Right-arm medium', 'Male', '08-09-1992'),
('WI41', 'Shemaine Campbelle', 'Right-handed', 'Right-arm medium', 'Female', '02-12-1991'),
('WI42', 'Shakera Selman', 'Right-handed', 'Right-arm medium', 'Female', '12-11-1989'),
('WI43', 'Afy Fletcher', 'Right-handed', 'Leg break', 'Female', '17-07-1988'),
('WI44', 'Britney Cooper', 'Right-handed', 'Right-arm medium', 'Female', '24-02-1988'),
('WI45', 'Chinelle Henry', 'Right-handed', 'Right-arm medium-fast', 'Female', '10-03-1992'),
('WI46', 'Kycia Knight', 'Right-handed', NULL, 'Female', '23-04-1991'),
('WI47', 'Reniece Boyce', 'Right-handed', NULL, 'Female', '02-04-1997'),
('WI48', 'Karishma Ramharack', 'Right-handed', 'Leg break', 'Female', '12-09-1997'),
('WI49', 'Stacy-Ann King', 'Right-handed', 'Right-arm medium', 'Female', '09-10-1988'),
('WI50', 'Kyshona Knight', 'Left-handed', 'Right-arm medium', 'Female', '25-09-1992'),
('WI51', 'Cherry-Ann Fraser', 'Right-handed', 'Right-arm medium', 'Female', '20-01-1995'),
('WI52', 'Shawnisha Hector', 'Right-handed', 'Right-arm medium', 'Female', '14-08-1998'),
('WI53', 'Rashada Williams', 'Right-handed', 'Right-arm medium', 'Female', '24-02-1993'),
('WI54', 'Qiana Joseph', 'Right-handed', 'Left-arm fast-medium', 'Female', '01-05-2000'),
('WI55', 'Shabika Gajnabi', 'Right-handed', 'Right-arm medium-fast', 'Female', '15-02-1997'),
('WI56', 'Chinelle Henry', 'Right-handed', 'Right-arm medium-fast', 'Female', '10-03-1992'),
('WI57', 'Aaliyah Alleyne', 'Left-handed', 'Right-arm medium', 'Female', '06-02-2000'),
('WI58', 'Caneisha Isaac', 'Right-handed', 'Right-arm medium', 'Female', '20-10-1997'),
('WI59', 'Hayley Matthews', 'Right-handed', 'Right-arm off break', 'Female', '27-07-1998'),
('WI60', 'Sheneta Grimmond', 'Right-handed', 'Right-arm medium-fast', 'Female', '29-07-1997'),

('SA1', 'AB de Villiers', 'Right-handed', 'Right-arm medium', 'Male', '17-02-1984'),
('SA2', 'Hashim Amla', 'Right-handed', NULL, 'Male', '31-03-1983'),
('SA3', 'Kagiso Rabada', 'Left-handed', 'Right-arm fast', 'Male', '25-05-1995'),
('SA4', 'Quinton de Kock', 'Left-handed', NULL, 'Male', '17-12-1992'),
('SA5', 'Faf du Plessis', 'Right-handed', 'Right-arm leg break', 'Male', '13-07-1984'),
('SA6', 'Dale Steyn', 'Right-handed', 'Right-arm fast', 'Male', '27-06-1983'),
('SA7', 'Imran Tahir', 'Right-handed', 'Right-arm leg break', 'Male', '27-03-1979'),
('SA8', 'Vernon Philander', 'Left-handed', 'Right-arm fast-medium', 'Male', '24-06-1985'),
('SA9', 'Morne Morkel', 'Left-handed', 'Right-arm fast', 'Male', '06-10-1984'),
('SA10', 'JP Duminy', 'Left-handed', 'Right-arm off break', 'Male', '14-04-1984'),
('SA11', 'David Miller', 'Left-handed', NULL, 'Male', '10-06-1989'),
('SA12', 'Vinay kumar', 'Right-handed', NULL, 'Male', '25-06-1998'),
('SA13', 'Anil kanjour', 'Right-handed', NULL, 'Male', '25-06-1998'),
('SA14', 'Aiden Markram', 'Right-handed', 'Right-arm off break', 'Male', '04-10-1994'),
('SA15', 'Tabraiz Shamsi', 'Right-handed', 'Left-arm chinaman', 'Male', '18-02-1990'),
('SA16', 'Andile Phehlukwayo', 'Left-handed', 'Right-arm medium-fast', 'Male', '03-03-1996'),
('SA17', 'Temba Bavuma', 'Right-handed', 'Right-arm medium', 'Male', '17-05-1990'),
('SA18', 'Keshav Maharaj', 'Right-handed', 'Slow left-arm orthodox', 'Male', '07-02-1990'),
('SA19', 'Lungi Ngidi', 'Left-handed', 'Right-arm fast', 'Male', '29-03-1996'),
('SA20', 'Heinrich Klaasen', 'Right-handed', NULL, 'Male', '30-07-1991'),
('SA21', 'Anrich Nortje', 'Right-handed', 'Right-arm fast', 'Male', '16-11-1993'),
('SA22', 'Dwaine Pretorius', 'Right-handed', 'Right-arm medium-fast', 'Male', '29-03-1989'),
('SA23', 'Kyle Abbott', 'Right-handed', 'Right-arm fast-medium', 'Male', '18-06-1987'),
('SA24', 'Dane Paterson', 'Right-handed', 'Right-arm fast-medium', 'Male', '03-04-1989'),
('SA25', 'Chris Morris', 'Right-handed', 'Right-arm fast-medium', 'Male', '30-04-1987'),
('SA26', 'Daryn Dupavillon', 'Right-handed', 'Right-arm fast', 'Male', '06-11-1993'),
('SA27', 'Sisanda Magala', 'Right-handed', 'Right-arm fast-medium', 'Male', '08-12-1991'),
('SA28', 'George Linde', 'Left-handed', 'Slow left-arm orthodox', 'Male', '05-07-1991'),
('SA29', 'Rassie van der Dussen', 'Right-handed', NULL, 'Male', '07-02-1989'),
('SA30', 'Ryan Rickelton', 'Right-handed', NULL, 'Male', '03-07-1996'),
('SA31', 'Wiaan Mulder', 'Right-handed', 'Right-arm medium-fast', 'Male', '19-02-1998'),
('SA32', 'Lutho Sipamla', 'Right-handed', 'Right-arm fast', 'Male', '12-05-1998'),
('SA33', 'Beuran Hendricks', 'Right-handed', 'Left-arm fast-medium', 'Male', '08-06-1990'),
('SA34', 'Thala for reason', 'Right-handed', 'Right-arm fast', 'Male', '12-05-1998'),
('SA35', 'Lizaad Williams', 'Right-handed', 'Right-arm fast-medium', 'Male', '13-11-1993'),
('SA36', 'Glenton Stuurman', 'Right-handed', 'Right-arm medium-fast', 'Male', '25-09-1992'),
('SA37', 'Zubayr Hamza', 'Right-handed', NULL, 'Male', '20-06-1995'),
('SA38', 'Rudi Second', 'Right-handed', NULL, 'Male', '11-05-1990'),
('SA39', 'Raynard van Tonder', 'Left-handed', NULL, 'Male', '04-08-1998'),
('SA40', 'Keegan Petersen', 'Right-handed', NULL, 'Male', '05-11-1993'),
('SA41', 'Mignon du Preez', 'Right-handed', NULL, 'Female', '13-11-1989'),
('SA42', 'Marizanne Kapp', 'Right-handed', 'Right-arm medium', 'Female', '03-01-1990'),
('SA43', 'Dane van Niekerk', 'Right-handed', 'Leg break', 'Female', '14-05-1993'),
('SA44', 'Chloe Tryon', 'Right-handed', 'Right-arm medium-fast', 'Female', '25-01-1994'),
('SA45', 'Lizelle Lee', 'Right-handed', NULL, 'Female', '02-03-1992'),
('SA46', 'Shabnim Ismail', 'Right-handed', 'Right-arm fast', 'Female', '05-01-1988'),
('SA47', 'Sune Luus', 'Right-handed', 'Leg break', 'Female', '09-01-1996'),
('SA48', 'Ayabonga Khaka', 'Right-handed', 'Right-arm medium-fast', 'Female', '05-11-1992'),
('SA49', 'Laura Wolvaardt', 'Right-handed', NULL, 'Female', '05-04-1999'),
('SA50', 'Trisha Chetty', 'Right-handed', NULL, 'Female', '26-06-1988'),
('SA51', 'Andrie Steyn', 'Right-handed', NULL, 'Female', '30-11-1994'),
('SA52', 'Masabata Klaas', 'Right-handed', 'Right-arm medium-fast', 'Female', '09-11-1991'),
('SA53', 'Lara Goodall', 'Right-handed', NULL, 'Female', '19-11-1994'),
('SA54', 'Tazmin Brits', 'Right-handed', NULL, 'Female', '14-11-1998'),
('SA55', 'Nonkululeko Mlaba', 'Right-handed', 'Slow left-arm orthodox', 'Female', '09-01-2001'),
('SA56', 'Nadine de Klerk', 'Right-handed', 'Right-arm medium-fast', 'Female', '23-08-1999'),
('SA57', 'Sinalo Jafta', 'Right-handed', NULL, 'Female', '01-01-1997'),
('SA58', 'Nondumiso Shangase', 'Right-handed', 'Right-arm off break', 'Female', '24-10-1997'),
('SA59', 'Anneke Bosch', 'Right-handed', 'Right-arm medium', 'Female', '08-12-1998'),
('SA60', 'Faye Tunnicliffe', 'Right-handed', NULL, 'Female', '18-05-2000'),

('BAN1', 'Shakib Al Hasan', 'Left-handed', 'Slow left-arm orthodox', 'Male', '24-03-1987'),
('BAN2', 'Tamim Iqbal', 'Left-handed', 'Right-arm medium-fast', 'Male', '20-03-1989'),
('BAN3', 'Mushfiqur Rahim', 'Right-handed', 'Wicket-keeper', 'Male', '09-06-1987'),
('BAN4', 'Mashrafe Mortaza', 'Right-handed', 'Right-arm fast-medium', 'Male', '05-10-1983'),
('BAN5', 'Mahmudullah', 'Right-handed', 'Right-arm off break', 'Male', '04-02-1986'),
('BAN6', 'Mustafizur Rahman', 'Left-handed', 'Left-arm fast-medium', 'Male', '06-09-1995'),
('BAN7', 'Mohammad Ashraful', 'Right-handed', 'Right-arm leg break', 'Male', '07-07-1984'),
('BAN8', 'Soumya Sarkar', 'Left-handed', 'Right-arm medium', 'Male', '25-02-1993'),
('BAN9', 'Imrul Kayes', 'Left-handed', 'Right-arm medium', 'Male', '02-02-1986'),
('BAN10', 'Mehidy Hasan Miraz', 'Right-handed', 'Right-arm off break', 'Male', '25-10-1997'),
('BAN11', 'Taskin Ahmed', 'Right-handed', 'Right-arm fast', 'Male', '03-04-1995'),
('BAN12', 'Mosaddek Hossain', 'Right-handed', 'Right-arm off break', 'Male', '10-12-1995'),
('BAN13', 'Rubel Hossain', 'Right-handed', 'Right-arm fast', 'Male', '01-01-1990'),
('BAN14', 'Liton Das', 'Right-handed', 'Wicket-keeper', 'Male', '13-10-1994'),
('BAN15', 'Shafiul Islam', 'Right-handed', 'Right-arm fast-medium', 'Male', '06-06-1989'),
('BAN16', 'Abu Jayed', 'Left-handed', 'Left-arm fast-medium', 'Male', '02-09-1993'),
('BAN17', 'Nazmul Hossain Shanto', 'Left-handed', 'Right-arm off break', 'Male', '25-05-1999'),
('BAN18', 'Najmul Hossain Shanto', 'Left-handed', 'Right-arm off break', 'Male', '25-05-1999'),
('BAN19', 'Mominul Haque', 'Left-handed', 'Right-arm off break', 'Male', '29-09-1991'),
('BAN20', 'Taijul Islam', 'Left-handed', 'Slow left-arm orthodox', 'Male', '07-02-1992'),
('BAN21', 'Naeem Islam', 'Right-handed', 'Right-arm off break', 'Male', '31-12-1986'),
('BAN22', 'Abdur Razzak', 'Left-handed', 'Slow left-arm orthodox', 'Male', '15-06-1982'),
('BAN23', 'Shahadat Hossain', 'Right-handed', 'Right-arm fast-medium', 'Male', '07-07-1986'),
('BAN24', 'Junaid Siddique', 'Left-handed', 'Right-arm medium', 'Male', '30-10-1989'),
('BAN25', 'Enamul Haque jnr', 'Left-handed', 'Slow left-arm orthodox', 'Male', '27-12-1986'),
('BAN26', 'Sohag Gazi', 'Right-handed', 'Right-arm off break', 'Male', '05-08-1991'),
('BAN27', 'Mominul Haque', 'Left-handed', 'Right-arm off break', 'Male', '29-09-1991'),
('BAN28', 'Naeem Islam', 'Right-handed', 'Right-arm off break', 'Male', '31-12-1986'),
('BAN29', 'Abdur Razzak', 'Left-handed', 'Slow left-arm orthodox', 'Male', '15-06-1982'),
('BAN30', 'Shahadat Hossain', 'Right-handed', 'Right-arm fast-medium', 'Male', '07-07-1986'),
('BAN31', 'Salma Khatun', 'Right-handed', 'Right-arm off break', 'Female', '01-02-1990'),
('BAN32', 'Rumana Ahmed', 'Right-handed', 'Right-arm off break', 'Female', '01-06-1991'),
('BAN33', 'Nigar Sultana', 'Right-handed', 'Wicket-keeper', 'Female', '27-05-1994'),
('BAN34', 'Fargana Hoque', 'Right-handed', 'Right-arm off break', 'Female', '05-11-1994'),
('BAN35', 'Panna Ghosh', 'Right-handed', 'Right-arm medium', 'Female', '15-12-1990'),
('BAN36', 'Jahanara Alam', 'Right-handed', 'Right-arm medium-fast', 'Female', '12-01-1993'),
('BAN37', 'Ayasha Rahman', 'Right-handed', 'Right-arm off break', 'Female', '02-12-1993'),
('BAN38', 'Shamima Sultana', 'Right-handed', 'Wicket-keeper', 'Female', '02-11-2000'),
('BAN39', 'Sharmin Supta', 'Right-handed', 'Right-arm off break', 'Female', '15-03-1991'),
('BAN40', 'Nahida Akter', 'Right-handed', 'Right-arm off break', 'Female', '01-01-1993'),
('BAN41', 'Fahima Khatun', 'Right-handed', 'Right-arm off break', 'Female', '01-06-1996'),
('BAN42', 'Sanjida Islam', 'Right-handed', 'Right-arm off break', 'Female', '01-01-1997'),
('BAN43', 'Lata Mondol', 'Right-handed', 'Right-arm off break', 'Female', '01-02-1992'),
('BAN44', 'Sukkur Roy', 'Right-handed', 'Right-arm off break', 'Female', '01-06-1995'),
('BAN45', 'Suraya Azmin', 'Right-handed', 'Right-arm off break', 'Female', '01-01-1999');



INSERT INTO Performance (Player_ID, Match_type, Debute_Year, Total_Runs, Batting_Average, Batting_Strike_rate, Fifties, Centuries, Bowling_Average, Bowling_Strike_rate, Total_Wickets, FIVE_WI, Catches, Runouts, Stumping)
VALUES
('ENG1', 'ODI', '2010-01-01', 8500, 50.25, 95.30, 45, 22, 35.20, 42.5, 120, 4, 60, 15, 10),
('ENG1', 'TEST', '2012-01-01', 9000, 45.60, 60.20, 35, 18, 26.10, 42.3, 240, 10, 70, 20, 10),
('ENG1', 'T20I', '2011-01-01', 2200, 35.40, 140.50, 15, 5, 42.80, 22.5, 45, 1, 25, 5, 2),

('ENG2', 'ODI', '2011-02-15', 6200, 48.60, 89.20, 35, 15, 40.10, 48.2, 90, 2, 40, 10, 5),
('ENG2', 'TEST', '2013-03-04', 7200, 48.20, 65.80, 25, 12, 30.10, 48.6, 190, 6, 60, 15, 5),
('ENG2', 'T20I', '2012-02-15', 1800, 28.50, 130.20, 10, 2, 35.80, 22.6, 35, 0, 20, 3, 1),

('ENG3', 'ODI', '2017-04-20', 3500, 40.40, 92.10, 18, 8, 28.50, 37.5, 90, 2, 45, 15, 3),
('ENG3', 'TEST', '2019-07-20', 1200, 26.80, 70.60, 5, 0, 25.30, 50.2, 65, 1, 20, 3, 0),
('ENG3', 'T20I', '2018-06-20', 800, 21.40, 140.20, 2, 0, 28.80, 18.5, 30, 0, 10, 1, 0),

('ENG4', 'ODI', '2002-06-28', 1000, 15.20, 60.30, 1, 0, 28.10, 52.6, 310, 10, 90, 30, 5),
('ENG4', 'TEST', '2003-05-22', 5700, 19.80, 58.60, 12, 1, 22.40, 45.2, 640, 30, 160, 50, 15),
('ENG4', 'T20I', '2005-09-05', 100, 10.00, 100.00, 0, 0, 0.00, 0.0, 0, 0, 0, 0, 0),

('ENG5', 'ODI', '2006-08-30', 4600, 30.80, 80.50, 25, 6, 32.40, 48.9, 75, 1, 30, 8, 2),
('ENG5', 'TEST', '2007-12-01', 3900, 25.30, 55.60, 20, 3, 30.20, 52.3, 115, 4, 45, 10, 2),
('ENG5', 'T20I', '2007-10-15', 900, 18.20, 125.40, 2, 0, 20.80, 18.6, 15, 0, 10, 2, 0),

('ENG6', 'ODI', '2011-09-05', 5800, 38.60, 90.20, 28, 10, 35.60, 49.2, 80, 2, 40, 12, 3),
('ENG6', 'TEST', '2012-05-26', 4700, 34.10, 60.70, 22, 6, 27.80, 52.5, 55, 1, 30, 5, 1),
('ENG6', 'T20I', '2011-10-29', 1500, 22.00, 125.80, 4, 0, 30.40, 20.3, 20, 0, 15, 4, 0),

('ENG7', 'ODI', '2012-08-31', 7200, 43.20, 105.80, 40, 15, 0.00, 0.0, 0, 0, 50, 15, 5),
('ENG7', 'TEST', '2013-07-21', 5800, 39.40, 65.20, 30, 8, 0.00, 0.0, 0, 0, 60, 20, 10),
('ENG7', 'T20I', '2011-09-28', 2800, 32.80, 140.60, 10, 2, 0.00, 0.0, 0, 0, 25, 8, 2),

('ENG8', 'ODI', '2012-01-20', 4200, 30.20, 85.60, 18, 4, 32.50, 50.2, 60, 1, 25, 8, 2),
('ENG8', 'TEST', '2013-08-21', 2900, 25.80, 55.40, 15, 2, 30.60, 52.6, 75, 2, 35, 10, 3),
('ENG8', 'T20I', '2011-07-25', 1000, 20.00, 130.00, 2, 0, 25.80, 22.3, 20, 0, 10, 3, 0),

('ENG9', 'ODI', '2014-03-18', 3400, 31.20, 88.50, 22, 5, 35.80, 48.6, 55, 0, 20, 5, 1),
('ENG9', 'TEST', '2015-04-02', 2400, 22.80, 60.40, 10, 0, 32.40, 52.3, 45, 0, 15, 4, 0),
('ENG9', 'T20I', '2014-06-20', 900, 18.00, 120.50, 3, 0, 25.20, 18.9, 10, 0, 5, 1, 0),

('ENG10', 'ODI', '2015-09-10', 2600, 26.50, 90.10, 15, 3, 40.20, 52.6, 40, 0, 15, 3, 1),
('ENG10', 'TEST', '2016-07-19', 1800, 20.00, 55.30, 8, 0, 35.40, 48.2, 25, 0, 10, 2, 0),
('ENG10', 'T20I', '2015-11-30', 700, 14.00, 120.60, 1, 0, 22.30, 19.5, 5, 0, 5, 0, 0),

('ENG11', 'ODI', '2015-09-10', 2600, 26.50, 90.10, 15, 3, 40.20, 52.6, 40, 0, 15, 3, 1),
('ENG11', 'TEST', '2016-07-19', 1800, 20.00, 55.30, 8, 0, 35.40, 48.2, 25, 0, 10, 2, 0),
('ENG11', 'T20I', '2015-11-30', 700, 14.00, 120.60, 1, 0, 22.30, 19.5, 5, 0, 5, 0, 0),

('ENG12', 'ODI', '2017-09-12', 2100, 32.40, 105.80, 10, 4, 35.80, 47.6, 20, 0, 8, 2, 1),
('ENG12', 'TEST', '2018-06-07', 1700, 25.30, 70.50, 8, 2, 28.60, 52.3, 30, 0, 10, 3, 0),
('ENG12', 'T20I', '2017-07-03', 800, 20.00, 140.20, 2, 0, 25.30, 18.6, 15, 0, 5, 1, 0),

('ENG13', 'ODI', '2006-08-28', 9000, 40.60, 90.20, 50, 15, 35.20, 48.2, 50, 0, 40, 10, 5),
('ENG13', 'TEST', '2009-05-01', 6700, 37.80, 60.20, 40, 10, 30.60, 52.6, 40, 0, 30, 10, 2),
('ENG13', 'T20I', '2007-06-05', 3200, 33.40, 130.20, 20, 6, 28.20, 22.6, 25, 0, 20, 5, 0),

('ENG14', 'ODI', '2014-08-25', 5800, 35.20, 98.50, 28, 10, 32.50, 48.2, 20, 0, 10, 3, 0),
('ENG14', 'TEST', '2015-07-14', 4700, 30.80, 65.50, 22, 6, 27.80, 52.5, 15, 0, 5, 1, 0),
('ENG14', 'T20I', '2014-09-07', 2200, 28.60, 120.60, 8, 1, 22.30, 19.5, 10, 0, 5, 0, 0),

('ENG15', 'ODI', '2009-05-01', 4200, 28.60, 85.20, 20, 4, 32.10, 50.6, 60, 2, 35, 10, 2),
('ENG15', 'TEST', '2010-08-12', 3400, 23.40, 55.20, 15, 1, 28.50, 52.3, 45, 1, 25, 5, 1),
('ENG15', 'T20I', '2008-06-22', 1400, 18.60, 130.20, 5, 0, 20.40, 18.6, 15, 0, 10, 2, 0),

('ENG16', 'ODI', '2019-02-05', 1800, 26.20, 95.10, 12, 2, 32.80, 48.2, 20, 0, 10, 2, 1),
('ENG16', 'TEST', '2020-04-20', 1500, 21.80, 60.50, 8, 0, 28.60, 52.5, 15, 0, 5, 1, 0),
('ENG16', 'T20I', '2019-07-25', 900, 17.00, 120.60, 2, 0, 22.10, 19.5, 10, 0, 5, 0, 0),

('ENG17', 'ODI', '2016-11-02', 1500, 22.80, 85.20, 8, 0, 30.20, 50.6, 20, 0, 10, 3, 0),
('ENG17', 'TEST', '2017-12-07', 1200, 19.60, 55.20, 5, 0, 28.50, 52.3, 15, 0, 5, 2, 0),
('ENG17', 'T20I', '2016-12-03', 700, 14.60, 130.20, 2, 0, 22.40, 18.6, 5, 0, 3, 0, 0),

('ENG18', 'ODI', '2011-06-23', 6700, 38.20, 95.80, 40, 12, 35.20, 48.2, 10, 0, 5, 1, 0),
('ENG18', 'TEST', '2012-08-31', 5500, 32.80, 70.20, 30, 6, 30.20, 52.5, 5, 0, 3, 1, 0),
('ENG18', 'T20I', '2011-09-18', 2800, 30.40, 140.20, 15, 2, 22.50, 19.5, 8, 0, 5, 1, 0),

('ENG19', 'ODI', '2016-03-18', 3200, 30.20, 90.50, 18, 3, 32.80, 48.2, 10, 0, 5, 2, 0),
('ENG19', 'TEST', '2017-11-15', 2800, 26.80, 65.20, 15, 1, 28.80, 52.3, 5, 0, 3, 1, 0),
('ENG19', 'T20I', '2016-05-20', 1800, 24.60, 120.20, 10, 0, 20.40, 18.6, 5, 0, 3, 0, 0),

('ENG20', 'ODI', '2017-06-23', 1800, 28.20, 80.50, 12, 2, 32.50, 48.2, 15, 0, 8, 1, 0),
('ENG20', 'TEST', '2018-08-10', 1400, 21.80, 60.40, 8, 0, 28.60, 52.5, 10, 0, 5, 1, 0),
('ENG20', 'T20I', '2017-10-15', 1000, 18.00, 120.20, 4, 0, 22.40, 19.5, 5, 0, 3, 0, 0),

('ENG21', 'ODI', '2017-03-15', 1200, 18.50, 70.20, 5, 0, 28.60, 52.5, 30, 0, 15, 3, 0),
('ENG21', 'TEST', '2018-05-28', 900, 12.80, 45.60, 2, 0, 25.80, 52.3, 15, 0, 10, 1, 0),
('ENG21', 'T20I', '2016-06-20', 600, 15.20, 120.20, 1, 0, 22.30, 19.5, 5, 0, 3, 0, 0),

('ENG22', 'ODI', '2015-09-01', 3400, 38.20, 85.80, 22, 5, 35.20, 48.2, 15, 0, 8, 2, 0),
('ENG22', 'TEST', '2016-10-29', 2800, 32.80, 70.20, 15, 3, 30.20, 52.5, 10, 0, 5, 1, 0),
('ENG22', 'T20I', '2015-08-26', 1500, 28.60, 130.20, 10, 1, 22.50, 19.5, 8, 0, 5, 0, 0),

('ENG23', 'ODI', '2017-02-25', 900, 15.20, 80.50, 2, 0, 32.50, 48.2, 15, 0, 10, 2, 0),
('ENG23', 'TEST', '2018-11-15', 800, 14.60, 65.20, 2, 0, 28.50, 52.3, 10, 0, 5, 1, 0),
('ENG23', 'T20I', '2017-07-01', 400, 12.80, 130.20, 1, 0, 22.40, 18.6, 5, 0, 3, 0, 0),

('ENG24', 'ODI', '2018-06-02', 800, 14.50, 90.50, 2, 0, 32.80, 48.2, 5, 0, 3, 1, 0),
('ENG24', 'TEST', '2019-07-24', 700, 12.80, 60.40, 1, 0, 28.60, 52.5, 5, 0, 3, 0, 0),
('ENG24', 'T20I', '2018-09-07', 400, 11.20, 120.20, 0, 0, 22.40, 19.5, 5, 0, 3, 0, 0),

('ENG25', 'ODI', '2019-01-05', 700, 14.80, 95.50, 1, 0, 32.80, 48.2, 5, 0, 3, 1, 0),
('ENG25', 'TEST', '2020-08-01', 500, 10.60, 70.40, 0, 0, 28.60, 52.5, 5, 0, 3, 0, 0),
('ENG25', 'T20I', '2019-07-20', 300, 8.40, 130.20, 0, 0, 22.40, 18.6, 3, 0, 2, 0, 0),

('ENG26', 'ODI', '2012-06-21', 6700, 38.20, 95.80, 40, 12, 35.20, 48.2, 10, 0, 5, 1, 0),
('ENG26', 'TEST', '2013-09-21', 5500, 32.80, 70.20, 30, 6, 30.20, 52.5, 5, 0, 3, 1, 0),
('ENG26', 'T20I', '2012-08-15', 2800, 30.40, 140.20, 15, 2, 22.50, 19.5, 8, 0, 5, 1, 0),

('ENG27', 'ODI', '2020-09-15', 300, 7.60, 80.50, 0, 0, 32.50, 48.2, 0, 0, 0, 0, 0),
('ENG27', 'TEST', '2021-01-03', 200, 4.20, 65.20, 0, 0, 28.50, 52.3, 0, 0, 0, 0, 0),
('ENG27', 'T20I', '2020-12-04', 100, 2.80, 130.20, 0, 0, 22.40, 18.6, 0, 0, 0, 0, 0),

('ENG28', 'ODI', '2019-05-25', 800, 16.20, 85.50, 1, 0, 32.80, 48.2, 5, 0, 3, 0, 0),
('ENG28', 'TEST', '2020-08-12', 600, 12.60, 60.40, 0, 0, 28.60, 52.5, 3, 0, 2, 0, 0),
('ENG28', 'T20I', '2019-07-30', 300, 9.20, 120.20, 0, 0, 22.40, 19.5, 2, 0, 1, 0, 0),

('ENG29', 'ODI', '2018-11-09', 400, 12.20, 70.50, 0, 0, 32.50, 48.2, 3, 0, 2, 0, 0),
('ENG29', 'TEST', '2019-12-20', 300, 8.60, 55.20, 0, 0, 28.50, 52.3, 2, 0, 1, 0, 0),
('ENG29', 'T20I', '2018-12-21', 200, 6.20, 130.20, 0, 0, 22.40, 18.6, 1, 0, 1, 0, 0),

('ENG30', 'ODI', '2019-11-05', 200, 6.80, 80.50, 0, 0, 32.50, 48.2, 1, 0, 1, 0, 0),
('ENG30', 'TEST', '2020-12-19', 100, 3.60, 65.20, 0, 0, 28.50, 52.3, 1, 0, 1, 0, 0),
('ENG30', 'T20I', '2020-09-20', 50, 2.20, 120.20, 0, 0, 22.40, 19.5, 0, 0, 0, 0, 0),

('ENG31', 'ODI', '2009-09-05', 4800, 33.20, 88.50, 20, 4, 40.20, 52.2, 10, 0, 5, 1, 0),
('ENG31', 'TEST', '2018-01-24', 2400, 27.80, 65.20, 10, 0, 30.20, 52.3, 5, 0, 3, 0, 0),
('ENG31', 'T20I', '2019-02-10', 1500, 19.20, 120.20, 5, 0, 22.40, 19.5, 8, 0, 5, 1, 0),

('ENG32', 'ODI', '2014-05-01', 2400, 28.20, 85.50, 10, 2, 35.20, 48.2, 5, 0, 3, 1, 0),
('ENG32', 'TEST', '2018-09-15', 1400, 18.80, 60.40, 5, 0, 28.60, 52.5, 5, 0, 3, 0, 0),
('ENG32', 'T20I', '2015-07-08', 900, 15.40, 130.20, 2, 0, 22.40, 18.6, 5, 0, 3, 0, 0),

('ENG33', 'ODI', '2019-09-25', 900, 16.20, 80.50, 2, 0, 32.50, 48.2, 15, 0, 8, 2, 0),
('ENG33', 'TEST', '2021-07-29', 600, 11.80, 65.20, 1, 0, 28.50, 52.3, 10, 0, 5, 1, 0),
('ENG33', 'T20I', '2019-11-05', 300, 8.20, 120.20, 0, 0, 22.40, 19.5, 5, 0, 3, 0, 0),

('ENG34', 'ODI', '2019-11-22', 700, 12.80, 90.50, 1, 0, 32.80, 48.2, 5, 0, 3, 1, 0),
('ENG34', 'TEST', '2021-01-29', 500, 9.60, 70.40, 0, 0, 28.60, 52.5, 5, 0, 3, 0, 0),
('ENG34', 'T20I', '2020-12-04', 200, 6.80, 130.20, 0, 0, 22.40, 18.6, 5, 0, 3, 0, 0),

('ENG35', 'ODI', '2020-03-25', 500, 9.80, 95.50, 0, 0, 32.80, 48.2, 5, 0, 3, 1, 0),
('ENG35', 'TEST', '2021-08-12', 300, 7.60, 70.40, 0, 0, 28.60, 52.5, 5, 0, 3, 0, 0),
('ENG35', 'T20I', '2020-11-22', 100, 4.20, 130.20, 0, 0, 22.40, 18.6, 3, 0, 2, 0, 0),

('ENG36', 'ODI', '2010-09-12', 5800, 41.20, 80.50, 30, 8, 35.50, 48.2, 20, 0, 10, 3, 0),
('ENG36', 'TEST', '2014-02-01', 4200, 36.80, 65.20, 25, 4, 30.20, 52.3, 15, 0, 8, 1, 0),
('ENG36', 'T20I', '2011-06-08', 2600, 28.40, 120.20, 10, 1, 22.40, 19.5, 8, 0, 5, 1, 0),

('ENG37', 'ODI', '2013-03-18', 4300, 33.40, 85.50, 20, 5, 35.20, 48.2, 10, 0, 5, 1, 0),
('ENG37', 'TEST', '2014-07-05', 3200, 28.80, 70.40, 15, 3, 30.20, 52.5, 5, 0, 3, 1, 0),
('ENG37', 'T20I', '2013-09-10', 1900, 24.60, 130.20, 8, 1, 22.50, 19.5, 10, 0, 5, 1, 0),

('ENG38', 'ODI', '2008-05-21', 5700, 48.20, 95.80, 40, 12, 35.20, 48.2, 10, 0, 5, 1, 0),
('ENG38', 'TEST', '2009-12-11', 4300, 42.80, 70.20, 35, 8, 30.20, 52.3, 15, 0, 8, 1, 0),
('ENG38', 'T20I', '2008-09-03', 2800, 38.40, 140.20, 20, 3, 22.50, 19.5, 8, 0, 5, 1, 0),

('ENG39', 'ODI', '2013-07-08', 3300, 30.20, 85.50, 18, 3, 35.20, 48.2, 10, 0, 5, 1, 0),
('ENG39', 'TEST', '2014-06-12', 2500, 25.80, 70.40, 12, 2, 30.20, 52.5, 5, 0, 3, 1, 0),
('ENG39', 'T20I', '2013-10-05', 1400, 20.40, 130.20, 5, 1, 22.50, 19.5, 8, 0, 5, 1, 0),

('ENG40', 'ODI', '2006-08-18', 6700, 52.20, 80.50, 50, 15, 35.20, 48.2, 20, 0, 10, 3, 0),
('ENG40', 'TEST', '2007-11-23', 5200, 47.80, 65.20, 40, 10, 30.20, 52.3, 15, 0, 8, 1, 0),
('ENG40', 'T20I', '2006-12-04', 3300, 42.80, 120.20, 25, 5, 22.40, 19.5, 8, 0, 5, 1, 0),

('ENG41', 'ODI', '2012-03-01', 1200, 26.80, 75.50, 4, 0, 32.50, 48.2, 20, 0, 15, 2, 0),
('ENG41', 'TEST', '2014-08-11', 800, 22.60, 55.20, 3, 0, 28.50, 52.3, 12, 0, 8, 1, 0),
('ENG41', 'T20I', '2010-09-13', 600, 18.20, 120.20, 2, 0, 22.40, 19.5, 10, 0, 5, 0, 0),

('ENG42', 'ODI', '2013-08-01', 2200, 36.20, 85.50, 8, 1, 35.20, 48.2, 25, 0, 20, 4, 0),
('ENG42', 'TEST', '2014-06-27', 1600, 32.80, 70.40, 6, 0, 30.20, 52.5, 18, 0, 15, 3, 0),
('ENG42', 'T20I', '2013-09-05', 1000, 28.40, 130.20, 4, 0, 22.40, 19.5, 12, 0, 10, 2, 0),

('ENG43', 'ODI', '2014-06-23', 1800, 31.20, 80.50, 6, 0, 32.50, 48.2, 15, 0, 10, 2, 0),
('ENG43', 'TEST', '2016-08-11', 1200, 28.80, 65.20, 4, 0, 28.50, 52.3, 12, 0, 8, 1, 0),
('ENG43', 'T20I', '2015-02-16', 800, 25.40, 120.20, 3, 0, 22.40, 19.5, 10, 0, 5, 1, 0),

('ENG44', 'ODI', '2017-05-18', 900, 20.80, 85.50, 3, 0, 32.50, 48.2, 25, 0, 20, 4, 0),
('ENG44', 'TEST', '2018-07-27', 600, 18.60, 70.40, 2, 0, 28.50, 52.3, 18, 0, 15, 3, 0),
('ENG44', 'T20I', '2016-10-04', 400, 15.40, 130.20, 1, 0, 22.40, 19.5, 12, 0, 10, 2, 0),

('ENG45', 'ODI', '2010-09-05', 2800, 45.20, 90.50, 10, 2, 35.20, 48.2, 15, 0, 10, 2, 0),
('ENG45', 'TEST', '2011-08-17', 2000, 40.80, 75.40, 8, 1, 30.20, 52.3, 12, 0, 8, 1, 0),
('ENG45', 'T20I', '2010-06-05', 1400, 35.40, 130.20, 5, 0, 22.40, 19.5, 10, 0, 5, 1, 0),

('ENG46', 'ODI', '2012-07-21', 1600, 30.20, 85.50, 5, 0, 32.50, 48.2, 20, 0, 15, 2, 0),
('ENG46', 'TEST', '2014-08-03', 1000, 26.80, 70.40, 4, 0, 28.50, 52.3, 15, 0, 10, 1, 0),
('ENG46', 'T20I', '2013-09-14', 800, 25.40, 120.20, 3, 0, 22.40, 19.5, 12, 0, 8, 1, 0),

('ENG47', 'ODI', '2018-09-05', 1200, 28.20, 85.50, 4, 0, 32.50, 48.2, 20, 0, 15, 2, 0),
('ENG47', 'TEST', '2019-08-11', 800, 26.80, 70.40, 3, 0, 28.50, 52.3, 15, 0, 10, 1, 0),
('ENG47', 'T20I', '2018-02-05', 600, 24.40, 120.20, 2, 0, 22.40, 19.5, 12, 0, 8, 1, 0),

('ENG48', 'ODI', '2016-03-19', 1800, 35.20, 80.50, 6, 0, 32.50, 48.2, 15, 0, 10, 2, 0),
('ENG48', 'TEST', '2017-06-29', 1200, 32.80, 65.20, 4, 0, 28.50, 52.3, 12, 0, 8, 1, 0),
('ENG48', 'T20I', '2015-10-05', 800, 28.40, 130.20, 3, 0, 22.40, 19.5, 10, 0, 5, 1, 0),

('ENG49', 'ODI', '2019-08-21', 1400, 28.20, 85.50, 5, 0, 32.50, 48.2, 20, 0, 15, 2, 0),
('ENG49', 'TEST', '2020-06-27', 1000, 26.80, 70.40, 4, 0, 28.50, 52.3, 15, 0, 10, 1, 0),
('ENG49', 'T20I', '2019-02-15', 600, 24.40, 120.20, 2, 0, 22.40, 19.5, 12, 0, 8, 1, 0),

('ENG50', 'ODI', '2020-09-01', 900, 24.80, 80.50, 3, 0, 32.50, 48.2, 15, 0, 10, 2, 0),
('ENG50', 'TEST', '2021-06-08', 600, 22.60, 65.20, 2, 0, 28.50, 52.3, 12, 0, 8, 1, 0),
('ENG50', 'T20I', '2020-02-23', 400, 20.40, 130.20, 1, 0, 22.40, 19.5, 10, 0, 5, 1, 0),

('ENG51', 'ODI', '2021-07-15', 400, 20.80, 85.50, 1, 0, 32.50, 48.2, 15, 0, 10, 2, 0),
('ENG51', 'TEST', '2022-01-22', 300, 18.60, 70.40, 1, 0, 28.50, 52.3, 12, 0, 8, 1, 0),
('ENG51', 'T20I', '2021-08-20', 200, 15.40, 120.20, 0, 0, 22.40, 19.5, 10, 0, 5, 1, 0),

('ENG52', 'ODI', '2020-09-23', 700, 28.20, 80.50, 2, 0, 32.50, 48.2, 15, 0, 10, 2, 0),
('ENG52', 'TEST', '2021-06-10', 500, 25.60, 65.20, 1, 0, 28.50, 52.3, 12, 0, 8, 1, 0),
('ENG52', 'T20I', '2020-11-05', 300, 20.40, 130.20, 0, 0, 22.40, 19.5, 10, 0, 5, 1, 0),

('ENG53', 'ODI', '2021-05-18', 200, 18.20, 85.50, 0, 0, 32.50, 48.2, 15, 0, 10, 2, 0),
('ENG53', 'TEST', '2021-08-02', 150, 16.80, 70.40, 0, 0, 28.50, 52.3, 12, 0, 8, 1, 0),
('ENG53', 'T20I', '2021-06-23', 100, 14.40, 120.20, 0, 0, 22.40, 19.5, 10, 0, 5, 1, 0),

('ENG54', 'ODI', '2022-03-11', 300, 20.20, 80.50, 1, 0, 32.50, 48.2, 15, 0, 10, 2, 0),
('ENG54', 'TEST', '2022-01-06', 200, 18.60, 70.40, 1, 0, 28.50, 52.3, 12, 0, 8, 1, 0),
('ENG54', 'T20I', '2021-11-19', 100, 15.40, 130.20, 0, 0, 22.40, 19.5, 10, 0, 5, 1, 0),

('ENG55', 'ODI', '2021-12-30', 500, 25.20, 85.50, 2, 0, 32.50, 48.2, 15, 0, 10, 2, 0),
('ENG55', 'TEST', '2022-01-31', 400, 22.80, 70.40, 1, 0, 28.50, 52.3, 12, 0, 8, 1, 0),
('ENG55', 'T20I', '2022-03-15', 300, 20.40, 130.20, 0, 0, 22.40, 19.5, 10, 0, 5, 1, 0),

('BAN1', 'ODI', '2006-08-06', 7000, 36.24, 78.69, 50, 9, 31.24, 45.2, 260, 6, 80, 12, 0),
('BAN1', 'TEST', '2007-05-18', 4500, 39.60, 55.20, 30, 10, 34.50, 61.3, 200, 3, 50, 6, 0),
('BAN1', 'T20I', '2006-09-28', 1500, 25.40, 120.50, 5, 0, 28.40, 22.1, 60, 0, 20, 3, 0),

('BAN2', 'ODI', '2007-02-09', 8000, 34.78, 78.50, 45, 11, 40.50, 51.2, 150, 2, 40, 8, 0),
('BAN2', 'TEST', '2008-01-04', 5500, 38.20, 53.20, 25, 7, 32.50, 62.3, 150, 2, 30, 5, 0),
('BAN2', 'T20I', '2007-09-28', 1800, 28.40, 120.20, 6, 1, 26.40, 19.5, 40, 0, 15, 2, 0),

('BAN3', 'ODI', '2006-08-06', 7500, 32.50, 76.80, 35, 6, 0, 0, 0, 0, 0, 0, 0),
('BAN3', 'TEST', '2006-05-18', 5000, 35.60, 57.20, 20, 4, 0, 0, 0, 0, 0, 0, 0),
('BAN3', 'T20I', '2006-09-28', 2000, 28.40, 120.20, 10, 1, 0, 0, 0, 0, 0, 0, 0),

('BAN4', 'ODI', '2001-11-23', 4000, 28.90, 75.40, 15, 0, 28.50, 48.2, 120, 0, 20, 5, 0),
('BAN4', 'TEST', '2001-11-10', 2500, 30.20, 52.20, 10, 0, 30.50, 56.3, 70, 0, 15, 3, 0),
('BAN4', 'T20I', '2006-09-28', 800, 18.40, 130.20, 1, 0, 20.40, 18.5, 20, 0, 5, 1, 0),

('BAN5', 'ODI', '2007-06-20', 6000, 35.50, 78.40, 30, 4, 32.50, 51.2, 100, 1, 25, 8, 0),
('BAN5', 'TEST', '2007-11-17', 3500, 35.20, 53.20, 20, 2, 36.50, 62.3, 80, 0, 20, 5, 0),
('BAN5', 'T20I', '2007-09-28', 1200, 24.40, 120.20, 3, 0, 25.40, 19.5, 30, 0, 10, 2, 0),

('BAN6', 'ODI', '2015-06-18', 1500, 18.20, 85.50, 3, 0, 32.50, 48.2, 40, 0, 10, 2, 0),
('BAN6', 'TEST', '2016-07-17', 1000, 22.60, 70.40, 1, 0, 28.50, 52.3, 25, 0, 8, 1, 0),
('BAN6', 'T20I', '2015-09-18', 500, 20.40, 130.20, 0, 0, 22.40, 19.5, 15, 0, 5, 1, 0),

('BAN7', 'ODI', '2001-11-23', 4000, 30.90, 75.40, 20, 2, 28.50, 48.2, 80, 0, 15, 5, 0),
('BAN7', 'TEST', '2001-11-10', 2500, 28.20, 52.20, 10, 1, 30.50, 56.3, 60, 0, 10, 3, 0),
('BAN7', 'T20I', '2006-09-28', 800, 22.40, 130.20, 1, 0, 20.40, 18.5, 10, 0, 3, 1, 0),

('BAN8', 'ODI', '2010-08-06', 3000, 26.40, 78.69, 10, 0, 31.24, 45.2, 70, 1, 20, 2, 0),
('BAN8', 'TEST', '2011-05-18', 2000, 29.60, 55.20, 5, 0, 34.50, 61.3, 40, 0, 10, 1, 0),
('BAN8', 'T20I', '2010-09-28', 1000, 22.40, 120.50, 1, 0, 28.40, 22.1, 20, 0, 5, 1, 0),

('BAN9', 'ODI', '2006-08-06', 2000, 23.50, 76.80, 5, 0, 0, 0, 0, 0, 0, 0, 0),
('BAN9', 'TEST', '2006-05-18', 1500, 28.60, 57.20, 3, 0, 0, 0, 0, 0, 0, 0, 0),
('BAN9', 'T20I', '2006-09-28', 600, 20.40, 120.20, 1, 0, 0, 0, 0, 0, 0, 0, 0),

('BAN10', 'ODI', '2017-06-18', 1000, 21.20, 85.50, 2, 0, 32.50, 48.2, 20, 0, 10, 2, 0),
('BAN10', 'TEST', '2018-07-17', 600, 18.60, 70.40, 1, 0, 28.50, 52.3, 15, 0, 8, 1, 0),
('BAN10', 'T20I', '2017-09-18', 300, 15.40, 130.20, 0, 0, 22.40, 19.5, 10, 0, 5, 1, 0),

('BAN11', 'ODI', '2014-12-02', 1000, 23.50, 85.20, 2, 0, 32.40, 48.2, 30, 0, 10, 2, 0),
('BAN11', 'TEST', '2015-11-12', 600, 19.60, 70.20, 1, 0, 28.60, 52.3, 20, 0, 8, 1, 0),
('BAN11', 'T20I', '2014-01-12', 300, 15.40, 130.20, 0, 0, 22.40, 19.5, 10, 0, 5, 1, 0),

('BAN12', 'ODI', '2016-10-01', 1200, 25.20, 80.50, 3, 0, 30.40, 45.2, 40, 0, 15, 2, 0),
('BAN12', 'TEST', '2017-11-15', 800, 22.60, 65.20, 2, 0, 28.60, 56.3, 30, 0, 10, 1, 0),
('BAN12', 'T20I', '2015-12-31', 400, 18.40, 120.20, 1, 0, 20.40, 18.5, 15, 0, 5, 1, 0),

('BAN13', 'ODI', '2007-08-06', 3000, 32.50, 78.40, 10, 0, 32.50, 51.2, 70, 0, 20, 3, 0),
('BAN13', 'TEST', '2008-07-18', 2000, 28.40, 55.20, 5, 0, 34.50, 61.3, 40, 0, 10, 2, 0),
('BAN13', 'T20I', '2007-09-28', 1000, 22.40, 120.50, 1, 0, 28.40, 22.1, 20, 0, 5, 1, 0),

('BAN14', 'ODI', '2015-06-18', 1500, 28.20, 85.50, 5, 0, 32.50, 48.2, 40, 0, 10, 2, 0),
('BAN14', 'TEST', '2016-07-17', 1000, 25.60, 70.40, 2, 0, 28.60, 52.3, 30, 0, 8, 1, 0),
('BAN14', 'T20I', '2015-09-18', 500, 20.40, 130.20, 1, 0, 22.40, 19.5, 15, 0, 5, 1, 0),

('BAN15', 'ODI', '2006-08-06', 2000, 28.50, 76.80, 5, 0, 32.50, 48.2, 40, 0, 10, 2, 0),
('BAN15', 'TEST', '2006-05-18', 1500, 25.60, 57.20, 3, 0, 28.60, 52.3, 30, 0, 8, 1, 0),
('BAN15', 'T20I', '2006-09-28', 600, 22.40, 120.20, 1, 0, 22.40, 19.5, 15, 0, 5, 1, 0),

('BAN16', 'ODI', '2019-06-18', 400, 18.20, 85.50, 1, 0, 32.50, 48.2, 15, 0, 5, 1, 0),
('BAN16', 'TEST', '2020-07-17', 300, 15.60, 70.40, 1, 0, 28.60, 52.3, 10, 0, 8, 1, 0),
('BAN16', 'T20I', '2019-09-18', 200, 12.40, 130.20, 0, 0, 22.40, 19.5, 5, 0, 5, 0, 0),

('BAN17', 'ODI', '2020-08-06', 100, 8.50, 85.50, 0, 0, 32.50, 48.2, 5, 0, 2, 0, 0),
('BAN17', 'TEST', '2021-05-18', 100, 6.60, 70.40, 0, 0, 28.60, 52.3, 5, 0, 2, 0, 0),
('BAN17', 'T20I', '2020-09-18', 100, 10.40, 130.20, 0, 0, 22.40, 19.5, 5, 0, 2, 0, 0),

('BAN18', 'ODI', '2020-08-06', 200, 12.50, 85.50, 0, 0, 32.50, 48.2, 10, 0, 4, 1, 0),
('BAN18', 'TEST', '2021-05-18', 200, 14.20, 70.40, 0, 0, 28.60, 52.3, 10, 0, 4, 1, 0),
('BAN18', 'T20I', '2020-09-18', 200, 16.40, 130.20, 0, 0, 22.40, 19.5, 10, 0, 4, 1, 0),

('BAN19', 'ODI', '2013-08-06', 2000, 29.50, 78.40, 5, 0, 32.50, 51.2, 40, 0, 15, 3, 0),
('BAN19', 'TEST', '2013-05-18', 1500, 27.60, 57.20, 3, 0, 28.60, 52.3, 30, 0, 10, 2, 0),
('BAN19', 'T20I', '2013-09-28', 800, 25.40, 120.20, 2, 0, 22.40, 19.5, 20, 0, 8, 1, 0),

('BAN20', 'ODI', '2014-08-06', 1200, 26.50, 85.50, 3, 0, 32.50, 48.2, 35, 0, 10, 2, 0),
('BAN20', 'TEST', '2015-05-18', 800, 23.60, 57.20, 2, 0, 28.60, 52.3, 25, 0, 8, 1, 0),
('BAN20', 'T20I', '2014-09-28', 400, 20.40, 120.20, 1, 0, 22.40, 19.5, 15, 0, 5, 1, 0),

('BAN21', 'ODI', '2008-03-01', 1500, 28.50, 75.60, 3, 0, 32.50, 48.2, 40, 0, 10, 2, 0),
('BAN21', 'TEST', '2008-07-15', 1000, 26.60, 58.20, 2, 0, 28.60, 52.3, 30, 0, 8, 1, 0),
('BAN21', 'T20I', '2008-09-28', 500, 22.40, 120.20, 1, 0, 22.40, 19.5, 15, 0, 5, 1, 0),

('BAN22', 'ODI', '2004-01-05', 2000, 32.50, 80.60, 5, 0, 32.50, 51.2, 40, 0, 15, 3, 0),
('BAN22', 'TEST', '2005-07-18', 1500, 29.60, 60.20, 3, 0, 28.60, 52.3, 30, 0, 10, 2, 0),
('BAN22', 'T20I', '2006-09-15', 800, 25.40, 120.20, 2, 0, 22.40, 19.5, 20, 0, 8, 1, 0),

('BAN23', 'ODI', '2006-03-02', 1500, 29.50, 78.40, 5, 0, 32.50, 51.2, 40, 0, 15, 3, 0),
('BAN23', 'TEST', '2006-11-20', 1000, 26.60, 58.20, 2, 0, 28.60, 52.3, 30, 0, 8, 1, 0),
('BAN23', 'T20I', '2007-01-15', 500, 22.40, 120.20, 1, 0, 22.40, 19.5, 15, 0, 5, 1, 0),

('BAN24', 'ODI', '2008-08-20', 1200, 27.20, 75.50, 3, 0, 32.50, 48.2, 35, 0, 10, 2, 0),
('BAN24', 'TEST', '2009-02-02', 800, 24.60, 57.20, 2, 0, 28.60, 52.3, 25, 0, 8, 1, 0),
('BAN24', 'T20I', '2009-04-28', 400, 20.40, 120.20, 1, 0, 22.40, 19.5, 15, 0, 5, 1, 0),

('BAN25', 'ODI', '2003-05-02', 800, 24.20, 80.50, 2, 0, 32.50, 48.2, 25, 0, 8, 1, 0),
('BAN25', 'TEST', '2004-11-15', 600, 22.60, 70.40, 1, 0, 28.60, 52.3, 20, 0, 6, 1, 0),
('BAN25', 'T20I', '2005-01-28', 300, 18.40, 120.20, 0, 0, 22.40, 19.5, 10, 0, 3, 1, 0),

('BAN26', 'ODI', '2012-04-15', 700, 20.20, 85.50, 1, 0, 32.50, 48.2, 20, 0, 6, 1, 0),
('BAN26', 'TEST', '2013-01-20', 500, 18.60, 70.40, 1, 0, 28.60, 52.3, 15, 0, 5, 1, 0),
('BAN26', 'T20I', '2012-06-30', 300, 16.40, 120.20, 0, 0, 22.40, 19.5, 10, 0, 3, 1, 0),

('BAN27', 'ODI', '2013-06-01', 1200, 28.50, 75.60, 3, 0, 32.50, 48.2, 35, 0, 10, 2, 0),
('BAN27', 'TEST', '2013-10-25', 800, 25.60, 58.20, 2, 0, 28.60, 52.3, 25, 0, 8, 1, 0),
('BAN27', 'T20I', '2014-01-18', 400, 22.40, 120.20, 1, 0, 22.40, 19.5, 15, 0, 5, 1, 0),

('BAN28', 'ODI', '2007-11-01', 1500, 27.60, 75.60, 3, 0, 32.50, 48.2, 40, 0, 15, 3, 0),
('BAN28', 'TEST', '2008-06-10', 1000, 26.60, 58.20, 2, 0, 28.60, 52.3, 30, 0, 8, 1, 0),
('BAN28', 'T20I', '2009-09-22', 500, 22.40, 120.20, 1, 0, 22.40, 19.5, 15, 0, 5, 1, 0),

('BAN29', 'ODI', '2003-10-15', 2000, 32.50, 80.60, 5, 0, 32.50, 51.2, 40, 0, 15, 3, 0),
('BAN29', 'TEST', '2004-12-28', 1500, 29.60, 60.20, 3, 0, 28.60, 52.3, 30, 0, 10, 2, 0),
('BAN29', 'T20I', '2006-03-02', 800, 25.40, 120.20, 2, 0, 22.40, 19.5, 20, 0, 8, 1, 0),

('BAN30', 'ODI', '2006-08-22', 1200, 27.20, 75.50, 3, 0, 32.50, 48.2, 35, 0, 10, 2, 0),
('BAN30', 'TEST', '2007-05-15', 800, 24.60, 57.20, 2, 0, 28.60, 52.3, 25, 0, 8, 1, 0),
('BAN30', 'T20I', '2008-09-01', 400, 20.40, 120.20, 1, 0, 22.40, 19.5, 15, 0, 5, 1, 0),

('BAN31', 'ODI', '2008-08-08', 1200, 18.20, 60.50, 3, 0, 22.20, 32.2, 20, 1, 15, 2, 0),
('BAN31', 'TEST', '2011-11-21', 800, 12.60, 50.20, 1, 0, 18.60, 42.3, 10, 0, 10, 1, 0),
('BAN31', 'T20I', '2012-06-23', 400, 8.40, 110.20, 0, 0, 15.50, 22.2, 5, 0, 5, 0, 0),

('BAN32', 'ODI', '2011-03-14', 2500, 27.20, 75.50, 15, 1, 30.20, 38.2, 35, 2, 25, 5, 1),
('BAN32', 'TEST', '2012-08-18', 2000, 22.60, 55.20, 10, 0, 25.60, 42.3, 25, 1, 20, 2, 0),
('BAN32', 'T20I', '2012-09-08', 1000, 16.40, 105.20, 5, 0, 20.50, 28.2, 10, 0, 8, 1, 0),

('BAN33', 'ODI', '2012-09-22', 1800, 22.20, 70.50, 10, 0, 30.20, 38.2, 30, 2, 20, 5, 1),
('BAN33', 'TEST', '2013-01-11', 1500, 20.60, 52.20, 8, 0, 25.60, 42.3, 20, 1, 15, 2, 0),
('BAN33', 'T20I', '2013-04-21', 700, 12.40, 100.20, 3, 0, 18.50, 28.2, 8, 0, 6, 1, 0),

('BAN34', 'ODI', '2013-02-05', 2000, 25.20, 70.50, 12, 0, 28.20, 38.2, 25, 1, 18, 4, 0),
('BAN34', 'TEST', '2013-07-17', 1600, 20.60, 52.20, 8, 0, 22.60, 42.3, 20, 1, 15, 2, 0),
('BAN34', 'T20I', '2014-02-18', 800, 15.40, 100.20, 5, 0, 18.50, 28.2, 8, 0, 6, 1, 0),

('BAN35', 'ODI', '2009-12-20', 1000, 18.20, 60.50, 5, 0, 22.20, 32.2, 15, 0, 12, 1, 0),
('BAN35', 'TEST', '2010-02-13', 800, 12.60, 50.20, 3, 0, 18.60, 42.3, 10, 0, 10, 1, 0),
('BAN35', 'T20I', '2011-05-04', 400, 8.40, 110.20, 0, 0, 15.50, 22.2, 5, 0, 5, 0, 0),

('BAN36', 'ODI', '2011-03-14', 1200, 20.20, 65.50, 6, 0, 22.20, 32.2, 20, 1, 15, 2, 0),
('BAN36', 'TEST', '2012-08-18', 1000, 16.60, 48.20, 5, 0, 20.60, 42.3, 15, 1, 12, 2, 0),
('BAN36', 'T20I', '2012-09-08', 500, 12.40, 100.20, 2, 0, 15.50, 22.2, 5, 0, 5, 0, 0),

('BAN37', 'ODI', '2011-03-14', 800, 15.20, 50.50, 3, 0, 18.20, 32.2, 10, 0, 8, 1, 0),
('BAN37', 'TEST', '2012-08-18', 600, 12.60, 45.20, 2, 0, 15.60, 42.3, 8, 1, 6, 2, 0),
('BAN37', 'T20I', '2012-09-08', 300, 10.40, 100.20, 1, 0, 12.50, 22.2, 4, 0, 4, 0, 0),

('BAN38', 'ODI', '2012-09-22', 800, 14.20, 45.50, 3, 0, 16.20, 32.2, 10, 0, 8, 1, 0),
('BAN38', 'TEST', '2013-01-11', 600, 12.60, 40.20, 2, 0, 14.60, 42.3, 8, 1, 6, 2, 0),
('BAN38', 'T20I', '2013-04-21', 300, 8.40, 100.20, 1, 0, 10.50, 22.2, 4, 0, 4, 0, 0),

('BAN39', 'ODI', '2012-09-22', 1000, 20.20, 55.50, 5, 0, 22.20, 32.2, 15, 1, 10, 2, 0),
('BAN39', 'TEST', '2013-01-11', 800, 16.60, 45.20, 4, 0, 20.60, 42.3, 10, 1, 8, 2, 0),
('BAN39', 'T20I', '2013-04-21', 400, 12.40, 90.20, 2, 0, 15.50, 22.2, 5, 0, 4, 1, 0),

('BAN40', 'ODI', '2013-02-05', 800, 15.20, 50.50, 3, 0, 18.20, 32.2, 10, 0, 8, 1, 0),
('BAN40', 'TEST', '2013-07-17', 600, 12.60, 45.20, 2, 0, 15.60, 42.3, 8, 1, 6, 2, 0),
('BAN40', 'T20I', '2014-02-18', 300, 8.40, 100.20, 1, 0, 10.50, 22.2, 4, 0, 4, 0, 0),

('BAN41', 'ODI', '2015-03-12', 400, 12.20, 40.50, 1, 0, 14.20, 32.2, 5, 0, 4, 1, 0),
('BAN41', 'TEST', '2015-06-28', 300, 10.60, 35.20, 1, 0, 12.60, 42.3, 4, 0, 4, 1, 0),
('BAN41', 'T20I', '2015-08-12', 200, 8.40, 90.20, 0, 0, 10.50, 22.2, 3, 0, 2, 0, 0),

('BAN42', 'ODI', '2017-04-05', 500, 14.20, 50.50, 2, 0, 16.20, 32.2, 8, 0, 6, 1, 0),
('BAN42', 'TEST', '2017-06-17', 400, 12.60, 45.20, 1, 0, 15.60, 42.3, 6, 1, 4, 2, 0),
('BAN42', 'T20I', '2017-07-23', 200, 8.40, 100.20, 0, 0, 10.50, 22.2, 3, 0, 2, 0, 0),

('BAN43', 'ODI', '2016-02-18', 300, 12.20, 40.50, 1, 0, 14.20, 32.2, 5, 0, 4, 1, 0),
('BAN43', 'TEST', '2016-06-28', 200, 10.60, 35.20, 1, 0, 12.60, 42.3, 3, 0, 2, 1, 0),
('BAN43', 'T20I', '2016-08-12', 100, 8.40, 90.20, 0, 0, 10.50, 22.2, 2, 0, 1, 0, 0),

('BAN44', 'ODI', '2018-04-05', 400, 14.20, 50.50, 2, 0, 16.20, 32.2, 8, 0, 6, 1, 0),
('BAN44', 'TEST', '2018-06-17', 300, 12.60, 45.20, 1, 0, 15.60, 42.3, 6, 1, 4, 2, 0),
('BAN44', 'T20I', '2018-07-23', 200, 8.40, 100.20, 0, 0, 10.50, 22.2, 3, 0, 2, 0, 0),

('BAN45', 'ODI', '2019-02-18', 300, 12.20, 40.50, 1, 0, 14.20, 32.2, 5, 0, 4, 1, 0),
('BAN45', 'TEST', '2019-06-28', 200, 10.60, 35.20, 1, 0, 12.60, 42.3, 3, 0, 2, 1, 0),
('BAN45', 'T20I', '2019-08-12', 100, 8.40, 90.20, 0, 0, 10.50, 22.2, 2, 0, 1, 0, 0),


('AUS1', 'ODI', '2010-02-19', 5000, 45.00, 85.00, 20, 10, 30.00, 50.00, 10, 2, 40, 5, 3),
('AUS1', 'TEST', '2010-06-20', 7000, 55.00, 60.00, 30, 15, 25.00, 40.00, 15, 5, 60, 8, 5),
('AUS1', 'T20I', '2011-09-21', 1500, 35.00, 125.00, 5, 1, 35.00, 20.00, 5, 0, 15, 2, 0),

('AUS2', 'ODI', '2009-01-09', 7000, 50.00, 90.00, 30, 20, 20.00, 45.00, 20, 4, 40, 10, 5),
('AUS2', 'TEST', '2011-12-20', 8000, 60.00, 70.00, 35, 25, 15.00, 35.00, 25, 8, 70, 15, 8),
('AUS2', 'T20I', '2010-05-01', 2000, 40.00, 140.00, 10, 5, 25.00, 18.00, 10, 0, 20, 5, 2),

('AUS3', 'ODI', '2012-03-15', 1500, 25.00, 75.00, 5, 0, 32.00, 48.00, 0, 0, 80, 4, 3),
('AUS3', 'TEST', '2011-08-01', 1000, 20.00, 55.00, 2, 0, 35.00, 52.00, 10, 1, 30, 2, 1),
('AUS3', 'T20I', '2013-10-30', 500, 15.00, 120.00, 0, 0, 40.00, 18.00, 5, 0, 10, 0, 0),

('AUS4', 'ODI', '2011-06-05', 2000, 30.00, 80.00, 10, 2, 28.00, 45.00, 5, 1, 25, 3, 2),
('AUS4', 'TEST', '2012-11-01', 3000, 35.00, 60.00, 15, 5, 25.00, 42.00, 20, 5, 50, 5, 3),
('AUS4', 'T20I', '2013-12-20', 1000, 25.00, 110.00, 3, 1, 35.00, 20.00, 8, 0, 15, 1, 0),

('AUS5', 'ODI', '2013-08-20', 1200, 28.00, 75.00, 4, 1, 30.00, 48.00, 2, 0, 15, 2, 1),
('AUS5', 'TEST', '2015-01-15', 4000, 45.00, 55.00, 12, 6, 22.00, 38.00, 40, 10, 70, 12, 5),
('AUS5', 'T20I', '2014-06-02', 800, 20.00, 130.00, 1, 0, 30.00, 18.00, 10, 2, 8, 2, 0),

('AUS6', 'ODI', '2014-10-12', 3000, 35.00, 85.00, 12, 3, 28.00, 52.00, 5, 1, 20, 3, 2),
('AUS6', 'TEST', '2013-03-02', 2000, 25.00, 45.00, 8, 2, 35.00, 58.00, 15, 3, 30, 6, 3),
('AUS6', 'T20I', '2015-06-22', 1500, 30.00, 120.00, 5, 1, 40.00, 18.00, 8, 0, 12, 1, 1),

('AUS7', 'ODI', '2016-01-23', 2500, 40.00, 90.00, 15, 5, 32.00, 50.00, 0, 0, 15, 1, 0),
('AUS7', 'TEST', '2018-02-03', 5000, 55.00, 60.00, 25, 10, 25.00, 40.00, 5, 1, 40, 5, 2),
('AUS7', 'T20I', '2017-07-06', 1200, 28.00, 125.00, 3, 1, 35.00, 20.00, 5, 0, 8, 2, 0),

('AUS8', 'ODI', '2015-03-25', 4000, 45.00, 85.00, 18, 8, 30.00, 48.00, 5, 0, 35, 3, 2),
('AUS8', 'TEST', '2018-11-01', 3000, 45.00, 55.00, 12, 5, 30.00, 48.00, 0, 0, 20, 3, 1),
('AUS8', 'T20I', '2017-08-08', 1000, 30.00, 120.00, 3, 1, 40.00, 18.00, 8, 0, 5, 0, 0),

('AUS9', 'ODI', '2018-02-01', 1200, 30.00, 85.00, 5, 1, 28.00, 52.00, 2, 0, 10, 1, 0),
('AUS9', 'TEST', '2017-10-07', 1500, 35.00, 70.00, 8, 2, 30.00, 48.00, 5, 0, 12, 2, 0),
('AUS9', 'T20I', '2019-03-08', 600, 25.00, 110.00, 2, 0, 35.00, 18.00, 5, 0, 5, 0, 0),

('AUS10', 'ODI', '2019-01-12', 800, 25.00, 80.00, 3, 0, 30.00, 45.00, 5, 0, 10, 1, 0),
('AUS10', 'TEST', '2018-03-14', 1000, 30.00, 60.00, 4, 0, 25.00, 48.00, 15, 1, 5, 1, 0),
('AUS10', 'T20I', '2020-04-20', 500, 18.00, 125.00, 1, 0, 35.00, 20.00, 5, 0, 3, 0, 0),

('AUS11', 'ODI', '2010-03-30', 4000, 35.00, 80.00, 10, 3, 30.00, 50.00, 10, 2, 25, 3, 1),
('AUS11', 'TEST', '2010-11-25', 3000, 40.00, 55.00, 8, 2, 32.00, 48.00, 8, 1, 30, 5, 2),
('AUS11', 'T20I', '2011-07-01', 1000, 20.00, 130.00, 1, 0, 35.00, 20.00, 5, 0, 10, 2, 0),

('AUS12', 'ODI', '2013-01-11', 5000, 45.00, 85.00, 20, 10, 30.00, 50.00, 10, 2, 40, 5, 3),
('AUS12', 'TEST', '2013-10-19', 6000, 50.00, 70.00, 25, 12, 25.00, 40.00, 12, 3, 50, 8, 5),
('AUS12', 'T20I', '2012-02-15', 1500, 35.00, 125.00, 5, 1, 35.00, 20.00, 5, 0, 15, 2, 0),

('AUS13', 'ODI', '2008-09-10', 3000, 30.00, 80.00, 12, 3, 28.00, 45.00, 5, 1, 20, 3, 2),
('AUS13', 'TEST', '2011-12-26', 4000, 35.00, 60.00, 15, 5, 25.00, 42.00, 20, 5, 50, 5, 3),
('AUS13', 'T20I', '2009-02-01', 800, 25.00, 110.00, 3, 1, 35.00, 20.00, 8, 0, 15, 1, 0),

('AUS14', 'ODI', '2011-08-05', 2500, 35.00, 90.00, 8, 2, 32.00, 50.00, 5, 0, 15, 2, 1),
('AUS14', 'TEST', '2013-10-09', 3000, 40.00, 65.00, 12, 6, 30.00, 48.00, 8, 2, 40, 6, 2),
('AUS14', 'T20I', '2012-12-22', 1000, 30.00, 120.00, 3, 1, 40.00, 20.00, 10, 1, 20, 3, 1),

('AUS15', 'ODI', '2014-02-16', 2000, 25.00, 70.00, 5, 0, 35.00, 48.00, 2, 0, 10, 1, 0),
('AUS15', 'TEST', '2015-05-07', 3000, 35.00, 55.00, 8, 2, 30.00, 45.00, 5, 1, 15, 2, 0),
('AUS15', 'T20I', '2016-09-17', 1000, 30.00, 120.00, 3, 1, 40.00, 18.00, 8, 0, 10, 1, 0),

('AUS16', 'ODI', '2017-06-09', 3000, 35.00, 85.00, 12, 3, 28.00, 52.00, 5, 1, 20, 3, 2),
('AUS16', 'TEST', '2018-12-02', 2000, 25.00, 45.00, 8, 2, 35.00, 58.00, 15, 3, 30, 6, 3),
('AUS16', 'T20I', '2018-02-16', 1500, 30.00, 120.00, 5, 1, 40.00, 18.00, 8, 0, 12, 1, 1),

('AUS17', 'ODI', '2016-02-09', 2500, 40.00, 90.00, 15, 5, 32.00, 50.00, 0, 0, 15, 1, 0),
('AUS17', 'TEST', '2018-03-10', 5000, 55.00, 60.00, 25, 10, 25.00, 40.00, 5, 1, 40, 5, 2),
('AUS17', 'T20I', '2017-05-11', 1200, 28.00, 125.00, 3, 1, 35.00, 20.00, 5, 0, 8, 2, 0),

('AUS18', 'ODI', '2018-10-07', 1200, 30.00, 85.00, 5, 1, 28.00, 52.00, 2, 0, 10, 1, 0),
('AUS18', 'TEST', '2017-12-01', 1500, 35.00, 70.00, 8, 2, 30.00, 48.00, 5, 0, 12, 2, 0),
('AUS18', 'T20I', '2019-05-01', 600, 25.00, 110.00, 2, 0, 35.00, 18.00, 5, 0, 5, 0, 0),

('AUS19', 'ODI', '2019-09-15', 800, 25.00, 80.00, 3, 0, 30.00, 45.00, 5, 0, 10, 1, 0),
('AUS19', 'TEST', '2018-08-05', 1000, 30.00, 60.00, 4, 0, 25.00, 48.00, 15, 1, 5, 1, 0),
('AUS19', 'T20I', '2020-11-20', 500, 18.00, 125.00, 1, 0, 35.00, 20.00, 5, 0, 3, 0, 0),

('AUS20', 'ODI', '2020-05-25', 700, 20.00, 70.00, 1, 0, 35.00, 48.00, 0, 0, 5, 0, 0),
('AUS20', 'TEST', '2019-12-12', 800, 25.00, 50.00, 3, 0, 40.00, 52.00, 2, 0, 10, 1, 0),
('AUS20', 'T20I', '2021-08-15', 300, 15.00, 110.00, 0, 0, 45.00, 18.00, 1, 0, 2, 0, 0),

('AUS21', 'ODI', '2016-05-24', 1000, 30.00, 70.00, 2, 0, 40.00, 48.00, 2, 0, 5, 0, 0),
('AUS21', 'TEST', '2018-01-05', 1500, 35.00, 50.00, 3, 0, 38.00, 52.00, 5, 1, 10, 1, 0),
('AUS21', 'T20I', '2017-02-17', 600, 25.00, 120.00, 1, 0, 45.00, 18.00, 1, 0, 2, 0, 0),

('AUS22', 'ODI', '2016-10-16', 1200, 35.00, 75.00, 2, 0, 35.00, 52.00, 5, 0, 10, 1, 0),
('AUS22', 'TEST', '2019-01-12', 1800, 45.00, 55.00, 3, 0, 40.00, 48.00, 2, 0, 12, 1, 0),
('AUS22', 'T20I', '2017-03-19', 800, 40.00, 120.00, 1, 0, 42.00, 20.00, 4, 0, 8, 0, 0),

('AUS23', 'ODI', '2018-06-13', 1500, 35.00, 80.00, 3, 0, 32.00, 48.00, 5, 0, 10, 1, 0),
('AUS23', 'TEST', '2019-02-01', 2000, 50.00, 60.00, 4, 0, 30.00, 48.00, 8, 0, 15, 2, 0),
('AUS23', 'T20I', '2019-07-06', 800, 30.00, 120.00, 1, 0, 35.00, 18.00, 5, 0, 3, 0, 0),

('AUS24', 'ODI', '2019-03-25', 1000, 35.00, 70.00, 1, 0, 35.00, 48.00, 0, 0, 5, 0, 0),
('AUS24', 'TEST', '2020-12-26', 1300, 40.00, 50.00, 2, 0, 40.00, 52.00, 1, 0, 8, 1, 0),
('AUS24', 'T20I', '2021-08-20', 500, 20.00, 110.00, 0, 0, 45.00, 18.00, 1, 0, 2, 0, 0),

('AUS25', 'ODI', '2020-01-14', 1500, 35.00, 80.00, 3, 0, 30.00, 45.00, 5, 0, 10, 1, 0),
('AUS25', 'TEST', '2021-02-01', 1800, 45.00, 60.00, 4, 0, 25.00, 48.00, 15, 0, 15, 2, 0),
('AUS25', 'T20I', '2021-12-01', 900, 30.00, 125.00, 1, 0, 35.00, 18.00, 5, 0, 5, 0, 0),

('AUS26', 'ODI', '2021-05-20', 1200, 40.00, 70.00, 1, 0, 35.00, 48.00, 0, 0, 5, 0, 0),
('AUS26', 'TEST', '2018-01-26', 1500, 35.00, 50.00, 3, 0, 40.00, 52.00, 2, 0, 10, 1, 0),
('AUS26', 'T20I', '2019-02-03', 700, 25.00, 110.00, 0, 0, 45.00, 18.00, 1, 0, 2, 0, 0),

('AUS27', 'ODI', '2018-09-12', 1500, 35.00, 80.00, 3, 0, 32.00, 48.00, 5, 0, 10, 1, 0),
('AUS27', 'TEST', '2019-03-01', 2000, 50.00, 60.00, 4, 0, 30.00, 48.00, 8, 0, 15, 2, 0),
('AUS27', 'T20I', '2020-07-04', 800, 30.00, 120.00, 1, 0, 35.00, 18.00, 5, 0, 3, 0, 0),

('AUS28', 'ODI', '2020-09-20', 1000, 35.00, 70.00, 2, 0, 40.00, 48.00, 2, 0, 5, 0, 0),
('AUS28', 'TEST', '2021-03-03', 1200, 40.00, 50.00, 3, 0, 38.00, 52.00, 3, 1, 8, 1, 0),
('AUS28', 'T20I', '2020-10-04', 700, 25.00, 110.00, 0, 0, 45.00, 18.00, 1, 0, 2, 0, 0),

('AUS29', 'ODI', '2021-01-14', 700, 25.00, 70.00, 0, 0, 35.00, 48.00, 0, 0, 2, 0, 0),
('AUS29', 'TEST', '2020-09-04', 900, 30.00, 45.00, 1, 0, 40.00, 52.00, 1, 0, 5, 1, 0),
('AUS29', 'T20I', '2021-12-23', 300, 15.00, 120.00, 0, 0, 45.00, 20.00, 1, 0, 1, 0, 0),

('AUS30', 'ODI', '2021-02-25', 800, 30.00, 70.00, 1, 0, 35.00, 48.00, 0, 0, 2, 0, 0),
('AUS30', 'TEST', '2019-05-06', 1200, 40.00, 50.00, 3, 0, 40.00, 52.00, 2, 0, 8, 1, 0),
('AUS30', 'T20I', '2018-06-13', 500, 20.00, 110.00, 0, 0, 45.00, 18.00, 1, 0, 2, 0, 0),

('AUS31', 'ODI', '2021-03-20', 1000, 35.00, 70.00, 1, 0, 40.00, 48.00, 0, 0, 5, 0, 0),
('AUS31', 'TEST', '2020-09-03', 1200, 40.00, 50.00, 3, 0, 38.00, 52.00, 3, 1, 10, 1, 0),
('AUS31', 'T20I', '2019-02-10', 800, 30.00, 120.00, 0, 0, 45.00, 18.00, 1, 0, 2, 0, 0),

('AUS32', 'ODI', '2020-09-12', 900, 30.00, 70.00, 1, 0, 40.00, 48.00, 0, 0, 5, 0, 0),
('AUS32', 'TEST', '2019-05-03', 1200, 40.00, 50.00, 3, 0, 38.00, 52.00, 3, 1, 8, 1, 0),
('AUS32', 'T20I', '2018-06-24', 600, 25.00, 110.00, 0, 0, 45.00, 18.00, 1, 0, 2, 0, 0),

('AUS33', 'ODI', '2019-06-08', 700, 25.00, 70.00, 0, 0, 35.00, 48.00, 0, 0, 2, 0, 0),
('AUS33', 'TEST', '2019-02-14', 900, 30.00, 45.00, 1, 0, 40.00, 52.00, 1, 0, 5, 1, 0),
('AUS33', 'T20I', '2020-01-04', 300, 15.00, 120.00, 0, 0, 45.00, 20.00, 1, 0, 1, 0, 0),

('AUS34', 'ODI', '2020-07-04', 600, 20.00, 70.00, 1, 0, 40.00, 48.00, 2, 0, 5, 0, 0),
('AUS34', 'TEST', '2021-03-03', 800, 25.00, 50.00, 3, 0, 38.00, 52.00, 3, 1, 8, 1, 0),
('AUS34', 'T20I', '2021-10-29', 400, 18.00, 110.00, 0, 0, 45.00, 18.00, 1, 0, 2, 0, 0),

('AUS35', 'ODI', '2021-01-14', 900, 30.00, 70.00, 1, 0, 35.00, 48.00, 0, 0, 2, 0, 0),
('AUS35', 'TEST', '2021-08-03', 1100, 35.00, 55.00, 2, 0, 38.00, 52.00, 2, 0, 8, 1, 0),
('AUS35', 'T20I', '2021-03-30', 600, 25.00, 125.00, 1, 0, 40.00, 20.00, 3, 0, 5, 0, 0),


('AUS36', 'ODI', '2007-07-15', 2000, 45.00, 75.00, 10, 5, 25.00, 40.00, 40, 10, 70, 12, 5),
('AUS36', 'TEST', '2008-02-15', 2500, 50.00, 65.00, 15, 8, 22.00, 38.00, 50, 15, 80, 20, 10),
('AUS36', 'T20I', '2007-12-21', 1000, 35.00, 120.00, 5, 2, 30.00, 18.00, 25, 5, 30, 8, 2),

('AUS37', 'ODI', '2010-01-03', 3000, 55.00, 85.00, 15, 10, 20.00, 45.00, 10, 2, 40, 8, 3),
('AUS37', 'TEST', '2012-03-10', 4000, 60.00, 70.00, 20, 15, 18.00, 35.00, 20, 5, 50, 10, 5),
('AUS37', 'T20I', '2011-09-19', 1500, 40.00, 130.00, 8, 4, 25.00, 20.00, 15, 3, 20, 5, 2),

('AUS38', 'ODI', '2008-07-05', 2500, 40.00, 90.00, 12, 3, 28.00, 52.00, 5, 1, 20, 5, 2),
('AUS38', 'TEST', '2011-11-30', 3000, 45.00, 55.00, 10, 5, 30.00, 48.00, 5, 1, 25, 6, 3),
('AUS38', 'T20I', '2010-03-12', 1000, 35.00, 120.00, 5, 2, 32.00, 18.00, 10, 1, 15, 3, 1),

('AUS39', 'ODI', '2014-03-14', 2000, 35.00, 80.00, 8, 1, 30.00, 48.00, 2, 0, 15, 2, 1),
('AUS39', 'TEST', '2015-11-22', 2500, 40.00, 60.00, 10, 2, 25.00, 42.00, 8, 1, 20, 4, 2),
('AUS39', 'T20I', '2016-02-20', 1200, 30.00, 120.00, 3, 1, 35.00, 20.00, 5, 0, 10, 1, 0),

('AUS40', 'ODI', '2005-09-18', 3000, 50.00, 75.00, 20, 10, 20.00, 45.00, 10, 2, 30, 6, 3),
('AUS40', 'TEST', '2007-12-26', 3500, 55.00, 65.00, 25, 12, 18.00, 35.00, 15, 3, 40, 8, 4),
('AUS40', 'T20I', '2008-07-01', 1500, 45.00, 130.00, 10, 5, 22.00, 18.00, 20, 5, 25, 5, 2),

('AUS41', 'ODI', '2016-05-20', 1000, 30.00, 75.00, 3, 0, 32.00, 48.00, 5, 0, 10, 2, 0),
('AUS41', 'TEST', '2017-11-23', 1200, 35.00, 55.00, 5, 1, 35.00, 52.00, 3, 0, 8, 1, 0),
('AUS41', 'T20I', '2018-02-20', 600, 25.00, 110.00, 1, 0, 35.00, 20.00, 5, 0, 3, 1, 0),

('AUS42', 'ODI', '2018-07-02', 1200, 35.00, 80.00, 5, 1, 30.00, 48.00, 5, 0, 10, 1, 0),
('AUS42', 'TEST', '2019-12-04', 1500, 40.00, 60.00, 8, 2, 35.00, 58.00, 3, 1, 12, 3, 1),
('AUS42', 'T20I', '2019-06-18', 800, 30.00, 120.00, 3, 1, 40.00, 20.00, 8, 0, 5, 0, 0),

('AUS43', 'ODI', '2016-01-23', 1500, 35.00, 80.00, 5, 0, 28.00, 52.00, 2, 0, 8, 1, 0),
('AUS43', 'TEST', '2018-03-04', 1800, 40.00, 60.00, 8, 3, 30.00, 48.00, 5, 1, 10, 2, 0),
('AUS43', 'T20I', '2015-10-18', 1000, 30.00, 120.00, 3, 1, 35.00, 18.00, 5, 0, 5, 0, 0),

('AUS44', 'ODI', '2013-09-29', 2000, 40.00, 85.00, 8, 2, 25.00, 45.00, 10, 2, 15, 3, 1),
('AUS44', 'TEST', '2015-02-12', 2500, 45.00, 55.00, 10, 4, 20.00, 40.00, 15, 3, 20, 5, 2),
('AUS44', 'T20I', '2016-06-14', 1200, 35.00, 130.00, 5, 2, 22.00, 18.00, 25, 5, 30, 8, 3),

('AUS45', 'ODI', '2018-01-10', 2500, 45.00, 85.00, 10, 5, 22.00, 38.00, 20, 5, 40, 10, 5),
('AUS45', 'TEST', '2020-02-20', 3000, 50.00, 70.00, 15, 8, 18.00, 35.00, 40, 10, 60, 15, 8),
('AUS45', 'T20I', '2019-06-15', 1500, 40.00, 130.00, 8, 4, 25.00, 20.00, 20, 4, 25, 5, 2),

('AUS46', 'ODI', '2019-03-12', 1200, 35.00, 80.00, 5, 1, 28.00, 52.00, 5, 0, 12, 2, 0),
('AUS46', 'TEST', '2020-12-26', 1500, 40.00, 60.00, 8, 2, 30.00, 48.00, 3, 1, 15, 3, 1),
('AUS46', 'T20I', '2021-08-11', 800, 30.00, 120.00, 3, 1, 35.00, 18.00, 8, 0, 5, 0, 0),


('AUS47', 'ODI', '2019-11-01', 800, 25.00, 80.00, 3, 0, 28.00, 52.00, 5, 0, 10, 1, 0),
('AUS47', 'TEST', '2022-01-01', 500, 20.00, 60.00, 2, 0, 30.00, 48.00, 2, 0, 5, 0, 0),
('AUS47', 'T20I', '2021-03-01', 300, 15.00, 120.00, 0, 0, 35.00, 20.00, 5, 0, 2, 0, 0),

('AUS48', 'ODI', '2020-03-01', 600, 20.00, 90.00, 2, 0, 25.00, 48.00, 3, 0, 5, 0, 0),
('AUS48', 'TEST', '2023-06-01', 700, 22.00, 55.00, 2, 0, 22.00, 38.00, 5, 1, 10, 1, 0),
('AUS48', 'T20I', '2022-09-01', 400, 18.00, 125.00, 1, 0, 28.00, 18.00, 8, 0, 3, 0, 0),

('AUS49', 'ODI', '2021-02-01', 500, 15.00, 100.00, 1, 0, 30.00, 52.00, 2, 0, 3, 0, 0),
('AUS49', 'TEST', '2023-05-01', 300, 10.00, 40.00, 0, 0, 35.00, 60.00, 1, 0, 2, 0, 0),
('AUS49', 'T20I', '2022-11-01', 200, 10.00, 90.00, 0, 0, 38.00, 28.00, 3, 0, 1, 0, 0),

('AUS50', 'ODI', '2020-11-01', 1200, 35.00, 75.00, 4, 1, 25.00, 48.00, 10, 1, 15, 1, 0),
('AUS50', 'TEST', '2022-12-01', 1500, 40.00, 65.00, 5, 2, 20.00, 35.00, 20, 5, 20, 2, 0),
('AUS50', 'T20I', '2022-06-01', 800, 30.00, 120.00, 3, 1, 30.00, 18.00, 8, 0, 8, 1, 0),

('AUS51', 'ODI', '2019-10-01', 1000, 28.00, 80.00, 3, 0, 32.00, 45.00, 2, 0, 5, 0, 0),
('AUS51', 'TEST', '2020-11-01', 700, 25.00, 50.00, 2, 0, 28.00, 52.00, 3, 0, 7, 0, 0),
('AUS51', 'T20I', '2021-08-01', 500, 20.00, 130.00, 1, 0, 35.00, 18.00, 8, 0, 5, 0, 0),

('AUS52', 'ODI', '2020-08-01', 900, 30.00, 85.00, 2, 0, 28.00, 48.00, 5, 1, 7, 0, 0),
('AUS52', 'TEST', '2022-10-01', 1000, 35.00, 55.00, 3, 0, 30.00, 52.00, 8, 1, 10, 1, 0),
('AUS52', 'T20I', '2021-12-01', 600, 25.00, 120.00, 1, 0, 35.00, 20.00, 5, 0, 3, 0, 0),

('AUS53', 'ODI', '2022-02-01', 400, 18.00, 70.00, 1, 0, 30.00, 48.00, 1, 0, 2, 0, 0),
('AUS53', 'TEST', '2023-07-01', 300, 15.00, 50.00, 0, 0, 35.00, 60.00, 2, 0, 3, 0, 0),
('AUS53', 'T20I', '2022-12-01', 200, 10.00, 80.00, 0, 0, 38.00, 28.00, 1, 0, 1, 0, 0),

('AUS54', 'ODI', '2021-04-01', 300, 12.00, 60.00, 0, 0, 32.00, 48.00, 1, 0, 1, 0, 0),
('AUS54', 'TEST', '2022-08-01', 200, 10.00, 40.00, 0, 0, 35.00, 60.00, 1, 0, 2, 0, 0),
('AUS54', 'T20I', '2022-10-01', 100, 10.00, 80.00, 0, 0, 38.00, 28.00, 1, 0, 1, 0, 0),

('AUS55', 'ODI', '2021-09-01', 600, 20.00, 80.00, 2, 0, 30.00, 48.00, 3, 0, 5, 0, 0),
('AUS55', 'TEST', '2023-03-01', 800, 25.00, 50.00, 3, 0, 28.00, 52.00, 5, 0, 8, 1, 0),
('AUS55', 'T20I', '2022-12-01', 400, 18.00, 100.00, 1, 0, 35.00, 20.00, 5, 0, 3, 0, 0),

('AUS56', 'ODI', '2016-11-01', 4000, 45.00, 90.00, 15, 5, 20.00, 35.00, 10, 2, 20, 3, 0),
('AUS56', 'TEST', '2015-12-01', 5000, 50.00, 65.00, 20, 10, 15.00, 30.00, 0, 0, 30, 5, 0),
('AUS56', 'T20I', '2014-11-01', 2000, 35.00, 130.00, 8, 2, 25.00, 18.00, 5, 0, 10, 2, 0),

('AUS57', 'ODI', '2018-06-01', 800, 25.00, 80.00, 3, 0, 28.00, 52.00, 5, 0, 10, 1, 0),
('AUS57', 'TEST', '2019-03-01', 700, 22.00, 55.00, 2, 0, 22.00, 38.00, 5, 1, 10, 1, 0),
('AUS57', 'T20I', '2020-08-01', 400, 18.00, 125.00, 1, 0, 28.00, 18.00, 8, 0, 3, 0, 0),

('AUS58', 'ODI', '2020-04-01', 500, 15.00, 100.00, 1, 0, 30.00, 52.00, 2, 0, 3, 0, 0),
('AUS58', 'TEST', '2023-07-01', 300, 10.00, 40.00, 0, 0, 35.00, 60.00, 1, 0, 2, 0, 0),
('AUS58', 'T20I', '2022-11-01', 200, 10.00, 90.00, 0, 0, 38.00, 28.00, 3, 0, 1, 0, 0),

('AUS59', 'ODI', '2019-11-01', 700, 20.00, 70.00, 2, 0, 32.00, 48.00, 3, 0, 5, 0, 0),
('AUS59', 'TEST', '2022-12-01', 800, 25.00, 50.00, 3, 0, 28.00, 52.00, 5, 0, 7, 0, 0),
('AUS59', 'T20I', '2022-06-01', 400, 18.00, 100.00, 1, 0, 35.00, 20.00, 5, 0, 5, 0, 0),

('IND1', 'ODI', '1989-12-18', 18426, 44.83, 86.23, 96, 49, 44.48, 49.9, 154, 2, 140, 0, 0),
('IND1', 'Test', '1989-11-15', 15921, 53.78, 54.08, 68, 51, 54.36, 64.4, 46, 0, 175, 0, 0),
('IND1', 'T20I', '2006-12-01', 2797, 32.9, 119.81, 17, 0, 40.95, 24.9, 2, 0, 28, 0, 0),

('IND2', 'ODI', '2008-08-18', 12169, 59.07, 93.17, 43, 43, 0, 0, 4, 0, 155, 0, 0),
('IND2', 'Test', '2011-06-20', 7490, 52.37, 56.82, 27, 27, 0, 0, 0, 0, 96, 0, 0),
('IND2', 'T20I', '2010-06-12', 3159, 52.65, 138.24, 28, 0, 0, 0, 4, 0, 54, 0, 0),

('IND3', 'ODI', '2007-06-23', 9115, 49.27, 88.92, 29, 29, 47.14, 43.4, 8, 0, 52, 0, 0),
('IND3', 'Test', '2013-11-06', 2679, 46.18, 60.78, 6, 6, 49.77, 64.2, 2, 0, 35, 0, 0),
('IND3', 'T20I', '2007-09-19', 2864, 32.61, 138.97, 22, 4, 0, 0, 0, 0, 58, 0, 0),

('IND4', 'ODI', '2004-12-23', 10599, 50.23, 87.56, 73, 10, 0, 0, 0, 0, 434, 0, 123),
('IND4', 'Test', '2005-12-02', 4876, 38.09, 59.11, 36, 6, 0, 0, 0, 0, 256, 38, 38),
('IND4', 'T20I', '2006-12-01', 1617, 37.6, 126.13, 2, 0, 0, 0, 0, 0, 57, 23, 34),

('IND5', 'ODI', '1974-03-03', 10122, 35.13, 65.14, 34, 34, 0, 0, 0, 0, 108, 0, 0),
('IND5', 'Test', '1971-03-06', 10122, 51.12, 65.45, 34, 34, 0, 0, 0, 0, 108, 0, 0),
('IND5', 'T20I', '2006-12-01', 0, 0, 0, 0, 0, 0, 0, 0, 0, 0, 0, 0),

('IND6', 'ODI', '1978-10-16', 3783, 23.79, 95.07, 1, 0, 253, 32.9, 253, 1, 64, 0, 0),
('IND6', 'Test', '1978-10-16', 5248, 31.05, 95.07, 8, 0, 434, 68.3, 434, 0, 64, 0, 0),
('IND6', 'T20I', '1978-10-16', 2109, 22.81, 130.29, 0, 0, 133, 18.7, 133, 0, 37, 0, 0),

('IND7', 'ODI', '1996-04-03', 10889, 39.16, 71.24, 83, 12, 39.42, 77.1, 4, 0, 210, 0, 0),
('IND7', 'Test', '1996-06-20', 13288, 52.31, 42.51, 36, 36, 54.23, 65.9, 5, 0, 210, 0, 0),
('IND7', 'T20I', '2006-06-01', 31, 31, 31, 31, 31, 31, 31, 31, 31, 31, 31, 31),

('IND8', 'ODI', '1996-01-11', 11363, 41.02, 73.7, 22, 22, 43.97, 54.8, 0, 0, 100, 0, 0),
('IND8', 'Test', '1996-06-20', 7212, 42.17, 45.47, 16, 16, 47.12, 58.9, 0, 0, 100, 0, 0),
('IND8', 'T20I', '2006-09-01', 2551, 31.4, 117.96, 11, 0, 47.1, 40.4, 1, 0, 38, 0, 0),

('IND9', 'ODI', '1990-04-25', 938, 10.53, 64.09, 0, 0, 30.8, 65.9, 619, 0, 156, 0, 0),
('IND9', 'Test', '1990-08-09', 2494, 17.77, 65.1, 5, 0, 49.65, 92.9, 619, 0, 156, 0, 0),
('IND9', 'T20I', '2007-03-01', 5, 5, 5, 5, 5, 5, 5, 5, 5, 5, 5, 5),

('IND10', 'ODI', '1999-08-31', 8273, 35.05, 104.33, 38, 15, 44.48, 68.4, 136, 2, 83, 0, 0),
('IND10', 'Test', '2001-11-03', 8586, 49.34, 82.23, 23, 23, 55.11, 66.5, 417, 10, 81, 0, 0),
('IND10', 'T20I', '2006-12-01', 394, 18.76, 145.39, 0, 0, 32.7, 26.4, 19, 0, 13, 0, 0),

('IND11', 'ODI', '1998-04-17', 1237, 13.68, 80.18, 3, 0, 37.47, 47.2, 269, 4, 69, 0, 0),
('IND11', 'Test', '1998-03-25', 2203, 18.22, 51.22, 2, 0, 32.46, 58.6, 417, 10, 69, 0, 0),
('IND11', 'T20I', '2007-01-01', 38, 38, 38, 38, 38, 38, 38, 38, 38, 38, 38, 38),

('IND12', 'ODI', '2000-10-03', 1018, 9.86, 74.24, 0, 0, 29.43, 39.6, 311, 0, 52, 0, 0),
('IND12', 'Test', '2000-11-10', 123, 8.79, 37.89, 0, 0, 29.43, 39.6, 311, 0, 52, 0, 0),
('IND12', 'T20I', '2006-12-01', 24, 24, 24, 24, 24, 24, 24, 24, 24, 24, 24, 24),

('IND13', 'ODI', '2000-10-03', 8701, 36.55, 87.68, 52, 14, 36.04, 46.3, 111, 1, 93, 0, 0),
('IND13', 'Test', '2003-10-10', 1900, 33.92, 48.1, 11, 3, 42.07, 82.5, 9, 0, 77, 0, 0),
('IND13', 'T20I', '2007-09-19', 1177, 28.4, 136.38, 8, 0, 25.92, 17.6, 59, 0, 41, 0, 0),

('IND14', 'ODI', '2003-04-11', 5235, 39.68, 85.25, 11, 11, 0, 0, 0, 0, 37, 0, 0),
('IND14', 'Test', '2004-11-03', 4154, 41.95, 51.43, 9, 5, 0, 0, 0, 0, 37, 0, 0),
('IND14', 'T20I', '2007-12-14', 932, 28.24, 128.7, 7, 0, 0, 0, 0, 0, 11, 0, 0),

('IND15', 'ODI', '2005-07-30', 5615, 35.31, 93.48, 5, 5, 0, 0, 13, 0, 102, 0, 0),
('IND15', 'Test', '2010-07-26', 768, 26.48, 36.71, 0, 1, 0, 0, 1, 0, 102, 0, 0),
('IND15', 'T20I', '2010-06-12', 1605, 29.18, 134.56, 5, 0, 0, 0, 0, 0, 42, 0, 0),

('IND16', 'ODI', '1996-01-02', 8781, 45.97, 49.37, 49, 17, 0, 0, 0, 0, 135, 0, 0),
('IND16', 'Test', '1996-11-20', 8781, 45.97, 49.37, 49, 17, 0, 0, 0, 0, 135, 0, 0),
('IND16', 'T20I', '2006-12-01', 0, 0, 0, 0, 0, 0, 0, 0, 0, 0, 0, 0),

('IND17', 'ODI', '2004-01-09', 1544, 23.39, 80.78, 2, 0, 29.72, 45.4, 173, 4, 49, 0, 0),
('IND17', 'Test', '2003-12-12', 1105, 31.14, 76.84, 1, 0, 32.26, 69.1, 100, 1, 49, 0, 0),
('IND17', 'T20I', '2006-12-01', 0, 0, 0, 0, 0, 0, 0, 0, 0, 0, 0, 0),

('IND18', 'ODI', '2010-06-05', 232, 11.6, 83.16, 0, 0, 25.45, 36.1, 409, 18, 50, 0, 0),
('IND18', 'Test', '2011-11-06', 2539, 28.1, 54.42, 11, 6, 25.55, 55.1, 409, 18, 50, 0, 0),
('IND18', 'T20I', '2010-06-12', 52, 13, 105.71, 0, 0, 20.22, 16.6, 52, 0, 16, 0, 0),

('IND19', 'ODI', '2011-08-03', 4203, 35.63, 54.05, 12, 12, 0, 0, 0, 0, 54, 0, 0),
('IND19', 'Test', '2013-03-22', 4592, 43.03, 49.26, 12, 12, 0, 0, 0, 0, 54, 0, 0),
('IND19', 'T20I', '2011-08-03', 231, 20.1, 122.57, 0, 0, 0, 0, 0, 0, 12, 0, 0),

('IND20', 'ODI', '2010-10-09', 6267, 49.55, 45.92, 21, 18, 0, 0, 0, 0, 51, 0, 0),
('IND20', 'Test', '2010-10-09', 6004, 50.08, 48.18, 18, 18, 0, 0, 0, 0, 51, 0, 0),
('IND20', 'T20I', '2013-06-22', 390, 20.53, 122.42, 0, 0, 0, 0, 0, 0, 18, 0, 0),

('IND21', 'ODI', '2013-01-06', 136, 19.42, 74.32, 0, 0, 31.08, 37.2, 48, 0, 30, 0, 0),
('IND21', 'Test', '2010-12-09', 1231, 45.59, 46.04, 3, 1, 39.68, 65.7, 48, 0, 30, 0, 0),
('IND21', 'T20I', '2010-12-21', 5, 5, 5, 5, 5, 5, 5, 5, 5, 5, 5, 5),

('IND22', 'ODI', '2004-02-11', 2605, 29.62, 84.14, 10, 0, 36.2, 63.5, 220, 4, 174, 0, 0),
('IND22', 'Test', '2012-12-13', 1954, 35.26, 63.31, 1, 1, 22.89, 58.5, 220, 4, 174, 0, 0),
('IND22', 'T20I', '2010-02-10', 221, 20.09, 122.28, 0, 0, 22.89, 20.1, 33, 0, 46, 0, 0),

('IND23', 'ODI', '2012-12-25', 914, 12.2, 68.84, 0, 0, 37.66, 51.6, 138, 1, 38, 0, 0),
('IND23', 'Test', '2013-02-22', 68, 13.6, 61.82, 0, 0, 37.66, 51.6, 138, 1, 38, 0, 0),
('IND23', 'T20I', '2012-12-25', 2, 2, 2, 2, 2, 2, 2, 2, 2, 2, 2, 2),

('IND24', 'ODI', '2016-01-23', 1519, 30.38, 116.32, 1, 0, 41.92, 47.4, 28, 0, 11, 0, 0),
('IND24', 'Test', '2017-07-26', 532, 31.29, 50.29, 1, 0, 31.5, 63.1, 28, 0, 11, 0, 0),
('IND24', 'T20I', '2016-01-26', 310, 18.24, 143.96, 0, 0, 34.35, 19.6, 38, 0, 11, 0, 0),

('IND25', 'ODI', '2016-06-11', 1461, 47.13, 87.54, 11, 3, 0, 0, 0, 0, 57, 0, 0),
('IND25', 'Test', '2014-12-26', 2052, 34.78, 49.07, 5, 5, 0, 0, 0, 0, 57, 0, 0),
('IND25', 'T20I', '2016-06-18', 1589, 43.02, 145.3, 14, 0, 0, 0, 0, 0, 36, 0, 0),

('IND26', 'ODI', '2016-01-23', 49, 24.5, 97, 0, 0, 23.07, 23.6, 103, 2, 17, 0, 0),
('IND26', 'Test', '2018-01-05', 266, 13.3, 26.35, 0, 0, 23.07, 23.6, 103, 2, 17, 0, 0),
('IND26', 'T20I', '2016-01-26', 59, 14.75, 100, 0, 0, 23.07, 23.6, 51, 0, 13, 0, 0),

('IND27', 'ODI', '2010-10-20', 5977, 45.03, 93.29, 17, 17, 0, 0, 0, 0, 146, 0, 0),
('IND27', 'Test', '2013-03-14', 2315, 40.26, 45.25, 7, 7, 0, 0, 0, 0, 146, 0, 0),
('IND27', 'T20I', '2011-06-05', 1673, 27.1, 128.57, 5, 0, 0, 0, 0, 0, 45, 0, 0),

('IND28', 'ODI', '2007-12-12', 1499, 9.08, 49.55, 0, 0, 34.04, 66.8, 316, 5, 23, 0, 0),
('IND28', 'Test', '2007-05-25', 303, 7.89, 25.93, 0, 0, 34.04, 66.8, 316, 5, 23, 0, 0),
('IND28', 'T20I', '2007-12-01', 8, 8, 8, 8, 8, 8, 8, 8, 8, 8, 8, 8),

('IND29', 'ODI', '2017-06-23', 696, 29, 88.89, 0, 0, 31.02, 32.4, 49, 0, 20, 0, 0),
('IND29', 'Test', '2018-08-18', 1176, 38.9, 61.14, 1, 0, 31.02, 32.4, 49, 0, 20, 0, 0),
('IND29', 'T20I', '2017-02-01', 410, 45.56, 145.93, 0, 0, 31.02, 32.4, 16, 0, 13, 0, 0),

('IND30', 'ODI', '2017-11-25', 1321, 42.58, 100.14, 10, 0, 0, 0, 4, 0, 7, 0, 0),
('IND30', 'Test', '2018-12-06', 1216, 55.27, 44.47, 2, 5, 0, 0, 4, 0, 7, 0, 0),
('IND30', 'T20I', '2017-12-20', 748, 33.08, 125.1, 4, 0, 0, 0, 1, 0, 4, 0, 0),

('IND31', 'ODI', '2018-01-01', 1200, 35.50, 85.20, 10, 2, 45.00, 32.10, 30, 1, 15, 5, 2),
('IND31', 'TEST', '2019-05-01', 850, 42.25, 60.80, 7, 3, 35.80, 28.50, 20, 0, 10, 3, 1),
('IND31', 'T20I', '2017-08-01', 550, 28.90, 130.40, 5, 1, 55.00, 22.20, 15, 0, 5, 2, 0),

('IND32', 'ODI', '2019-02-01', 320, 26.60, 90.50, 2, 0, 60.20, 35.10, 25, 0, 8, 3, 0),
('IND32', 'TEST', '2020-06-01', 150, 18.75, 45.60, 1, 0, 50.20, 32.80, 10, 0, 5, 1, 0),
('IND32', 'T20I', '2018-11-01', 420, 35.00, 120.30, 3, 0, 40.50, 20.80, 18, 0, 6, 2, 0),

('IND33', 'ODI', '2017-04-01', 600, 28.60, 80.20, 4, 1, 55.80, 32.50, 35, 1, 12, 4, 0),
('IND33', 'TEST', '2018-09-01', 400, 30.80, 65.40, 3, 0, 40.20, 28.90, 18, 0, 9, 2, 0),
('IND33', 'T20I', '2016-12-01', 480, 32.00, 110.20, 2, 0, 50.00, 25.60, 20, 0, 7, 3, 0),

('IND34', 'ODI', '2018-10-01', 880, 40.00, 95.20, 6, 2, 60.00, 30.10, 10, 0, 5, 1, 0),
('IND34', 'TEST', '2019-11-01', 670, 33.50, 70.80, 5, 1, 45.00, 28.50, 15, 0, 8, 2, 0),
('IND34', 'T20I', '2017-07-01', 720, 36.00, 130.60, 4, 0, 55.50, 20.80, 25, 0, 10, 4, 0),

('IND35', 'ODI', '2018-03-01', 950, 45.20, 100.50, 8, 3, 35.50, 28.20, 20, 0, 10, 3, 0),
('IND35', 'TEST', '2019-07-01', 780, 39.00, 85.60, 6, 2, 30.00, 25.80, 30, 1, 15, 5, 1),
('IND35', 'T20I', '2017-09-01', 420, 30.00, 120.20, 3, 0, 40.80, 22.10, 12, 0, 6, 2, 0),

('IND36', 'ODI', '2018-12-01', 580, 34.12, 85.20, 4, 1, 40.60, 35.10, 18, 0, 9, 2, 0),
('IND36', 'TEST', '2020-08-01', 320, 26.66, 70.20, 2, 0, 50.20, 32.80, 12, 0, 6, 1, 0),
('IND36', 'T20I', '2017-11-01', 420, 35.00, 130.30, 3, 0, 40.50, 20.80, 20, 0, 8, 3, 0),

('IND37', 'ODI', '2019-01-01', 480, 30.00, 95.80, 3, 0, 50.60, 25.10, 15, 0, 8, 2, 0),
('IND37', 'TEST', '2020-05-01', 250, 20.83, 60.20, 1, 0, 40.20, 28.90, 8, 0, 4, 1, 0),
('IND37', 'T20I', '2018-12-01', 390, 30.00, 120.20, 2, 0, 45.00, 25.60, 10, 0, 5, 1, 0),

('IND38', 'ODI', '2018-06-01', 420, 35.00, 80.20, 3, 0, 60.60, 32.50, 20, 0, 10, 3, 0),
('IND38', 'TEST', '2019-09-01', 300, 30.00, 65.40, 2, 0, 40.20, 28.90, 12, 0, 7, 2, 0),
('IND38', 'T20I', '2017-12-01', 320, 26.66, 110.20, 1, 0, 50.50, 25.60, 15, 0, 6, 2, 0),

('IND39', 'ODI', '2017-09-01', 520, 28.88, 75.20, 4, 1, 55.60, 32.50, 25, 0, 12, 4, 0),
('IND39', 'TEST', '2019-04-01', 220, 22.00, 60.40, 1, 0, 45.20, 28.80, 8, 0, 5, 1, 0),
('IND39', 'T20I', '2016-10-01', 380, 29.23, 100.10, 2, 0, 50.20, 25.80, 18, 0, 8, 3, 0),

('IND40', 'ODI', '2017-12-01', 670, 39.41, 90.20, 5, 2, 50.60, 35.10, 20, 1, 10, 3, 0),
('IND40', 'TEST', '2019-10-01', 380, 31.66, 65.40, 3, 0, 40.80, 28.80, 15, 0, 7, 2, 0),
('IND40', 'T20I', '2017-08-01', 420, 35.00, 120.20, 3, 0, 40.50, 25.60, 18, 0, 9, 3, 0),

('IND41', 'ODI', '2001-01-01', 5500, 50.00, 80.00, 40, 10, 30.00, 35.00, 100, 5, 50, 20, 10),
('IND41', 'TEST', '2002-05-01', 3500, 45.00, 75.00, 25, 5, 35.00, 40.00, 50, 2, 30, 15, 5),
('IND41', 'T20I', '2003-08-01', 2500, 35.00, 110.00, 15, 2, 20.00, 25.00, 40, 1, 20, 10, 2),

('IND42', 'ODI', '2014-02-01', 4200, 45.00, 90.00, 30, 7, 25.00, 30.00, 70, 3, 40, 15, 5),
('IND42', 'TEST', '2016-06-01', 2800, 40.00, 80.00, 20, 3, 30.00, 35.00, 35, 1, 25, 10, 3),
('IND42', 'T20I', '2015-09-01', 1800, 30.00, 120.00, 10, 1, 18.00, 20.00, 30, 0, 15, 5, 1),

('IND43', 'ODI', '2002-01-01', 4500, 35.00, 70.00, 25, 5, 28.00, 30.00, 120, 6, 60, 25, 15),
('IND43', 'TEST', '2003-06-01', 3200, 40.00, 65.00, 20, 3, 32.00, 35.00, 80, 3, 45, 20, 10),
('IND43', 'T20I', '2004-09-01', 2200, 30.00, 100.00, 15, 2, 22.00, 25.00, 60, 2, 35, 15, 5),

('IND44', 'ODI', '2008-02-01', 3800, 30.00, 85.00, 20, 3, 35.00, 40.00, 90, 4, 55, 20, 10),
('IND44', 'TEST', '2010-06-01', 2400, 35.00, 75.00, 15, 2, 28.00, 30.00, 40, 1, 25, 10, 3),
('IND44', 'T20I', '2009-09-01', 1500, 25.00, 110.00, 10, 1, 18.00, 20.00, 30, 0, 15, 5, 1),

('IND45', 'ODI', '2013-01-01', 3200, 25.00, 60.00, 15, 2, 28.00, 35.00, 80, 3, 40, 15, 5),
('IND45', 'TEST', '2015-06-01', 1800, 30.00, 55.00, 10, 1, 30.00, 35.00, 35, 1, 20, 10, 3),
('IND45', 'T20I', '2014-09-01', 1200, 20.00, 80.00, 5, 0, 20.00, 25.00, 25, 0, 10, 5, 1),

('IND46', 'ODI', '2016-02-01', 3500, 40.00, 80.00, 25, 3, 30.00, 35.00, 60, 2, 35, 15, 5),
('IND46', 'TEST', '2018-06-01', 2400, 35.00, 70.00, 15, 2, 32.00, 40.00, 40, 1, 25, 10, 3),
('IND46', 'T20I', '2017-09-01', 1800, 30.00, 100.00, 10, 1, 22.00, 25.00, 35, 0, 15, 5, 1),

('IND47', 'ODI', '2019-01-01', 1200, 30.00, 100.00, 10, 1, 20.00, 25.00, 40, 1, 20, 10, 2),
('IND47', 'TEST', '2020-06-01', 800, 25.00, 80.00, 5, 0, 25.00, 30.00, 20, 0, 15, 5, 1),
('IND47', 'T20I', '2018-09-01', 600, 20.00, 120.00, 5, 0, 15.00, 20.00, 25, 0, 10, 5, 0),

('IND48', 'ODI', '2010-02-01', 2800, 30.00, 70.00, 20, 2, 25.00, 30.00, 60, 2, 35, 15, 5),
('IND48', 'TEST', '2012-06-01', 1800, 35.00, 65.00, 10, 1, 30.00, 35.00, 30, 1, 20, 10, 3),
('IND48', 'T20I', '2011-09-01', 1500, 25.00, 80.00, 10, 0, 18.00, 20.00, 25, 0, 15, 5, 1),

('IND49', 'ODI', '2012-01-01', 2200, 25.00, 65.00, 15, 1, 28.00, 35.00, 50, 1, 30, 10, 2),
('IND49', 'TEST', '2014-06-01', 1200, 30.00, 60.00, 10, 0, 25.00, 30.00, 20, 0, 15, 5, 1),
('IND49', 'T20I', '2013-09-01', 800, 20.00, 80.00, 5, 0, 20.00, 25.00, 15, 0, 10, 5, 0),

('IND50', 'ODI', '2018-02-01', 1800, 35.00, 85.00, 10, 2, 22.00, 25.00, 40, 1, 20, 10, 3),
('IND50', 'TEST', '2020-06-01', 1200, 30.00, 70.00, 5, 1, 28.00, 35.00, 25, 0, 15, 5, 1),
('IND50', 'T20I', '2019-09-01', 1000, 25.00, 100.00, 5, 0, 18.00, 20.00, 20, 0, 10, 5, 0),

('IND51', 'ODI', '2018-01-01', 1200, 20.00, 70.00, 10, 0, 18.00, 25.00, 30, 0, 20, 10, 2),
('IND51', 'TEST', '2019-06-01', 800, 25.00, 60.00, 5, 0, 22.00, 30.00, 15, 0, 15, 5, 1),
('IND51', 'T20I', '2017-09-01', 600, 15.00, 80.00, 5, 0, 15.00, 20.00, 10, 0, 10, 5, 0),

('IND52', 'ODI', '2019-02-01', 800, 20.00, 50.00, 5, 0, 20.00, 25.00, 20, 0, 15, 10, 1),
('IND52', 'TEST', '2020-06-01', 600, 15.00, 45.00, 3, 0, 18.00, 30.00, 10, 0, 10, 5, 1),
('IND52', 'T20I', '2018-09-01', 400, 10.00, 60.00, 2, 0, 12.00, 20.00, 5, 0, 5, 5, 0),

('IND53', 'ODI', '2018-03-01', 600, 25.00, 60.00, 5, 0, 22.00, 30.00, 25, 0, 20, 10, 2),
('IND53', 'TEST', '2019-08-01', 400, 20.00, 55.00, 3, 0, 20.00, 25.00, 15, 0, 15, 5, 1),
('IND53', 'T20I', '2017-11-01', 300, 15.00, 70.00, 2, 0, 15.00, 20.00, 10, 0, 10, 5, 0),

('IND54', 'ODI', '2009-01-01', 2800, 30.00, 70.00, 20, 2, 25.00, 30.00, 60, 2, 35, 15, 5),
('IND54', 'TEST', '2011-06-01', 1800, 35.00, 65.00, 10, 1, 30.00, 35.00, 30, 1, 20, 10, 3),
('IND54', 'T20I', '2010-09-01', 1500, 25.00, 80.00, 10, 0, 18.00, 20.00, 25, 0, 15, 5, 1),

('IND55', 'ODI', '2012-02-01', 2200, 25.00, 65.00, 15, 1, 28.00, 35.00, 50, 1, 30, 10, 2),
('IND55', 'TEST', '2014-06-01', 1200, 30.00, 60.00, 10, 0, 25.00, 30.00, 20, 0, 15, 5, 1),
('IND55', 'T20I', '2013-09-01', 800, 20.00, 80.00, 5, 0, 20.00, 25.00, 15, 0, 10, 5, 0),

('IND56', 'ODI', '2010-02-01', 3200, 25.00, 70.00, 20, 1, 25.00, 30.00, 70, 3, 40, 15, 5),
('IND56', 'TEST', '2012-06-01', 2200, 30.00, 65.00, 15, 2, 28.00, 35.00, 35, 1, 25, 10, 3),
('IND56', 'T20I', '2011-09-01', 1500, 25.00, 80.00, 10, 0, 18.00, 20.00, 30, 0, 15, 5, 1),

('IND57', 'ODI', '2017-01-01', 1200, 20.00, 60.00, 10, 0, 22.00, 25.00, 40, 1, 20, 10, 2),
('IND57', 'TEST', '2018-06-01', 800, 25.00, 55.00, 5, 0, 25.00, 30.00, 20, 0, 15, 5, 1),
('IND57', 'T20I', '2016-09-01', 600, 15.00, 70.00, 5, 0, 15.00, 20.00, 25, 0, 10, 5, 0),

('IND58', 'ODI', '2018-02-01', 800, 20.00, 50.00, 5, 0, 20.00, 25.00, 20, 0, 15, 10, 1),
('IND58', 'TEST', '2020-06-01', 600, 15.00, 45.00, 3, 0, 18.00, 30.00, 10, 0, 10, 5, 1),
('IND58', 'T20I', '2018-09-01', 400, 10.00, 60.00, 2, 0, 12.00, 20.00, 5, 0, 5, 5, 0),

('IND59', 'ODI', '2019-02-01', 1200, 20.00, 60.00, 10, 0, 18.00, 25.00, 30, 0, 20, 10, 2),
('IND59', 'TEST', '2020-06-01', 800, 25.00, 55.00, 5, 0, 22.00, 30.00, 15, 0, 15, 5, 1),
('IND59', 'T20I', '2018-09-01', 600, 15.00, 70.00, 5, 0, 15.00, 20.00, 10, 0, 10, 5, 0),


('SA1', 'ODI', '2004-02-17', 9577, 53.50, 101.09, 25, 25, 0, 0, 0, 0, 158, 6, 0),
('SA1', 'TEST', '2004-02-17', 8765, 50.66, 54.24, 22, 22, 0, 0, 0, 0, 267, 11, 5),
('SA1', 'T20I', '2004-02-17', 1672, 26.12, 135.16, 10, 0, 0, 0, 0, 0, 57, 7, 0),
('SA2', 'ODI', '2008-03-31', 8113, 49.46, 88.39, 27, 27, 0, 0, 0, 0, 85, 3, 0),
('SA2', 'TEST', '2008-03-31', 9282, 46.41, 49.38, 28, 28, 0, 0, 0, 0, 98, 4, 0),
('SA2', 'T20I', '2008-03-31', 1277, 34.51, 131.19, 8, 0, 0, 0, 0, 0, 51, 1, 0),
('SA3', 'ODI', '2015-05-25', 1062, 10.83, 53.53, 0, 0, 24.35, 32.0, 117, 1, 12, 0, 0),
('SA3', 'TEST', '2015-05-25', 99, 4.12, 14.95, 0, 0, 28.36, 38.0, 213, 9, 11, 0, 0),
('SA3', 'T20I', '2015-05-25', 8, 8.00, 80.00, 0, 0, 14.00, 12.0, 33, 0, 5, 0, 0),
('SA4', 'ODI', '2013-12-17', 5133, 43.52, 94.77, 15, 15, 0, 0, 0, 0, 202, 5, 15),
('SA4', 'TEST', '2013-12-17', 2703, 39.26, 45.54, 6, 5, 0, 0, 0, 0, 76, 6, 2),
('SA4', 'T20I', '2013-12-17', 1857, 31.67, 135.20, 14, 0, 0, 0, 0, 0, 41, 0, 1),
('SA5', 'ODI', '2011-07-13', 5507, 47.47, 86.28, 12, 12, 0, 0, 0, 0, 96, 3, 0),
('SA5', 'TEST', '2011-07-13', 4163, 40.02, 47.48, 10, 10, 0, 0, 0, 0, 56, 2, 0),
('SA5', 'T20I', '2011-07-13', 1381, 33.97, 130.32, 8, 0, 0, 0, 0, 0, 34, 4, 0),
('SA6', 'ODI', '2005-06-27', 120, 10.90, 56.45, 0, 0, 25.95, 32.5, 196, 26, 23, 4, 0),
('SA6', 'TEST', '2005-06-27', 264, 9.00, 23.27, 0, 0, 22.95, 41.4, 439, 26, 47, 4, 0),
('SA6', 'T20I', '2005-06-27', 64, 8.00, 123.07, 0, 0, 31.08, 20.8, 64, 0, 16, 0, 0),
('SA7', 'ODI', '2007-03-27', 15, 5.00, 35.71, 0, 0, 24.41, 28.8, 173, 4, 2, 0, 0),
('SA7', 'TEST', '2007-03-27', 114, 7.13, 16.21, 0, 0, 24.90, 40.2, 315, 20, 41, 0, 0),
('SA7', 'T20I', '2007-03-27', 77, 9.62, 113.23, 0, 0, 20.10, 18.8, 63, 0, 13, 0, 0),
('SA8', 'ODI', '2007-06-24', 703, 9.73, 40.62, 0, 0, 21.46, 49.4, 224, 7, 21, 0, 0),
('SA8', 'TEST', '2007-06-24', 1675, 11.05, 15.78, 0, 0, 21.99, 47.3, 224, 13, 44, 0, 0),
('SA8', 'T20I', '2007-06-24', 88, 5.18, 80.73, 0, 0, 20.89, 19.8, 47, 0, 15, 0, 0),
('SA9', 'ODI', '2007-12-06', 292, 7.11, 64.24, 0, 0, 23.60, 33.0, 188, 10, 25, 0, 0),
('SA9', 'TEST', '2006-03-23', 674, 7.28, 16.14, 0, 0, 29.23, 50.2, 309, 14, 29, 0, 0),
('SA9', 'T20I', '2007-12-21', 44, 11.00, 132.73, 0, 0, 24.08, 19.8, 14, 0, 2, 0, 0),
('SA10', 'ODI', '2004-08-20', 5697, 37.39, 83.49, 42, 4, 39.91, 53.8, 68, 0, 68, 0, 0),
('SA10', 'TEST', '2008-12-26', 2103, 32.85, 46.51, 6, 6, 40.19, 77.0, 42, 0, 53, 0, 0),
('SA10', 'T20I', '2006-09-16', 1934, 36.47, 125.79, 11, 0, 34.00, 24.0, 32, 0, 31, 0, 0),
('SA11', 'ODI', '2010-05-24', 3284, 38.16, 98.66, 21, 3, 42.66, 31.8, 41, 0, 58, 0, 0),
('SA11', 'TEST', '2012-11-29', 1576, 36.09, 49.48, 8, 1, 0, 0, 0, 0, 34, 0, 0),
('SA11', 'T20I', '2010-05-21', 1267, 29.97, 140.44, 5, 0, 22.10, 18.4, 15, 0, 10, 0, 0),
('SA14', 'ODI', '2017-09-27', 3019, 39.32, 80.85, 18, 6, 39.00, 51.4, 25, 0, 22, 0, 0),
('SA14', 'TEST', '2017-09-28', 1274, 43.86, 38.92, 4, 4, 42.00, 73.5, 8, 0, 11, 0, 0),
('SA14', 'T20I', '2017-10-29', 142, 28.40, 120.34, 0, 0, 31.00, 21.0, 6, 0, 3, 0, 0),
('SA15', 'ODI', '2016-06-21', 37, 37.00, 68.51, 0, 0, 19.50, 29.5, 16, 0, 9, 0, 0),
('SA15', 'TEST', '2018-02-01', 60, 12.00, 42.55, 0, 0, 33.60, 64.0, 8, 0, 4, 0, 0),
('SA15', 'T20I', '2018-02-18', 18, 9.00, 112.50, 0, 0, 28.00, 15.0, 10, 0, 1, 0, 0),
('SA16', 'ODI', '2016-06-07', 679, 27.16, 99.54, 4, 0, 40.42, 31.6, 49, 1, 13, 0, 0),
('SA16', 'TEST', '2016-11-12', 550, 22.00, 43.65, 0, 0, 30.56, 51.6, 13, 0, 6, 0, 0),
('SA16', 'T20I', '2017-01-20', 54, 10.80, 118.68, 0, 0, 23.14, 18.0, 9, 0, 4, 0, 0),

('SA17', 'ODI', '2016-09-30', 1425, 33.82, 78.89, 8, 1, 37.00, 52.4, 7, 0, 21, 0, 0),
('SA17', 'TEST', '2016-01-02', 1000, 30.30, 42.55, 5, 1, 0, 0, 0, 0, 12, 0, 0),
('SA17', 'T20I', '2016-02-21', 225, 18.75, 126.40, 0, 0, 27.71, 24.0, 10, 0, 3, 0, 0),
('SA18', 'ODI', '2017-02-03', 129, 25.80, 63.54, 0, 0, 30.40, 37.8, 24, 0, 4, 0, 0),
('SA18', 'TEST', '2016-11-03', 300, 25.00, 41.96, 0, 0, 27.60, 50.4, 12, 0, 6, 0, 0),
('SA18', 'T20I', '2016-06-19', 38, 9.50, 158.33, 0, 0, 26.22, 15.0, 9, 0, 3, 0, 0),
('SA19', 'ODI', '2018-01-13', 82, 20.50, 86.31, 0, 0, 25.37, 24.0, 14, 0, 4, 0, 0),
('SA19', 'TEST', '2017-08-10', 112, 14.00, 26.35, 0, 0, 30.75, 48.0, 9, 0, 1, 0, 0),
('SA19', 'T20I', '2017-10-29', 28, 9.33, 116.66, 0, 0, 21.85, 12.0, 8, 0, 1, 0, 0),
('SA20', 'ODI', '2017-10-22', 370, 41.11, 94.10, 0, 4, 0, 0, 0, 0, 6, 0, 0),
('SA20', 'TEST', '2017-12-28', 259, 25.90, 40.30, 0, 0, 0, 0, 0, 0, 3, 0, 0),
('SA20', 'T20I', '2017-02-09', 95, 15.83, 126.66, 0, 0, 0, 0, 0, 0, 2, 0, 0),
('SA21', 'ODI', '2019-03-02', 24, 12.00, 52.17, 0, 0, 31.00, 35.5, 13, 0, 4, 0, 0),
('SA21', 'TEST', '2020-12-26', 53, 10.60, 27.49, 0, 0, 36.00, 57.0, 8, 0, 3, 0, 0),
('SA21', 'T20I', '2019-03-24', 26, 8.66, 114.28, 0, 0, 23.40, 17.0, 10, 0, 2, 0, 0),
('SA22', 'ODI', '2016-08-25', 494, 28.29, 103.77, 1, 0, 36.76, 31.4, 22, 0, 5, 0, 0),
('SA22', 'TEST', '2016-12-26', 96, 19.20, 34.55, 0, 0, 22.50, 48.0, 5, 0, 1, 0, 0),
('SA22', 'T20I', '2017-01-20', 22, 11.00, 110.00, 0, 0, 19.16, 12.0, 9, 0, 2, 0, 0),
('SA23', 'ODI', '2013-08-06', 27, 9.00, 100.00, 0, 0, 46.60, 35.4, 28, 1, 4, 0, 0),
('SA23', 'TEST', '2013-02-22', 174, 14.50, 20.34, 0, 0, 30.30, 61.2, 6, 0, 2, 0, 0),
('SA23', 'T20I', '2012-12-21', 8, 8.00, 100.00, 0, 0, 25.50, 18.0, 9, 0, 1, 0, 0),
('SA24', 'ODI', '2015-01-25', 1, 1.00, 50.00, 0, 0, 15.50, 12.0, 4, 0, 0, 0, 0),
('SA24', 'TEST', '2015-01-06', 12, 6.00, 30.76, 0, 0, 28.50, 45.0, 2, 0, 0, 0, 0),
('SA24', 'T20I', '2014-11-21', 7, 7.00, 87.50, 0, 0, 21.60, 18.0, 6, 0, 1, 0, 0),
('SA25', 'ODI', '2016-06-21', 867, 31.56, 95.77, 2, 0, 36.40, 29.8, 34, 1, 10, 0, 0),
('SA25', 'TEST', '2012-08-30', 133, 11.08, 32.58, 0, 0, 37.83, 75.0, 4, 0, 2, 0, 0),
('SA25', 'T20I', '2012-12-21', 79, 19.75, 128.57, 0, 0, 20.33, 15.0, 10, 0, 3, 0, 0),

('SA26', 'ODI', '2020-02-04', 6, 6.00, 100.00, 0, 0, 16.00, 24.0, 2, 0, 1, 0, 0),
('SA26', 'TEST', '2021-12-26', 36, 12.00, 41.37, 0, 0, 51.11, 73.0, 2, 0, 1, 0, 0),
('SA26', 'T20I', '2020-11-27', 13, 6.50, 130.00, 0, 0, 11.66, 15.3, 3, 0, 2, 0, 0),

('SA27', 'ODI', '2019-03-10', 12, 12.00, 60.00, 0, 0, 22.66, 18.0, 0, 0, 2, 0, 0),
('SA27', 'TEST', '2021-12-16', 21, 5.25, 19.44, 0, 0, 21.00, 42.0, 1, 0, 1, 0, 0),
('SA27', 'T20I', '2019-03-19', 1, 1.00, 50.00, 0, 0, 9.00, 9.0, 1, 0, 0, 0, 0),

('SA28', 'ODI', '2020-01-25', 4, 4.00, 80.00, 0, 0, 16.50, 20.0, 2, 0, 0, 0, 0),
('SA28', 'TEST', '2020-01-16', 6, 1.20, 30.00, 0, 0, 32.00, 32.0, 1, 0, 0, 0, 0),
('SA28', 'T20I', '2019-10-26', 1, 1.00, 50.00, 0, 0, 36.00, 30.0, 1, 0, 0, 0, 0),

('SA29', 'ODI', '2019-01-19', 282, 40.28, 89.16, 0, 4, 21.14, 22.0, 0, 0, 0, 0, 0),
('SA29', 'TEST', '2019-01-11', 269, 44.83, 40.83, 0, 1, 13.00, 26.0, 0, 0, 0, 0, 0),
('SA29', 'T20I', '2019-02-20', 56, 18.66, 96.55, 0, 0, 29.50, 18.0, 2, 0, 0, 0, 0),

('SA30', 'ODI', '2020-11-27', 13, 13.00, 61.90, 0, 0, 22.00, 18.0, 1, 0, 0, 0, 0),
('SA30', 'TEST', '2021-12-16', 32, 16.00, 40.00, 0, 0, 45.00, 54.0, 1, 0, 0, 0, 0),
('SA30', 'T20I', '2020-01-26', 19, 19.00, 104.44, 0, 0, 24.00, 18.0, 1, 0, 0, 0, 0),

('SA31', 'ODI', '2018-01-07', 39, 39.00, 63.93, 0, 0, 26.50, 30.0, 1, 0, 0, 0, 0),
('SA31', 'TEST', '2021-12-26', 35, 17.50, 40.69, 0, 0, 27.00, 36.0, 1, 0, 1, 0, 0),
('SA31', 'T20I', '2020-03-03', 7, 7.00, 58.33, 0, 0, 21.00, 12.0, 1, 0, 0, 0, 0),

('SA32', 'ODI', '2020-01-25', 2, 2.00, 22.22, 0, 0, 58.00, 39.0, 1, 0, 0, 0, 0),
('SA32', 'TEST', '2021-12-16', 3, 3.00, 27.27, 0, 0, 95.00, 39.0, 0, 0, 0, 0, 0),
('SA32', 'T20I', '2020-01-26', 7, 3.50, 116.66, 0, 0, 21.00, 12.0, 1, 0, 0, 0, 0),

('SA33', 'ODI', '2019-06-05', 19, 19.00, 90.47, 0, 0, 37.64, 23.9, 4, 0, 1, 0, 0),
('SA33', 'TEST', '2019-06-20', 59, 11.80, 33.63, 0, 0, 32.00, 57.0, 1, 0, 0, 0, 0),
('SA33', 'T20I', '2017-01-20', 27, 9.00, 100.00, 0, 0, 46.60, 35.4, 28, 1, 3, 0, 0),

('SA35', 'ODI', '2021-09-10', 17, 17.00, 73.91, 0, 0, 17.00, 18.0, 3, 0, 0, 0, 0),
('SA35', 'TEST', '2021-01-22', 19, 9.50, 52.77, 0, 0, 19.00, 38.0, 3, 0, 0, 0, 0),
('SA35', 'T20I', '2019-02-21', 10, 5.00, 166.66, 0, 0, 9.50, 10.0, 2, 0, 0, 0, 0),

('SA36', 'ODI', '2021-01-22', 2, 2.00, 28.57, 0, 0, 64.00, 30.0, 2, 0, 0, 0, 0),
('SA36', 'TEST', '2021-12-26', 3, 1.50, 27.27, 0, 0, 71.00, 39.0, 1, 0, 0, 0, 0),
('SA36', 'T20I', '2021-02-26', 1, 1.00, 50.00, 0, 0, 14.50, 12.0, 2, 0, 0, 0, 0),

('SA37', 'ODI', '2020-01-25', 2, 2.00, 66.66, 0, 0, 10.00, 12.0, 4, 0, 0, 0, 0),
('SA37', 'TEST', '2019-01-19', 9, 3.00, 27.27, 0, 0, 23.00, 33.0, 1, 0, 0, 0, 0),
('SA37', 'T20I', '2020-01-26', 2, 2.00, 66.66, 0, 0, 23.00, 18.0, 2, 0, 0, 0, 0),

('SA38', 'ODI', '2020-01-25', 1, 1.00, 50.00, 0, 0, 36.00, 30.0, 2, 0, 0, 0, 0),
('SA38', 'TEST', '2019-07-18', 17, 5.66, 45.83, 0, 0, 32.00, 42.0, 2, 0, 0, 0, 0),
('SA38', 'T20I', '2019-07-21', 5, 2.50, 71.42, 0, 0, 17.00, 12.0, 2, 0, 0, 0, 0),

('SA39', 'ODI', '2020-01-25', 4, 4.00, 100.00, 0, 0, 10.00, 12.0, 2, 0, 0, 0, 0),
('SA39', 'TEST', '2021-12-26', 15, 15.00, 42.85, 0, 0, 31.00, 38.0, 2, 0, 0, 0, 0),
('SA39', 'T20I', '2020-01-26', 9, 9.00, 90.00, 0, 0, 17.00, 12.0, 1, 0, 0, 0, 0),

('SA40', 'ODI', '2021-03-06', 19, 19.00, 47.50, 0, 0, 10.00, 30.0, 0, 0, 0, 0, 0),
('SA40', 'TEST', '2021-03-10', 35, 11.66, 35.89, 0, 0, 20.00,20.0, 0, 0, 0, 0, 0),
('SA40', 'T20I', '2021-03-20', 17, 17.00, 141.66, 0, 0, 30.00, 40.0, 0, 0, 0, 0, 0),


('SA41', 'ODI', '1989-11-13', 3820, 37.83, 69.58, 26, 1, 51.40, 39.1, 5, 0, 39, 14, 0),
('SA41', 'TEST', '1989-11-13', 1565, 30.29, 45.91, 9, 1, 74.28, 85.5, 6, 0, 9, 3, 0),
('SA41', 'T20I', '1989-11-13', 2556, 27.63, 97.89, 12, 0, 43.50, 18.5, 13, 0, 23, 5, 0),

('SA42', 'ODI', '1990-01-03', 2550, 29.88, 72.58, 8, 0, 36.20, 38.6, 8, 0, 22, 9, 0),
('SA42', 'TEST', '1990-01-03', 974, 29.51, 41.79, 3, 0, 39.63, 57.3, 42, 0, 28, 6, 0),
('SA42', 'T20I', '1990-01-03', 1240, 26.81, 98.90, 5, 0, 27.20, 17.2, 18, 0, 14, 5, 0),

('SA43', 'ODI', '1993-05-14', 2674, 34.05, 65.32, 6, 0, 27.33, 36.2, 63, 0, 22, 8, 0),
('SA43', 'TEST', '1993-05-14', 396, 19.80, 34.94, 0, 0, 39.75, 75.3, 2, 0, 3, 1, 0),
('SA43', 'T20I', '1993-05-14', 695, 20.44, 94.30, 1, 0, 20.60, 15.6, 30, 0, 12, 5, 0),

('SA44', 'ODI', '1994-01-25', 1704, 27.48, 111.55, 7, 0, 38.55, 35.6, 73, 0, 15, 10, 0),
('SA44', 'TEST', '1994-01-25', 200, 16.67, 33.33, 0, 0, 65.50, 105.0, 2, 0, 2, 0, 0),
('SA44', 'T20I', '1994-01-25', 878, 27.43, 133.42, 3, 0, 33.40, 16.4, 54, 0, 14, 5, 0),

('SA45', 'ODI', '1992-03-02', 2965, 31.84, 97.90, 16, 2, 52.00, 38.9, 0, 0, 13, 7, 0),
('SA45', 'TEST', '1992-03-02', 357, 17.85, 41.00, 0, 0, 0.0, 0.0, 0, 0, 1, 0, 0),
('SA45', 'T20I', '1992-03-02', 1713, 27.32, 119.60, 1, 0, 28.14, 16.8, 0, 0, 8, 3, 0),

('SA46', 'ODI', '1988-01-05', 1368, 23.62, 63.94, 3, 0, 30.23, 34.3, 142, 0, 34, 15, 0),
('SA46', 'TEST', '1988-01-05', 4, 4.00, 20.00, 0, 0, 85.50, 171.0, 4, 0, 0, 0, 0),
('SA46', 'T20I', '1988-01-05', 34, 17.00, 107.54, 0, 0, 20.00, 14.0, 47, 0, 2, 1, 0),

('SA47', 'ODI', '1996-01-09', 1432, 26.51, 63.52, 7, 0, 29.76, 40.4, 85, 0, 23, 10, 0),
('SA47', 'TEST', '1996-01-09', 159, 12.23, 30.81, 0, 0, 43.33, 85.5, 6, 0, 4, 1, 0),
('SA47', 'T20I', '1996-01-09', 308, 13.39, 99.35, 0, 0, 20.50, 15.6, 44, 0, 6, 3, 0),

('SA48', 'ODI', '1992-11-05', 773, 28.62, 47.05, 1, 0, 29.67, 32.2, 86, 0, 17, 8, 0),
('SA48', 'TEST', '1992-11-05', 28, 9.33, 43.07, 0, 0, 0.0, 0.0, 0, 0, 2, 1, 0),
('SA48', 'T20I', '1992-11-05', 153, 10.93, 89.47, 0, 0, 21.40, 14.9, 16, 0, 3, 1, 0),

('SA49', 'ODI', '1999-04-05', 1816, 37.83, 75.77, 7, 0, 18.76, 22.4, 34, 0, 25, 12, 0),
('SA49', 'TEST', '1999-04-05', 310, 25.83, 35.43, 0, 0, 28.00, 57.0, 2, 0, 5, 1, 0),
('SA49', 'T20I', '1999-04-05', 802, 23.58, 98.16, 2, 0, 18.44, 16.8, 34, 0, 9, 5, 0),

('SA50', 'ODI', '1988-06-26', 2923, 29.51, 65.76, 8, 0, 25.65, 33.2, 65, 0, 141, 45, 0),
('SA50', 'TEST', '1988-06-26', 392, 14.40, 31.83, 0, 0, 34.50, 47.6, 8, 0, 2, 2, 0),
('SA50', 'T20I', '1988-06-26', 57, 5.18, 55.88, 0, 0, 28.20, 21.4, 15, 0, 4, 0, 0),

('SA51', 'ODI', '1994-11-30', 195, 24.38, 41.66, 0, 0, 31.20, 35.4, 19, 0, 2, 0, 0),
('SA51', 'TEST', '1994-11-30', 68, 13.60, 27.45, 0, 0, 36.50, 63.5, 3, 0, 1, 0, 0),
('SA51', 'T20I', '1994-11-30', 124, 10.36, 88.57, 0, 0, 27.80, 19.6, 7, 0, 1, 0, 0),

('SA52', 'ODI', '1991-11-09', 246, 12.95, 54.21, 0, 0, 17.43, 24.2, 5, 0, 4, 2, 0),
('SA52', 'TEST', '1991-11-09', 8, 2.67, 26.66, 0, 0, 47.20, 82.4, 1, 0, 0, 0, 0),
('SA52', 'T20I', '1991-11-09', 20, 6.66, 76.92, 0, 0, 29.10, 23.4, 3, 0, 1, 0, 0),

('SA53', 'ODI', '1994-11-19', 438, 29.20, 49.32, 1, 0, 28.60, 35.1, 12, 0, 9, 4, 0),
('SA53', 'TEST', '1994-11-19', 68, 13.60, 27.45, 0, 0, 43.00, 76.6, 1, 0, 0, 0, 0),
('SA53', 'T20I', '1994-11-19', 86, 14.33, 80.37, 0, 0, 33.20, 22.9, 4, 0, 1, 0, 0),

('SA54', 'ODI', '1998-11-14', 65, 16.25, 46.76, 0, 0, 26.40, 29.8, 8, 0, 1, 0, 0),
('SA54', 'TEST', '1998-11-14', 97, 20.0, 80.0, 0, 0, 78.0, 70.0, 0, 0, 0, 0, 0),
('SA54', 'T20I', '1998-11-14', 153, 25.50, 110.14, 0, 0, 30.60, 17.3, 6, 0, 1, 0, 0),

('SA55', 'ODI', '2001-01-09', 18, 18.00, 26.86, 0, 0, 23.33, 26.3, 1, 0, 1, 1, 0),
('SA55', 'TEST', '2001-01-09',97, 20.0, 50.0, 0, 0, 8.0,90.0, 0, 0, 0, 0, 0),
('SA55', 'T20I', '2001-01-09', 23, 11.50, 95.83, 0, 0, 29.50, 18.7, 3, 0, 1, 0, 0),

('SA56', 'ODI', '1999-08-23', 457, 32.64, 59.93, 2, 0, 34.25, 39.1, 5, 0, 10, 4, 0),
('SA56', 'TEST', '1999-08-23', 97, 10.0, 50.0, 0, 0, 78.0, 70.0, 0, 0, 0, 0, 0),
('SA56', 'T20I', '1999-08-23', 160, 40.00, 123.07, 0, 0, 29.60, 19.8, 2, 0, 4, 0, 0),

('SA57', 'ODI', '1997-01-01', 207, 20.70, 40.70, 0, 0, 35.40, 45.3, 6, 0, 7, 1, 0),
('SA57', 'TEST', '1997-01-01',97, 10.0, 50.0, 0, 0, 78.0, 70.0, 0, 0, 0, 0, 0),
('SA57', 'T20I', '1997-01-01', 308, 13.39, 99.35, 0, 0, 30.10, 18.2, 3, 0, 6, 3, 0),

('SA58', 'ODI', '1997-10-24', 425, 30.35, 59.93, 2, 0, 23.42, 27.6, 4, 0, 3, 2, 0),
('SA58', 'TEST', '1997-10-24', 97, 10.0, 50.0, 0, 0, 78.0, 70.0, 0, 0, 0, 0, 0),
('SA58', 'T20I', '1997-10-24', 57, 19.00, 82.60, 0, 0, 27.30, 19.7, 1, 0, 1, 0, 0),

('SA59', 'ODI', '1998-12-08', 194, 21.56, 43.98, 0, 0, 17.28, 20.4, 4, 0, 6, 1, 0),
('SA59', 'TEST', '1998-12-08', 97, 10.0, 50.0, 0, 0, 78.0, 70.0, 0, 0, 0, 0, 0),
('SA59', 'T20I', '1998-12-08', 23, 11.50, 68.66, 0, 0, 30.80, 18.5, 2, 0, 1, 0, 0),

('SA60', 'ODI', '2000-05-18', 86, 14.33, 56.66, 0, 0, 60.0, 70.0, 0, 0, 2, 0, 0),
('SA60', 'TEST', '2000-05-18', 97, 10.0, 50.0, 0, 0, 78.0, 70.0, 0, 0, 0, 0, 0),
('SA60', 'T20I', '2000-05-18', 160, 40.00, 123.07, 0, 0, 29.60, 19.8, 2, 0, 4, 0, 0),


('SL1', 'ODI', '2015-07-24', 3500, 33.00, 80.00, 10, 5, 0.00, 0.00, 0, 0, 30, 5, 3),
('SL1', 'TEST', '2015-10-29', 4000, 40.00, 60.00, 15, 8, 0.00, 0.00, 0, 0, 40, 8, 5),
('SL1', 'T20I', '2016-03-08', 1200, 28.00, 120.00, 3, 1, 0.00, 0.00, 0, 0, 10, 2, 0),

('SL2', 'ODI', '2016-07-02', 2500, 35.00, 85.00, 8, 3, 28.00, 52.00, 10, 2, 20, 3, 1),
('SL2', 'TEST', '2016-07-12', 2000, 30.00, 55.00, 5, 2, 30.00, 48.00, 15, 3, 30, 5, 2),
('SL2', 'T20I', '2016-08-28', 800, 20.00, 130.00, 2, 0, 35.00, 18.00, 8, 1, 5, 0, 0),

('SL3', 'ODI', '2017-01-22', 1800, 28.00, 90.00, 4, 1, 0.00, 0.00, 0, 0, 20, 1, 0),
('SL3', 'TEST', '2017-07-06', 2200, 30.00, 50.00, 7, 2, 0.00, 0.00, 0, 0, 20, 2, 0),
('SL3', 'T20I', '2018-03-06', 600, 18.00, 120.00, 1, 0, 0.00, 0.00, 0, 0, 5, 0, 0),

('SL4', 'ODI', '2011-12-01', 4000, 38.00, 70.00, 15, 6, 0.00, 0.00, 0, 0, 40, 5, 2),
('SL4', 'TEST', '2012-11-14', 5000, 45.00, 55.00, 20, 10, 0.00, 0.00, 0, 0, 50, 8, 3),
('SL4', 'T20I', '2013-06-01', 1500, 30.00, 130.00, 5, 1, 0.00, 0.00, 0, 0, 15, 2, 0),

('SL5', 'ODI', '2010-12-18', 3000, 32.00, 75.00, 8, 2, 0.00, 0.00, 0, 0, 20, 3, 1),
('SL5', 'TEST', '2011-12-01', 3500, 35.00, 60.00, 10, 5, 0.00, 0.00, 0, 0, 30, 4, 2),
('SL5', 'T20I', '2012-01-10', 1200, 25.00, 115.00, 3, 0, 0.00, 0.00, 0, 0, 10, 1, 0),

('SL6', 'ODI', '2008-11-28', 8000, 40.00, 75.00, 20, 10, 32.00, 48.00, 100, 10, 60, 12, 5),
('SL6', 'TEST', '2009-07-04', 7000, 45.00, 60.00, 25, 12, 28.00, 52.00, 200, 20, 80, 15, 8),
('SL6', 'T20I', '2009-06-28', 1500, 35.00, 120.00, 5, 2, 30.00, 18.00, 30, 2, 10, 3, 2),

('SL7', 'ODI', '2009-07-09', 1200, 20.00, 70.00, 1, 0, 28.00, 50.00, 100, 15, 40, 8, 2),
('SL7', 'TEST', '2010-12-01', 1500, 25.00, 45.00, 2, 0, 25.00, 42.00, 150, 20, 60, 10, 5),
('SL7', 'T20I', '2011-06-15', 500, 18.00, 125.00, 0, 0, 35.00, 20.00, 10, 1, 10, 1, 0),

('SL8', 'ODI', '2004-07-17', 2000, 15.00, 60.00, 1, 0, 25.00, 40.00, 350, 50, 10, 5, 0),
('SL8', 'TEST', '2004-07-01', 1000, 10.00, 30.00, 0, 0, 20.00, 35.00, 250, 30, 5, 2, 0),
('SL8', 'T20I', '2006-06-15', 200, 5.00, 80.00, 0, 0, 30.00, 22.00, 80, 5, 1, 1, 0),

('SL9', 'ODI', '2007-10-01', 1500, 20.00, 65.00, 2, 0, 28.00, 52.00, 200, 10, 10, 2, 0),
('SL9', 'TEST', '2008-11-01', 1200, 18.00, 50.00, 1, 0, 25.00, 48.00, 150, 5, 8, 1, 0),
('SL9', 'T20I', '2009-01-15', 400, 10.00, 100.00, 0, 0, 35.00, 18.00, 20, 1, 3, 0, 0),

('SL10', 'ODI', '2015-07-10', 2000, 25.00, 70.00, 3, 0, 30.00, 55.00, 100, 8, 10, 2, 0),
('SL10', 'TEST', '2015-10-24', 1800, 22.00, 50.00, 1, 0, 28.00, 52.00, 80, 3, 5, 1, 0),
('SL10', 'T20I', '2016-03-18', 600, 18.00, 120.00, 1, 0, 32.00, 20.00, 20, 1, 2, 0, 0),


('SL11', 'ODI', '2009-01-09', 4000, 35.00, 70.00, 20, 5, 30.00, 48.00, 10, 2, 40, 5, 3),
('SL11', 'TEST', '2011-12-20', 5000, 45.00, 60.00, 25, 10, 25.00, 40.00, 15, 5, 60, 8, 5),
('SL11', 'T20I', '2010-05-01', 1000, 30.00, 130.00, 5, 1, 25.00, 18.00, 10, 0, 20, 5, 2),

('SL12', 'ODI', '2012-03-15', 800, 20.00, 75.00, 4, 0, 32.00, 48.00, 0, 0, 80, 4, 3),
('SL12', 'TEST', '2011-08-01', 500, 15.00, 55.00, 2, 0, 35.00, 52.00, 10, 1, 30, 2, 1),
('SL12', 'T20I', '2013-10-30', 300, 10.00, 120.00, 0, 0, 40.00, 18.00, 5, 0, 10, 0, 0),

('SL13', 'ODI', '2014-10-12', 1500, 30.00, 85.00, 6, 1, 28.00, 52.00, 5, 1, 20, 3, 2),
('SL13', 'TEST', '2013-03-02', 1000, 25.00, 45.00, 4, 1, 35.00, 58.00, 15, 3, 30, 6, 3),
('SL13', 'T20I', '2015-06-22', 800, 20.00, 120.00, 5, 1, 40.00, 18.00, 8, 0, 12, 1, 1),

('SL14', 'ODI', '2016-01-23', 2000, 40.00, 90.00, 12, 4, 32.00, 50.00, 0, 0, 15, 1, 0),
('SL14', 'TEST', '2018-02-03', 4000, 50.00, 60.00, 20, 8, 25.00, 40.00, 5, 1, 40, 5, 2),
('SL14', 'T20I', '2017-07-06', 1000, 25.00, 125.00, 3, 1, 35.00, 20.00, 5, 0, 8, 2, 0),

('SL15', 'ODI', '2016-03-24', 1500, 35.00, 70.00, 8, 2, 28.00, 50.00, 3, 0, 12, 1, 0),
('SL15', 'TEST', '2018-11-01', 3000, 45.00, 55.00, 12, 5, 30.00, 48.00, 0, 0, 20, 3, 1),
('SL15', 'T20I', '2017-08-08', 1200, 30.00, 120.00, 3, 1, 40.00, 18.00, 8, 0, 5, 0, 0),

('SL16', 'ODI', '2018-02-01', 800, 25.00, 80.00, 5, 1, 28.00, 52.00, 2, 0, 10, 1, 0),
('SL16', 'TEST', '2017-10-07', 1000, 30.00, 70.00, 8, 2, 30.00, 48.00, 5, 0, 12, 2, 0),
('SL16', 'T20I', '2019-03-08', 600, 20.00, 110.00, 2, 0, 35.00, 18.00, 5, 0, 5, 0, 0),

('SL17', 'ODI', '2019-01-12', 500, 20.00, 80.00, 2, 0, 30.00, 45.00, 5, 0, 10, 1, 0),
('SL17', 'TEST', '2018-03-14', 800, 25.00, 60.00, 3, 0, 25.00, 48.00, 15, 1, 5, 1, 0),
('SL17', 'T20I', '2020-04-20', 400, 18.00, 125.00, 1, 0, 35.00, 20.00, 5, 0, 3, 0, 0),

('SL18', 'ODI', '2020-01-01', 300, 15.00, 85.00, 1, 0, 28.00, 52.00, 3, 0, 8, 1, 0),
('SL18', 'TEST', '2019-02-10', 400, 20.00, 50.00, 2, 0, 32.00, 48.00, 5, 0, 15, 2, 0),
('SL18', 'T20I', '2021-06-05', 200, 10.00, 120.00, 0, 0, 40.00, 18.00, 5, 0, 2, 0, 0),

('SL19', 'ODI', '2018-01-14', 2500, 35.00, 90.00, 10, 2, 32.00, 50.00, 5, 0, 15, 2, 0),
('SL19', 'TEST', '2017-03-01', 3000, 45.00, 65.00, 12, 6, 25.00, 45.00, 0, 0, 20, 3, 0),
('SL19', 'T20I', '2019-08-02', 1200, 30.00, 120.00, 3, 1, 40.00, 20.00, 8, 0, 3, 1, 0),

('SL21', 'ODI', '2018-07-12', 1200, 30.00, 85.00, 5, 1, 28.00, 52.00, 2, 0, 10, 1, 0),
('SL21', 'TEST', '2019-10-10', 800, 25.00, 50.00, 3, 0, 32.00, 48.00, 5, 0, 15, 2, 0),
('SL21', 'T20I', '2020-12-01', 300, 15.00, 120.00, 0, 0, 40.00, 18.00, 5, 0, 2, 0, 0),

('SL23', 'ODI', '2017-06-03', 1000, 20.00, 75.00, 3, 0, 35.00, 48.00, 3, 0, 8, 1, 0),
('SL23', 'TEST', '2018-08-04', 1200, 22.00, 55.00, 4, 0, 38.00, 58.00, 10, 2, 15, 3, 0),
('SL23', 'T20I', '2019-01-23', 500, 18.00, 110.00, 1, 0, 40.00, 18.00, 5, 0, 3, 1, 0),

('SL24', 'ODI', '2017-10-15', 800, 25.00, 70.00, 2, 0, 32.00, 48.00, 4, 0, 5, 1, 0),
('SL24', 'TEST', '2018-02-10', 1000, 30.00, 60.00, 3, 0, 30.00, 48.00, 10, 1, 8, 2, 0),
('SL24', 'T20I', '2018-04-09', 400, 20.00, 100.00, 1, 0, 35.00, 20.00, 4, 0, 1, 0, 0),

('SL25', 'ODI', '2019-01-13', 1000, 22.00, 70.00, 2, 0, 35.00, 48.00, 5, 0, 5, 1, 0),
('SL25', 'TEST', '2019-07-26', 1200, 25.00, 50.00, 4, 0, 38.00, 58.00, 8, 1, 10, 2, 0),
('SL25', 'T20I', '2020-09-01', 600, 18.00, 105.00, 1, 0, 40.00, 18.00, 5, 0, 3, 1, 0),

('SL26', 'ODI', '2020-01-12', 800, 25.00, 75.00, 3, 0, 32.00, 48.00, 5, 0, 5, 1, 0),
('SL26', 'TEST', '2019-12-04', 1000, 30.00, 60.00, 4, 0, 30.00, 48.00, 8, 0, 8, 1, 0),
('SL26', 'T20I', '2020-08-01', 500, 18.00, 110.00, 1, 0, 35.00, 18.00, 5, 0, 3, 1, 0),

('SL27', 'ODI', '2021-02-02', 500, 18.00, 80.00, 1, 0, 35.00, 50.00, 3, 0, 2, 0, 0),
('SL27', 'TEST', '2021-05-16', 600, 20.00, 40.00, 1, 0, 40.00, 60.00, 4, 0, 5, 1, 0),
('SL27', 'T20I', '2021-12-02', 300, 15.00, 120.00, 0, 0, 40.00, 18.00, 5, 0, 1, 0, 0),

('SL28', 'ODI', '2019-07-06', 1500, 30.00, 85.00, 5, 0, 28.00, 52.00, 2, 0, 10, 1, 0),
('SL28', 'TEST', '2020-11-27', 2000, 35.00, 70.00, 8, 2, 30.00, 48.00, 5, 0, 15, 2, 0),
('SL28', 'T20I', '2021-10-05', 800, 25.00, 110.00, 2, 0, 32.00, 18.00, 5, 0, 10, 1, 0),

('SL29', 'ODI', '2017-09-01', 1200, 28.00, 80.00, 4, 1, 30.00, 45.00, 2, 0, 10, 1, 0),
('SL29', 'TEST', '2018-07-12', 1000, 30.00, 55.00, 3, 0, 32.00, 48.00, 8, 0, 8, 1, 0),
('SL29', 'T20I', '2019-03-24', 400, 20.00, 100.00, 1, 0, 35.00, 20.00, 4, 0, 1, 0, 0),

('SL30', 'ODI', '2018-11-11', 800, 25.00, 70.00, 2, 0, 32.00, 48.00, 4, 0, 5, 1, 0),
('SL30', 'TEST', '2019-06-06', 1000, 30.00, 60.00, 3, 0, 30.00, 48.00, 10, 1, 8, 2, 0),
('SL30', 'T20I', '2019-12-20', 500, 18.00, 110.00, 1, 0, 35.00, 18.00, 5, 0, 3, 1, 0),

('SL31', 'ODI', '2012-06-18', 2500, 35.00, 75.00, 10, 5, 0.00, 0.00, 0, 0, 40, 5, 2),
('SL31', 'TEST', '2014-09-01', 3000, 40.00, 55.00, 15, 5, 0.00, 0.00, 0, 0, 50, 8, 3),
('SL31', 'T20I', '2011-12-15', 1200, 25.00, 110.00, 3, 1, 0.00, 0.00, 0, 0, 20, 3, 1),

('SL32', 'ODI', '2016-01-13', 1200, 28.00, 80.00, 4, 1, 28.00, 45.00, 5, 1, 20, 2, 1),
('SL32', 'TEST', '2017-04-01', 1500, 30.00, 60.00, 5, 2, 30.00, 50.00, 10, 2, 25, 3, 1),
('SL32', 'T20I', '2015-08-07', 800, 20.00, 120.00, 1, 0, 35.00, 18.00, 8, 0, 15, 2, 0),

('SL34', 'ODI', '2017-02-04', 2500, 30.00, 75.00, 10, 3, 32.00, 50.00, 5, 1, 30, 2, 1),
('SL34', 'TEST', '2018-04-21', 3000, 35.00, 55.00, 15, 6, 25.00, 42.00, 20, 5, 40, 5, 3),
('SL34', 'T20I', '2016-09-18', 1000, 25.00, 110.00, 4, 1, 30.00, 20.00, 8, 0, 10, 1, 0),

('SL35', 'ODI', '2018-03-12', 2000, 25.00, 70.00, 8, 2, 30.00, 48.00, 2, 0, 10, 1, 0),
('SL35', 'TEST', '2019-06-25', 2500, 30.00, 55.00, 10, 4, 35.00, 58.00, 15, 3, 30, 6, 3),
('SL35', 'T20I', '2017-11-02', 1200, 30.00, 120.00, 5, 1, 40.00, 18.00, 8, 0, 12, 1, 1),

('SL36', 'ODI', '2015-07-04', 1200, 28.00, 75.00, 4, 1, 32.00, 48.00, 2, 0, 15, 2, 1),
('SL36', 'TEST', '2016-10-22', 1500, 30.00, 55.00, 6, 2, 35.00, 52.00, 5, 1, 20, 4, 2),
('SL36', 'T20I', '2017-04-02', 600, 20.00, 110.00, 2, 0, 30.00, 20.00, 5, 0, 8, 2, 0),

('SL37', 'ODI', '2018-02-15', 800, 25.00, 80.00, 3, 0, 30.00, 45.00, 5, 0, 10, 1, 0),
('SL37', 'TEST', '2019-03-08', 1000, 30.00, 60.00, 4, 0, 25.00, 48.00, 10, 1, 15, 2, 0),
('SL37', 'T20I', '2020-01-10', 500, 18.00, 125.00, 1, 0, 32.00, 18.00, 5, 0, 5, 0, 0),

('SL38', 'ODI', '2016-09-21', 1500, 30.00, 85.00, 5, 1, 30.00, 50.00, 2, 0, 10, 1, 0),
('SL38', 'TEST', '2017-12-04', 2000, 35.00, 70.00, 8, 3, 28.00, 45.00, 5, 1, 20, 3, 1),
('SL38', 'T20I', '2018-07-22', 800, 25.00, 110.00, 2, 0, 35.00, 20.00, 8, 0, 5, 1, 0),

('SL39', 'ODI', '2018-03-01', 1200, 28.00, 80.00, 4, 1, 30.00, 45.00, 2, 0, 10, 1, 0),
('SL39', 'TEST', '2019-05-16', 1500, 30.00, 60.00, 5, 2, 32.00, 48.00, 5, 1, 15, 2, 1),
('SL39', 'T20I', '2020-09-08', 600, 20.00, 120.00, 1, 0, 35.00, 18.00, 8, 0, 3, 0, 0),

('SL40', 'ODI', '2011-06-02', 800, 25.00, 75.00, 3, 0, 35.00, 48.00, 5, 1, 12, 2, 0),
('SL40', 'TEST', '2012-09-15', 1000, 30.00, 55.00, 4, 0, 40.00, 58.00, 10, 2, 18, 3, 1),
('SL40', 'T20I', '2014-03-19', 500, 18.00, 120.00, 1, 0, 32.00, 20.00, 5, 0, 8, 1, 0),


('SL41', 'ODI', '2015-02-02', 1000, 30.00, 85.00, 4, 0, 32.00, 48.00, 3, 0, 10, 1, 0),
('SL41', 'TEST', '2015-04-06', 500, 20.00, 55.00, 1, 0, 35.00, 52.00, 2, 0, 5, 1, 0),
('SL41', 'T20I', '2016-01-10', 300, 15.00, 120.00, 0, 0, 40.00, 18.00, 5, 0, 3, 0, 0),

('SL42', 'ODI', '2018-06-15', 500, 25.00, 80.00, 1, 0, 28.00, 45.00, 3, 0, 5, 0, 0),
('SL42', 'TEST', '2018-10-22', 300, 20.00, 50.00, 0, 0, 32.00, 48.00, 1, 0, 3, 0, 0),
('SL42', 'T20I', '2019-02-14', 200, 18.00, 110.00, 0, 0, 35.00, 20.00, 2, 0, 2, 0, 0),

('SL43', 'ODI', '2009-09-20', 8000, 45.00, 90.00, 30, 20, 20.00, 45.00, 25, 6, 70, 15, 8),
('SL43', 'TEST', '2009-02-27', 6000, 50.00, 60.00, 25, 15, 15.00, 35.00, 20, 5, 50, 10, 5),
('SL43', 'T20I', '2009-06-25', 2000, 40.00, 130.00, 10, 5, 25.00, 18.00, 10, 1, 15, 5, 3),

('SL44', 'ODI', '2003-02-06', 4000, 35.00, 70.00, 15, 5, 28.00, 52.00, 30, 8, 80, 20, 10),
('SL44', 'TEST', '2005-07-24', 3000, 40.00, 50.00, 10, 4, 30.00, 48.00, 40, 12, 90, 25, 12),
('SL44', 'T20I', '2006-02-15', 1000, 30.00, 120.00, 5, 2, 35.00, 20.00, 15, 3, 30, 10, 3),

('SL45', 'ODI', '2008-12-28', 2500, 30.00, 75.00, 10, 2, 32.00, 48.00, 15, 4, 40, 8, 5),
('SL45', 'TEST', '2009-07-22', 2000, 35.00, 55.00, 8, 3, 35.00, 58.00, 20, 5, 50, 10, 5),
('SL45', 'T20I', '2010-02-19', 800, 25.00, 110.00, 3, 1, 40.00, 20.00, 8, 1, 20, 5, 2),

('SL46', 'ODI', '2011-06-05', 2000, 30.00, 80.00, 10, 2, 28.00, 45.00, 5, 1, 25, 3, 2),
('SL46', 'TEST', '2012-11-01', 3000, 35.00, 60.00, 15, 5, 25.00, 42.00, 20, 5, 50, 5, 3),
('SL46', 'T20I', '2013-12-20', 1000, 25.00, 110.00, 3, 1, 35.00, 20.00, 8, 0, 15, 1, 0),

('SL47', 'ODI', '2014-07-01', 1500, 25.00, 75.00, 5, 0, 32.00, 48.00, 0, 0, 80, 4, 3),
('SL47', 'TEST', '2016-04-07', 1000, 20.00, 55.00, 2, 0, 35.00, 52.00, 10, 1, 30, 2, 1),
('SL47', 'T20I', '2017-11-23', 500, 15.00, 120.00, 0, 0, 40.00, 18.00, 5, 0, 10, 0, 0),

('SL48', 'ODI', '2010-08-20', 1200, 28.00, 80.00, 4, 1, 30.00, 45.00, 2, 0, 15, 1, 0),
('SL48', 'TEST', '2011-01-29', 800, 22.00, 50.00, 1, 0, 32.00, 48.00, 3, 0, 10, 0, 0),
('SL48', 'T20I', '2011-07-11', 300, 18.00, 110.00, 0, 0, 35.00, 20.00, 2, 0, 5, 0, 0),

('SL49', 'ODI', '2009-10-20', 3000, 40.00, 90.00, 15, 7, 28.00, 52.00, 5, 1, 30, 5, 3),
('SL49', 'TEST', '2010-06-15', 2500, 35.00, 70.00, 12, 6, 30.00, 48.00, 10, 3, 25, 3, 2),
('SL49', 'T20I', '2011-09-08', 1200, 30.00, 120.00, 5, 2, 35.00, 18.00, 10, 2, 20, 2, 1),

('SL50', 'ODI', '2012-02-02', 1200, 30.00, 85.00, 4, 0, 32.00, 48.00, 3, 0, 10, 1, 0),
('SL50', 'TEST', '2012-10-20', 800, 25.00, 50.00, 3, 0, 35.00, 52.00, 2, 0, 5, 0, 0),
('SL50', 'T20I', '2013-03-18', 300, 20.00, 110.00, 1, 0, 40.00, 20.00, 1, 0, 2, 0, 0),


('NZ1', 'ODI', '2009-06-10', 7500, 47.20, 80.50, 40, 10, 32.20, 36.2, 100, 5, 60, 15, 2),
('NZ1', 'TEST', '2010-11-04', 6500, 52.60, 62.20, 35, 15, 28.60, 52.3, 90, 8, 80, 12, 5),
('NZ1', 'T20I', '2011-08-02', 2000, 35.40, 120.20, 12, 2, 22.50, 18.2, 25, 1, 20, 5, 1),

('NZ2', 'ODI', '2011-10-28', 1500, 12.20, 75.60, 5, 0, 40.20, 38.2, 50, 3, 30, 5, 0),
('NZ2', 'TEST', '2011-11-17', 1200, 15.60, 58.20, 3, 0, 28.60, 52.3, 40, 1, 40, 2, 1),
('NZ2', 'T20I', '2011-12-21', 500, 8.40, 120.20, 1, 0, 25.50, 18.2, 10, 0, 8, 2, 0),

('NZ3', 'ODI', '2006-03-01', 8500, 45.20, 78.50, 45, 18, 38.20, 38.2, 110, 5, 75, 15, 2),
('NZ3', 'TEST', '2007-11-08', 7500, 50.60, 65.20, 40, 15, 28.60, 52.3, 90, 8, 80, 12, 5),
('NZ3', 'T20I', '2008-08-20', 2500, 38.40, 120.20, 15, 5, 22.50, 18.2, 25, 1, 20, 5, 1),

('NZ4', 'ODI', '2009-02-13', 7000, 40.20, 80.50, 35, 10, 35.20, 38.2, 100, 5, 60, 15, 2),
('NZ4', 'TEST', '2008-10-03', 6000, 38.60, 60.20, 30, 8, 28.60, 52.3, 80, 7, 80, 12, 5),
('NZ4', 'T20I', '2010-06-04', 1800, 32.40, 130.20, 10, 3, 22.50, 18.2, 20, 2, 15, 5, 1),

('NZ5', 'ODI', '2009-01-10', 8000, 43.20, 85.50, 40, 12, 35.20, 38.2, 100, 5, 70, 18, 2),
('NZ5', 'TEST', '2009-11-18', 7000, 47.60, 60.20, 35, 10, 28.60, 52.3, 90, 8, 80, 12, 5),
('NZ5', 'T20I', '2010-06-20', 2500, 38.40, 120.20, 15, 5, 22.50, 18.2, 25, 1, 20, 5, 1),

('NZ6', 'ODI', '2019-07-03', 1500, 22.10, 85.60, 5, 0, 40.20, 38.2, 50, 3, 30, 5, 0),
('NZ6', 'TEST', '2020-02-21', 1200, 18.60, 58.20, 3, 0, 28.60, 52.3, 40, 1, 40, 2, 1),
('NZ6', 'T20I', '2019-12-08', 500, 8.40, 120.20, 1, 0, 25.50, 18.2, 10, 0, 8, 2, 0),

('NZ7', 'ODI', '2012-11-03', 2500, 28.20, 90.50, 15, 3, 35.20, 38.2, 40, 2, 30, 8, 1),
('NZ7', 'TEST', '2013-01-11', 2000, 32.60, 62.20, 10, 2, 28.60, 52.3, 25, 1, 25, 5, 0),
('NZ7', 'T20I', '2014-06-21', 800, 20.40, 120.20, 5, 0, 20.50, 16.2, 10, 0, 8, 2, 0),

('NZ8', 'ODI', '2009-10-15', 3500, 33.20, 85.50, 20, 5, 35.20, 38.2, 60, 5, 45, 12, 2),
('NZ8', 'TEST', '2010-11-23', 3000, 38.60, 60.20, 15, 3, 28.60, 52.3, 40, 3, 40, 10, 5),
('NZ8', 'T20I', '2011-02-28', 1000, 25.40, 130.20, 7, 1, 25.50, 18.2, 15, 0, 12, 2, 1),

('NZ9', 'ODI', '2015-07-09', 2000, 22.20, 80.50, 10, 1, 35.20, 38.2, 30, 2, 20, 5, 0),
('NZ9', 'TEST', '2016-01-29', 1800, 28.60, 58.20, 8, 1, 28.60, 52.3, 25, 1, 25, 2, 1),
('NZ9', 'T20I', '2016-06-21', 600, 15.40, 120.20, 3, 0, 20.50, 16.2, 10, 0, 8, 2, 0),

('NZ10', 'ODI', '2012-08-04', 3000, 28.20, 85.50, 15, 3, 35.20, 38.2, 40, 1, 30, 8, 1),
('NZ10', 'TEST', '2013-04-13', 2500, 32.60, 62.20, 10, 2, 28.60, 52.3, 25, 1, 25, 5, 0),
('NZ10', 'T20I', '2014-01-15', 800, 20.40, 120.20, 5, 0, 20.50, 16.2, 10, 0, 8, 2, 0),

('NZ11', 'ODI', '2016-03-09', 1500, 35.20, 90.00, 5, 2, 28.00, 35.00, 18, 0, 12, 3, 0),
('NZ11', 'TEST', '2018-05-24', 1000, 30.50, 65.00, 3, 1, 32.00, 40.00, 12, 0, 10, 2, 0),
('NZ11', 'T20I', '2015-02-03', 800, 25.00, 120.00, 2, 0, 22.00, 20.00, 10, 0, 5, 1, 0),

('NZ12', 'ODI', '2013-10-21', 2500, 40.20, 85.00, 8, 5, 32.00, 50.00, 20, 1, 15, 3, 0),
('NZ12', 'TEST', '2014-12-11', 1800, 32.50, 70.00, 5, 3, 30.00, 45.00, 15, 0, 12, 2, 0),
('NZ12', 'T20I', '2012-06-30', 1200, 28.00, 130.00, 3, 1, 25.00, 20.00, 8, 0, 6, 1, 0),

('NZ13', 'ODI', '2017-04-12', 1800, 37.50, 95.00, 6, 2, 30.00, 40.00, 15, 0, 10, 2, 0),
('NZ13', 'TEST', '2020-01-07', 900, 27.30, 70.00, 3, 0, 35.00, 50.00, 8, 0, 5, 1, 0),
('NZ13', 'T20I', '2019-02-08', 1400, 30.80, 120.00, 4, 1, 28.00, 25.00, 12, 0, 8, 2, 0),

('NZ14', 'ODI', '2012-07-05', 2800, 34.00, 90.00, 9, 3, 25.00, 35.00, 22, 2, 18, 4, 0),
('NZ14', 'TEST', '2015-02-14', 1600, 29.50, 65.00, 5, 1, 30.00, 40.00, 13, 0, 10, 2, 0),
('NZ14', 'T20I', '2013-09-17', 1100, 27.20, 120.00, 3, 0, 20.00, 20.00, 10, 0, 6, 1, 0),

('NZ15', 'ODI', '2011-08-13', 2200, 28.70, 85.00, 7, 1, 30.00, 40.00, 18, 1, 15, 3, 0),
('NZ15', 'TEST', '2013-11-13', 1500, 26.80, 60.00, 4, 0, 32.00, 45.00, 12, 0, 10, 2, 0),
('NZ15', 'T20I', '2012-02-17', 900, 22.50, 120.00, 2, 0, 25.00, 20.00, 8, 0, 5, 1, 0),

('NZ16', 'ODI', '2017-06-04', 800, 20.50, 90.00, 2, 0, 28.00, 35.00, 10, 0, 8, 1, 0),
('NZ16', 'TEST', '2018-09-01', 600, 18.70, 65.00, 1, 0, 30.00, 40.00, 7, 0, 6, 1, 0),
('NZ16', 'T20I', '2016-12-17', 500, 15.00, 120.00, 1, 0, 22.00, 20.00, 5, 0, 3, 0, 0),

('NZ17', 'ODI', '2010-10-15', 1000, 25.20, 85.00, 3, 0, 32.00, 40.00, 12, 0, 10, 2, 0),
('NZ17', 'TEST', '2012-11-23', 700, 22.80, 60.00, 2, 0, 35.00, 45.00, 8, 0, 6, 1, 0),
('NZ17', 'T20I', '2010-03-05', 400, 18.20, 120.00, 1, 0, 25.00, 20.00, 5, 0, 3, 0, 0),

('NZ18', 'ODI', '2015-02-28', 2000, 30.00, 90.00, 5, 1, 28.00, 35.00, 15, 0, 12, 2, 0),
('NZ18', 'TEST', '2016-06-09', 1300, 27.50, 65.00, 3, 0, 30.00, 40.00, 10, 0, 8, 1, 0),
('NZ18', 'T20I', '2014-09-03', 1100, 25.20, 120.00, 2, 0, 22.00, 20.00, 8, 0, 5, 1, 0),

('NZ19', 'ODI', '2012-08-14', 2800, 32.50, 85.00, 7, 2, 25.00, 35.00, 22, 2, 18, 4, 0),
('NZ19', 'TEST', '2013-12-05', 1700, 29.80, 60.00, 5, 1, 28.00, 40.00, 14, 0, 12, 2, 0),
('NZ19', 'T20I', '2011-10-26', 1200, 27.00, 120.00, 3, 0, 20.00, 20.00, 10, 0, 6, 1, 0),

('NZ20', 'ODI', '2013-11-09', 2000, 30.20, 90.00, 6, 1, 28.00, 35.00, 15, 0, 12, 2, 0),
('NZ20', 'TEST', '2015-12-15', 1500, 28.50, 65.00, 4, 0, 30.00, 40.00, 10, 0, 8, 1, 0),
('NZ20', 'T20I', '2014-06-03', 1000, 25.00, 120.00, 2, 0, 22.00, 20.00, 8, 0, 5, 1, 0),

('NZ21', 'ODI', '2018-01-03', 600, 20.5, 90, 2, 0, 28.0, 35.0, 10, 0, 8, 1, 0),
('NZ21', 'TEST', '2019-11-21', 400, 18.7, 65, 1, 0, 30.0, 40.0, 7, 0, 6, 1, 0),
('NZ21', 'T20I', '2017-01-03', 300, 15.0, 120, 1, 0, 22.0, 20.0, 5, 0, 3, 0, 0),

('NZ22', 'ODI', '2010-02-20', 800, 22.0, 85, 3, 0, 32.0, 40.0, 12, 0, 10, 2, 0),
('NZ22', 'TEST', '2010-03-09', 500, 20.0, 60, 1, 0, 35.0, 45.0, 8, 0, 6, 1, 0),
('NZ22', 'T20I', '2009-12-28', 400, 18.0, 120, 1, 0, 25.0, 20.0, 5, 0, 3, 0, 0),

('NZ23', 'ODI', '2017-07-09', 900, 28.0, 90, 2, 0, 28.0, 35.0, 10, 0, 8, 1, 0),
('NZ23', 'TEST', '2016-11-17', 600, 25.5, 70, 1, 0, 30.0, 40.0, 7, 0, 6, 1, 0),
('NZ23', 'T20I', '2016-01-16', 400, 20.0, 120, 1, 0, 22.0, 20.0, 5, 0, 3, 0, 0),

('NZ24', 'ODI', '2019-04-03', 300, 15.0, 90, 1, 0, 28.0, 35.0, 5, 0, 3, 0, 0),
('NZ24', 'TEST', '2018-12-03', 200, 10.0, 60, 0, 0, 30.0, 40.0, 3, 0, 2, 0, 0),
('NZ24', 'T20I', '2017-10-01', 100, 5.0, 120, 0, 0, 22.0, 20.0, 2, 0, 1, 0, 0),

('NZ25', 'ODI', '2019-03-01', 400, 20.0, 85, 1, 0, 32.0, 40.0, 8, 0, 6, 1, 0),
('NZ25', 'TEST', '2020-01-02', 300, 18.0, 60, 0, 0, 35.0, 45.0, 6, 0, 5, 1, 0),
('NZ25', 'T20I', '2019-11-01', 200, 10.0, 120, 0, 0, 25.0, 20.0, 4, 0, 2, 0, 0),

('NZ26', 'ODI', '2019-07-20', 500, 25.0, 90, 2, 0, 28.0, 35.0, 11, 0, 8, 1, 0),
('NZ26', 'TEST', '2019-02-03', 400, 20.0, 65, 1, 0, 30.0, 40.0, 7, 0, 6, 1, 0),
('NZ26', 'T20I', '2018-02-03', 300, 15.0, 120, 1, 0, 22.0, 20.0, 5, 0, 3, 0, 0),

('NZ27', 'ODI', '2019-08-14', 700, 28.0, 85, 3, 0, 32.0, 40.0, 12, 0, 10, 2, 0),
('NZ27', 'TEST', '2018-11-25', 500, 25.0, 60, 2, 0, 35.0, 45.0, 8, 0, 6, 1, 0),
('NZ27', 'T20I', '2018-03-25', 400, 20.0, 120, 1, 0, 25.0, 20.0, 5, 0, 3, 0, 0),

('NZ28', 'ODI', '2019-06-08', 800, 32.0, 90, 3, 0, 28.0, 35.0, 10, 0, 8, 1, 0),
('NZ28', 'TEST', '2018-09-28', 600, 30.0, 70, 2, 0, 30.0, 40.0, 7, 0, 6, 1, 0),
('NZ28', 'T20I', '2018-01-28', 400, 20.0, 120, 1, 0, 22.0, 20.0, 5, 0, 3, 0, 0),

('NZ29', 'ODI', '2015-03-17', 900, 28.0, 85, 2, 0, 32.0, 40.0, 12, 0, 10, 2, 0),
('NZ29', 'TEST', '2017-09-28', 700, 30.0, 60, 3, 0, 35.0, 45.0, 8, 0, 6, 1, 0),
('NZ29', 'T20I', '2016-01-28', 500, 25.0, 120, 2, 0, 25.0, 20.0, 5, 0, 3, 0, 0),

('NZ30', 'ODI', '2019-11-20', 600, 30.0, 90, 3, 0, 28.0, 35.0, 11, 0, 8, 1, 0),
('NZ30', 'TEST', '2018-12-12', 400, 20.0, 65, 1, 0, 30.0, 40.0, 7, 0, 6, 1, 0),
('NZ30', 'T20I', '2018-06-12', 300, 15.0, 120, 1, 0, 22.0, 20.0, 5, 0, 3, 0, 0),

('NZ31', 'ODI', '2017-12-26', 850, 35.5, 85.3, 2, 0, 28.0, 35.0, 10, 0, 22, 7, 3),
('NZ31', 'TEST', '2019-12-10', 3200, 49.2, 55.8, 9, 5, 36.7, 48.3, 65, 6, 32, 11, 5),
('NZ31', 'T20I', '2018-01-01', 1100, 30.7, 135.6, 5, 1, 30.0, 22.6, 18, 0, 18, 5, 2),
('NZ32', 'ODI', '2018-06-15', 780, 34.8, 80.2, 1, 0, 30.2, 45.8, 15, 0, 15, 6, 1),
('NZ32', 'TEST', '2020-01-22', 1450, 41.3, 58.4, 3, 1, 42.7, 56.8, 23, 2, 29, 9, 3),
('NZ32', 'T20I', '2019-03-20', 690, 27.1, 120.3, 2, 0, 28.5, 19.6, 10, 0, 8, 3, 0),
('NZ33', 'ODI', '2019-08-17', 560, 25.6, 76.8, 0, 0, 35.4, 38.2, 12, 0, 7, 2, 0),
('NZ33', 'TEST', '2020-12-03', 870, 33.9, 54.7, 2, 0, 31.1, 50.7, 18, 0, 19, 4, 0),
('NZ33', 'T20I', '2019-07-15', 430, 21.5, 115.4, 0, 0, 26.8, 18.5, 9, 0, 5, 2, 1),
('NZ35', 'ODI', '2018-06-05', 320, 15.7, 68.3, 0, 0, 28.6, 40.2, 11, 0, 5, 1, 0),
('NZ35', 'TEST', '2018-11-30', 420, 18.3, 50.9, 0, 0, 30.1, 42.5, 16, 0, 9, 3, 0),
('NZ35', 'T20I', '2019-09-21', 210, 14.6, 88.7, 0, 0, 25.5, 17.9, 7, 0, 3, 1, 0),
('NZ36', 'ODI', '2019-01-05', 680, 32.4, 78.5, 0, 0, 25.8, 32.5, 15, 0, 7, 1, 0),
('NZ36', 'TEST', '2019-02-28', 810, 27.5, 49.8, 0, 0, 27.2, 47.1, 23, 1, 9, 4, 0),
('NZ36', 'T20I', '2020-01-24', 440, 21.3, 116.2, 0, 0, 22.1, 19.8, 12, 0, 6, 1, 0),
('NZ37', 'ODI', '2010-02-11', 3200, 49.0, 78.9, 9, 3, 29.7, 35.6, 110, 4, 40, 17, 0),
('NZ37', 'TEST', '2018-06-28', 3900, 43.1, 59.5, 10, 8, 35.2, 51.8, 88, 3, 43, 20, 0),
('NZ37', 'T20I', '2009-12-22', 2100, 31.8, 125.7, 1, 0, 25.3, 20.7, 40, 0, 21, 6, 0),
('NZ38', 'ODI', '2007-01-20', 2800, 42.5, 75.7, 5, 2, 32.9, 41.4, 70, 1, 25, 12, 0),
('NZ38', 'TEST', '2008-10-04', 3600, 39.7, 53.9, 8, 5, 35.6, 55.2, 72, 1, 36, 15, 0),
('NZ38', 'T20I', '2007-12-22', 1500, 27.8, 110.5, 0, 0, 22.5, 17.6, 30, 0, 11, 3, 0),
('NZ39', 'ODI', '2016-03-05', 1400, 32.5, 79.3, 2, 0, 27.5, 30.2, 40, 0, 15, 4, 0),
('NZ39', 'TEST', '2018-01-12', 2300, 42.7, 57.6, 4, 2, 36.1, 56.3, 58, 2, 25, 11, 0),
('NZ39', 'T20I', '2015-10-25', 900, 29.6, 120.2, 0, 0, 24.7, 19.5, 18, 0, 12, 4, 0),
('NZ40', 'ODI', '2010-04-01', 2300, 35.4, 82.6, 3, 0, 29.8, 35.7, 45, 0, 23, 9, 0),
('NZ40', 'TEST', '2013-01-11', 2700, 34.2, 54.3, 5, 1, 32.6, 49.5, 75, 2, 32, 12, 0),
('NZ40', 'T20I', '2010-02-28', 1600, 27.9, 123.4, 0, 0, 23.4, 17.8, 30, 0, 16, 7, 0),
('NZ41', 'ODI', '2006-03-07', 3200, 36.8, 79.2, 4, 2, 35.2, 39.7, 65, 1, 18, 6, 0),
('NZ41', 'TEST', '2011-04-14', 4100, 40.2, 56.8, 7, 5, 38.5, 57.4, 95, 2, 32, 14, 0),
('NZ41', 'T20I', '2006-09-05', 1900, 30.1, 117.9, 0, 0, 26.3, 21.5, 28, 0, 15, 5, 0),
('NZ42', 'ODI', '2007-12-01', 2900, 31.5, 75.3, 6, 1, 28.9, 35.6, 45, 1, 15, 7, 0),
('NZ42', 'TEST', '2009-03-15', 3500, 38.4, 53.6, 9, 3, 34.6, 55.8, 80, 3, 28, 12, 0),
('NZ42', 'T20I', '2008-02-16', 1800, 28.3, 119.8, 0, 0, 22.7, 18.9, 35, 0, 20, 8, 0),
('NZ49', 'ODI', '2015-09-11', 720, 25.7, 75.8, 0, 0, 28.3, 40.3, 14, 0, 6, 2, 0),
('NZ49', 'T20I', '2015-10-03', 390, 20.5, 104.2, 0, 0, 23.8, 18.7, 5, 0, 3, 1, 0),
('NZ49', 'TEST', '2019-03-22', 2300, 47.9, 55.2, 4, 6, 32.5, 61.8, 55, 2, 38, 4, 0),
('NZ50', 'ODI', '2010-02-13', 1100, 30.6, 72.9, 2, 0, 27.8, 40.2, 19, 0, 8, 3, 0),
('NZ50', 'T20I', '2010-02-16', 880, 26.9, 110.2, 0, 0, 23.6, 18.3, 14, 0, 6, 2, 0),
('NZ50', 'TEST', '2010-02-18', 3150, 52.5, 55.8, 7, 10, 34.2, 60.3, 75, 6, 52, 3, 0),
('NZ51', 'ODI', '2010-02-13', 1100, 30.6, 72.9, 2, 0, 27.8, 40.2, 19, 0, 8, 3, 0),
('NZ51', 'T20I', '2010-02-16', 880, 26.9, 110.2, 0, 0, 23.6, 18.3, 14, 0, 6, 2, 0),
('NZ51', 'TEST', '2010-02-18', 3150, 52.5, 55.8, 7, 10, 34.2, 60.3, 75, 6, 52, 3, 0),
('NZ52', 'ODI', '2019-06-10', 710, 28.4, 78.6, 0, 0, 29.1, 39.8, 12, 0, 5, 2, 0),
('NZ52', 'T20I', '2019-06-20', 430, 21.5, 105.8, 0, 0, 25.5, 19.7, 7, 0, 3, 1, 0),
('NZ52', 'TEST', '2020-02-21', 1050, 37.5, 65.2, 1, 1, 29.8, 53.1, 25, 1, 16, 1, 0),
('NZ53', 'ODI', '2018-02-24', 490, 21.3, 76.2, 0, 0, 29.8, 39.6, 9, 0, 4, 2, 0),
('NZ53', 'T20I', '2018-02-21', 250, 15.6, 102.3, 0, 0, 22.5, 17.7, 4, 0, 2, 1, 0),
('NZ53', 'TEST', '2018-11-22', 1650, 36.4, 57.8, 2, 1, 32.0, 69.7, 45, 1, 28, 3, 0),
('NZ54', 'ODI', '2019-03-04', 550, 24.3, 80.6, 0, 0, 28.6, 37.9, 10, 0, 4, 2, 0),
('NZ54', 'T20I', '2019-09-01', 320, 17.8, 107.6, 0, 0, 23.5, 18.2, 6, 0, 3, 1, 0),
('NZ54', 'TEST', '2020-01-03', 1010, 31.6, 61.8, 2, 1, 29.7, 53.5, 28, 1, 19, 1, 0),

('PAK1', 'ODI', '2015-01-01', 5000, 45.67, 89.23, 25, 10, 42.56, 32.45, 45, 2, 30, 10, 5),
('PAK1', 'TEST', '2016-01-01', 4000, 52.34, 56.78, 20, 8, 35.21, 28.90, 30, 1, 25, 5, 3),
('PAK1', 'T20I', '2017-01-01', 2000, 35.21, 130.45, 15, 3, 28.00, 20.11, 20, 0, 15, 3, 1),

('PAK2', 'ODI', '2018-01-01', 3500, 38.21, 82.45, 18, 5, 30.67, 24.56, 60, 2, 20, 6, 2),
('PAK2', 'TEST', '2019-01-01', 1800, 31.89, 68.45, 9, 2, 42.67, 35.78, 35, 1, 10, 4, 1),
('PAK2', 'T20I', '2020-01-01', 1200, 23.34, 110.67, 6, 1, 25.00, 18.67, 15, 0, 5, 2, 0),

('PAK3', 'ODI', '2017-01-01', 2800, 47.56, 88.34, 14, 6, 36.45, 27.89, 50, 2, 25, 8, 3),
('PAK3', 'TEST', '2018-01-01', 1600, 39.78, 61.23, 8, 3, 48.00, 38.21, 20, 0, 10, 3, 1),
('PAK3', 'T20I', '2019-01-01', 1000, 28.45, 120.67, 4, 1, 20.00, 15.67, 10, 0, 5, 2, 0),

('PAK4', 'ODI', '2016-01-01', 4200, 49.90, 92.45, 22, 9, 40.21, 32.56, 40, 1, 15, 5, 1),
('PAK4', 'TEST', '2017-01-01', 2400, 42.67, 67.89, 11, 4, 45.67, 35.78, 25, 0, 10, 3, 1),
('PAK4', 'T20I', '2018-01-01', 1400, 32.34, 125.67, 5, 1, 22.00, 18.67, 15, 0, 5, 2, 0),

('PAK5', 'ODI', '2017-01-01', 3600, 43.56, 95.34, 20, 7, 38.45, 28.89, 55, 3, 20, 7, 2),
('PAK5', 'TEST', '2018-01-01', 2000, 39.78, 71.23, 10, 3, 47.00, 36.21, 30, 0, 10, 4, 1),
('PAK5', 'T20I', '2019-01-01', 1200, 29.45, 130.67, 6, 1, 24.00, 19.67, 20, 0, 5, 3, 0),

('PAK6', 'ODI', '2016-01-01', 1500, 27.67, 88.34, 8, 1, 35.56, 29.23, 30, 1, 10, 4, 0),
('PAK6', 'TEST', '2017-01-01', 900, 22.89, 62.45, 3, 0, 50.67, 38.78, 20, 0, 5, 2, 0),
('PAK6', 'T20I', '2018-01-01', 800, 20.34, 105.67, 2, 0, 28.00, 21.67, 15, 0, 5, 1, 0),

('PAK7', 'ODI', '2019-01-01', 1200, 28.56, 75.34, 6, 0, 28.45, 22.89, 35, 0, 15, 5, 0),
('PAK7', 'TEST', '2020-01-01', 700, 19.78, 58.23, 1, 0, 35.67, 30.21, 25, 0, 10, 3, 0),
('PAK7', 'T20I', '2021-01-01', 400, 14.45, 110.67, 0, 0, 20.00, 16.67, 10, 0, 5, 1, 0),

('PAK8', 'ODI', '2012-01-01', 8000, 50.34, 90.34, 40, 20, 42.56, 33.45, 60, 3, 35, 12, 5),
('PAK8', 'TEST', '2013-01-01', 6000, 47.89, 65.45, 30, 10, 37.67, 29.78, 50, 2, 30, 8, 3),
('PAK8', 'T20I', '2014-01-01', 2000, 35.21, 120.45, 10, 2, 28.00, 20.11, 20, 0, 15, 5, 1),

('PAK9', 'ODI', '2010-01-01', 4000, 35.56, 78.34, 20, 4, 28.45, 22.89, 25, 0, 20, 10, 0),
('PAK9', 'TEST', '2011-01-01', 2500, 29.78, 58.23, 10, 1, 35.67, 30.21, 20, 0, 15, 5, 1),
('PAK9', 'T20I', '2012-01-01', 1500, 24.34, 110.67, 5, 0, 20.00, 16.67, 15, 0, 10, 3, 0),

('PAK10', 'ODI', '2017-01-01', 1800, 28.67, 75.34, 9, 1, 32.45, 26.89, 45, 2, 20, 6, 2),
('PAK10', 'TEST', '2018-01-01', 1000, 22.89, 68.45, 4, 0, 38.67, 31.78, 30, 1, 15, 4, 1),
('PAK10', 'T20I', '2019-01-01', 700, 20.34, 105.67, 3, 0, 28.00, 21.67, 20, 0, 10, 3, 0),

('PAK11', 'ODI', '2016-01-01', 2500, 32.45, 82.34, 12, 3, 30.45, 25.67, 35, 1, 15, 5, 1),
('PAK11', 'TEST', '2017-01-01', 1200, 27.89, 68.45, 5, 1, 35.67, 28.78, 20, 0, 10, 3, 0),
('PAK11', 'T20I', '2018-01-01', 900, 20.34, 110.67, 2, 0, 22.00, 18.67, 15, 0, 5, 2, 0),

('PAK12', 'ODI', '2017-01-01', 1200, 25.56, 75.34, 6, 0, 28.45, 22.89, 30, 0, 10, 4, 0),
('PAK12', 'TEST', '2018-01-01', 700, 18.78, 58.23, 2, 0, 35.67, 30.21, 15, 0, 5, 2, 0),
('PAK12', 'T20I', '2019-01-01', 500, 14.34, 110.67, 1, 0, 20.00, 16.67, 10, 0, 5, 1, 0),

('PAK13', 'ODI', '2017-01-01', 900, 22.56, 78.34, 3, 0, 32.45, 26.89, 25, 0, 15, 5, 0),
('PAK13', 'TEST', '2018-01-01', 500, 18.78, 58.23, 1, 0, 35.67, 30.21, 10, 0, 5, 2, 0),
('PAK13', 'T20I', '2019-01-01', 300, 14.34, 105.67, 0, 0, 22.00, 18.67, 5, 0, 2, 1, 0),

('PAK14', 'ODI', '2017-01-01', 2500, 35.56, 85.34, 10, 3, 30.45, 25.67, 30, 0, 15, 6, 0),
('PAK14', 'TEST', '2018-01-01', 1500, 29.78, 68.45, 5, 1, 35.67, 28.78, 20, 0, 10, 3, 1),
('PAK14', 'T20I', '2019-01-01', 1000, 24.34, 110.67, 2, 0, 22.00, 18.67, 10, 0, 5, 2, 0),

('PAK15', 'ODI', '2010-01-01', 6000, 45.67, 85.34, 30, 10, 40.45, 32.67, 70, 3, 35, 10, 3),
('PAK15', 'TEST', '2011-01-01', 4000, 40.89, 68.23, 20, 6, 38.67, 29.78, 50, 2, 30, 8, 2),
('PAK15', 'T20I', '2012-01-01', 2000, 35.21, 120.45, 10, 2, 28.00, 20.11, 25, 0, 15, 5, 1),

('PAK16', 'ODI', '2005-01-01', 8000, 46.34, 90.34, 40, 15, 38.56, 31.45, 60, 3, 35, 10, 3),
('PAK16', 'TEST', '2006-01-01', 6000, 43.89, 65.45, 30, 10, 35.67, 28.78, 50, 2, 30, 8, 2),
('PAK16', 'T20I', '2007-01-01', 2500, 37.21, 130.45, 15, 4, 25.00, 18.67, 30, 0, 20, 5, 1),

('PAK17', 'ODI', '2011-01-01', 1000, 15.56, 70.34, 2, 0, 40.45, 32.67, 20, 0, 10, 5, 0),
('PAK17', 'TEST', '2012-01-01', 500, 12.89, 58.23, 0, 0, 45.67, 38.78, 10, 0, 5, 2, 0),
('PAK17', 'T20I', '2013-01-01', 200, 8.34, 80.45, 0, 0, 30.00, 25.11, 5, 0, 3, 1, 0),

('PAK18', 'ODI', '2019-01-01', 2500, 30.56, 85.34, 10, 2, 35.45, 28.67, 40, 1, 20, 7, 1),
('PAK18', 'TEST', '2020-01-01', 1500, 25.78, 68.45, 5, 1, 38.67, 31.78, 25, 0, 15, 4, 1),
('PAK18', 'T20I', '2021-01-01', 1000, 20.34, 120.45, 4, 0, 25.00, 18.67, 15, 0, 10, 3, 0),

('PAK19', 'ODI', '2018-01-01', 1500, 25.45, 80.34, 7, 1, 30.45, 25.67, 30, 1, 15, 5, 1),
('PAK19', 'TEST', '2019-01-01', 900, 22.89, 68.45, 4, 0, 35.67, 28.78, 20, 0, 10, 3, 1),
('PAK19', 'T20I', '2020-01-01', 500, 16.34, 110.67, 1, 0, 22.00, 18.67, 10, 0, 5, 2, 0),

('PAK20', 'ODI', '2020-01-01', 900, 25.56, 75.34, 3, 0, 28.45, 22.89, 25, 0, 10, 4, 0),
('PAK20', 'TEST', '2021-01-01', 600, 18.78, 58.23, 1, 0, 35.67, 30.21, 15, 0, 5, 2, 0),
('PAK20', 'T20I', '2022-01-01', 400, 14.34, 110.67, 0, 0, 20.00, 16.67, 10, 0, 5, 1, 0),

('PAK21', 'ODI', '2020-01-01', 500, 15.56, 70.34, 1, 0, 20.45, 15.67, 15, 0, 5, 2, 0),
('PAK21', 'TEST', '2021-01-01', 300, 11.89, 58.23, 0, 0, 25.67, 20.78, 10, 0, 3, 1, 0),
('PAK21', 'T20I', '2022-01-01', 200, 8.34, 80.45, 0, 0, 30.00, 25.11, 5, 0, 2, 1, 0),

('PAK22', 'ODI', '2015-01-01', 1500, 27.45, 75.34, 5, 1, 30.45, 25.67, 25, 0, 15, 5, 1),
('PAK22', 'TEST', '2016-01-01', 800, 20.78, 58.23, 2, 0, 35.67, 30.21, 15, 0, 5, 3, 0),
('PAK22', 'T20I', '2017-01-01', 500, 14.34, 100.45, 1, 0, 22.00, 18.67, 10, 0, 5, 2, 0),

('PAK23', 'ODI', '2019-01-01', 800, 19.56, 70.34, 1, 0, 20.45, 15.67, 20, 0, 10, 3, 0),
('PAK23', 'TEST', '2020-01-01', 500, 12.89, 58.23, 0, 0, 25.67, 20.78, 10, 0, 5, 2, 0),
('PAK23', 'T20I', '2021-01-01', 300, 8.34, 80.45, 0, 0, 30.00, 25.11, 5, 0, 2, 1, 0),

('PAK24', 'ODI', '2018-01-01', 1000, 20.56, 70.34, 2, 0, 22.45, 17.67, 20, 0, 10, 3, 0),
('PAK24', 'TEST', '2019-01-01', 600, 16.89, 58.23, 0, 0, 25.67, 20.78, 15, 0, 5, 2, 0),
('PAK24', 'T20I', '2020-01-01', 400, 12.34, 100.45, 0, 0, 22.00, 18.67, 10, 0, 5, 1, 0),

('PAK25', 'ODI', '2013-01-01', 3000, 38.34, 82.34, 16, 4, 32.45, 26.67, 40, 1, 25, 8, 1),
('PAK25', 'TEST', '2014-01-01', 1500, 32.78, 65.45, 7, 2, 37.67, 30.78, 30, 0, 20, 5, 1),
('PAK25', 'T20I', '2015-01-01', 900, 28.34, 120.45, 4, 1, 28.00, 20.11, 15, 0, 10, 3, 0),

('PAK26', 'ODI', '2013-01-01', 2800, 35.56, 85.34, 12, 3, 34.45, 27.67, 45, 2, 20, 6, 1),
('PAK26', 'TEST', '2014-01-01', 1500, 29.78, 68.45, 7, 1, 38.67, 31.78, 25, 0, 15, 4, 0),
('PAK26', 'T20I', '2015-01-01', 1000, 24.34, 110.67, 4, 0, 22.00, 18.67, 10, 0, 5, 2, 0),

('PAK27', 'ODI', '2017-01-01', 1800, 25.56, 70.34, 6, 0, 28.45, 22.89, 35, 1, 15, 5, 0),
('PAK27', 'TEST', '2018-01-01', 1000, 19.78, 58.23, 3, 0, 35.67, 30.21, 20, 0, 10, 3, 0),
('PAK27', 'T20I', '2019-01-01', 600, 15.34, 105.67, 1, 0, 22.00, 18.67, 10, 0, 5, 1, 0),

('PAK28', 'ODI', '2012-01-01', 3500, 32.45, 78.34, 18, 4, 30.45, 25.67, 50, 2, 20, 7, 2),
('PAK28', 'TEST', '2013-01-01', 2000, 27.89, 68.45, 10, 1, 35.67, 28.78, 30, 1, 15, 5, 1),
('PAK28', 'T20I', '2014-01-01', 1200, 22.34, 110.67, 5, 0, 24.00, 19.67, 20, 0, 10, 4, 0),

('PAK29', 'ODI', '2015-01-01', 1800, 28.56, 75.34, 8, 1, 32.45, 26.89, 40, 1, 15, 6, 1),
('PAK29', 'TEST', '2016-01-01', 1000, 22.89, 68.45, 5, 0, 38.67, 31.78, 25, 0, 10, 3, 0),
('PAK29', 'T20I', '2017-01-01', 700, 20.34, 105.67, 3, 0, 28.00, 21.67, 15, 0, 5, 2, 0),

('PAK30', 'ODI', '2018-01-01', 1200, 20.56, 70.34, 4, 0, 22.45, 17.67, 20, 0, 10, 4, 0),
('PAK30', 'TEST', '2019-01-01', 700, 16.78, 58.23, 2, 0, 35.67, 30.21, 15, 0, 5, 2, 0),
('PAK30', 'T20I', '2020-01-01', 400, 12.34, 100.45, 0, 0, 22.00, 18.67, 10, 0, 5, 1, 0),

('PAK31', 'ODI', '2015-01-01', 2800, 32.56, 80.34, 14, 3, 35.45, 28.67, 45, 2, 20, 8, 1),
('PAK31', 'TEST', '2016-01-01', 1500, 26.89, 68.45, 7, 1, 38.67, 31.78, 30, 1, 15, 5, 1),
('PAK31', 'T20I', '2017-01-01', 1000, 21.34, 110.67, 4, 0, 24.00, 19.67, 20, 0, 10, 4, 0),

('PAK32', 'ODI', '2017-01-01', 1500, 22.56, 75.34, 5, 0, 28.45, 22.89, 35, 1, 15, 5, 0),
('PAK32', 'TEST', '2018-01-01', 900, 18.78, 58.23, 2, 0, 35.67, 30.21, 20, 0, 10, 3, 0),
('PAK32', 'T20I', '2019-01-01', 500, 14.34, 110.67, 1, 0, 22.00, 18.67, 10, 0, 5, 2, 0),

('PAK33', 'ODI', '2014-01-01', 2000, 28.34, 82.34, 10, 2, 30.45, 25.67, 30, 1, 15, 7, 1),
('PAK33', 'TEST', '2015-01-01', 1200, 23.89, 68.45, 6, 0, 35.67, 28.78, 25, 0, 10, 4, 0),
('PAK33', 'T20I', '2016-01-01', 800, 18.34, 105.67, 3, 0, 28.00, 21.67, 15, 0, 5, 2, 0),

('PAK34', 'ODI', '2017-01-01', 2500, 32.56, 80.34, 12, 3, 35.45, 28.67, 40, 1, 20, 6, 1),
('PAK34', 'TEST', '2018-01-01', 1500, 26.89, 68.45, 7, 1, 38.67, 31.78, 30, 1, 15, 5, 1),
('PAK34', 'T20I', '2019-01-01', 900, 21.34, 110.67, 4, 0, 24.00, 19.67, 20, 0, 10, 4, 0),

('PAK35', 'ODI', '2018-01-01', 1800, 28.56, 75.34, 8, 1, 32.45, 26.89, 35, 1, 15, 6, 1),
('PAK35', 'TEST', '2019-01-01', 1000, 22.89, 68.45, 5, 0, 38.67, 31.78, 25, 0, 10, 4, 0),
('PAK35', 'T20I', '2020-01-01', 700, 20.34, 105.67, 3, 0, 28.00, 21.67, 15, 0, 5, 3, 0),


('PAK36', 'ODI', '2010-01-01', 2500, 35.56, 80.34, 10, 2, 30.45, 25.67, 40, 1, 20, 7, 1),
('PAK36', 'TEST', '2011-01-01', 1500, 32.78, 68.45, 5, 1, 37.67, 30.78, 30, 0, 15, 4, 1),
('PAK36', 'T20I', '2012-01-01', 900, 28.34, 120.45, 4, 1, 28.00, 20.11, 15, 0, 10, 3, 0),

('PAK37', 'ODI', '2005-01-01', 1800, 25.56, 70.34, 6, 0, 28.45, 22.89, 35, 1, 15, 5, 0),
('PAK37', 'TEST', '2006-01-01', 1000, 19.78, 58.23, 3, 0, 35.67, 30.21, 20, 0, 10, 3, 0),
('PAK37', 'T20I', '2007-01-01', 600, 15.34, 105.67, 1, 0, 22.00, 18.67, 10, 0, 5, 1, 0),

('PAK38', 'ODI', '2008-01-01', 2800, 32.56, 80.34, 14, 3, 35.45, 28.67, 45, 2, 20, 8, 1),
('PAK38', 'TEST', '2009-01-01', 1500, 26.89, 68.45, 7, 1, 38.67, 31.78, 30, 1, 15, 5, 1),
('PAK38', 'T20I', '2010-01-01', 1000, 21.34, 110.67, 4, 0, 24.00, 19.67, 20, 0, 10, 4, 0),

('PAK39', 'ODI', '2007-01-01', 2000, 28.34, 82.34, 10, 2, 30.45, 25.67, 30, 1, 15, 7, 1),
('PAK39', 'TEST', '2008-01-01', 1200, 23.89, 68.45, 6, 0, 35.67, 28.78, 25, 0, 10, 4, 0),
('PAK39', 'T20I', '2009-01-01', 800, 18.34, 105.67, 3, 0, 28.00, 21.67, 15, 0, 5, 2, 0),

('PAK40', 'ODI', '2010-01-01', 2500, 35.56, 80.34, 10, 2, 30.45, 25.67, 40, 1, 20, 7, 1),
('PAK40', 'TEST', '2011-01-01', 1500, 32.78, 68.45, 5, 1, 37.67, 30.78, 30, 0, 15, 4, 1),
('PAK40', 'T20I', '2012-01-01', 900, 28.34, 120.45, 4, 1, 28.00, 20.11, 15, 0, 10, 3, 0),

('PAK41', 'ODI', '2012-01-01', 1800, 25.56, 70.34, 6, 0, 28.45, 22.89, 35, 1, 15, 5, 0),
('PAK41', 'TEST', '2013-01-01', 1000, 19.78, 58.23, 3, 0, 35.67, 30.21, 20, 0, 10, 3, 0),
('PAK41', 'T20I', '2014-01-01', 600, 15.34, 105.67, 1, 0, 22.00, 18.67, 10, 0, 5, 1, 0),

('PAK42', 'ODI', '2014-01-01', 2800, 32.56, 80.34, 14, 3, 35.45, 28.67, 45, 2, 20, 8, 1),
('PAK42', 'TEST', '2015-01-01', 1500, 26.89, 68.45, 7, 1, 38.67, 31.78, 30, 1, 15, 5, 1),
('PAK42', 'T20I', '2016-01-01', 1000, 21.34, 110.67, 4, 0, 24.00, 19.67, 20, 0, 10, 4, 0),

('PAK43', 'ODI', '2013-01-01', 2000, 28.34, 82.34, 10, 2, 30.45, 25.67, 30, 1, 15, 7, 1),
('PAK43', 'TEST', '2014-01-01', 1200, 23.89, 68.45, 6, 0, 35.67, 28.78, 25, 0, 10, 4, 0),
('PAK43', 'T20I', '2015-01-01', 800, 18.34, 105.67, 3, 0, 28.00, 21.67, 15, 0, 5, 2, 0),

('PAK44', 'ODI', '2015-01-01', 2500, 35.56, 80.34, 10, 2, 30.45, 25.67, 40, 1, 20, 7, 1),
('PAK44', 'TEST', '2016-01-01', 1500, 32.78, 68.45, 5, 1, 37.67, 30.78, 30, 0, 15, 4, 1),
('PAK44', 'T20I', '2017-01-01', 900, 28.34, 120.45, 4, 1, 28.00, 20.11, 15, 0, 10, 3, 0),

('PAK45', 'ODI', '2016-01-01', 1800, 25.56, 70.34, 6, 0, 28.45, 22.89, 35, 1, 15, 5, 0),
('PAK45', 'TEST', '2017-01-01', 1000, 19.78, 58.23, 3, 0, 35.67, 30.21, 20, 0, 10, 3, 0),
('PAK45', 'T20I', '2018-01-01', 600, 15.34, 105.67, 1, 0, 22.00, 18.67, 10, 0, 5, 1, 0),

('PAK46', 'ODI', '2018-01-01', 2800, 32.56, 80.34, 14, 3, 35.45, 28.67, 45, 2, 20, 8, 1),
('PAK46', 'TEST', '2019-01-01', 1500, 26.89, 68.45, 7, 1, 38.67, 31.78, 30, 1, 15, 5, 1),
('PAK46', 'T20I', '2020-01-01', 1000, 21.34, 110.67, 4, 0, 24.00, 19.67, 20, 0, 10, 4, 0),

('PAK47', 'ODI', '2019-01-01', 2000, 28.34, 82.34, 10, 2, 30.45, 25.67, 30, 1, 15, 7, 1),
('PAK47', 'TEST', '2020-01-01', 1200, 23.89, 68.45, 6, 0, 35.67, 28.78, 25, 0, 10, 4, 0),
('PAK47', 'T20I', '2021-01-01', 800, 18.34, 105.67, 3, 0, 28.00, 21.67, 15, 0, 5, 2, 0),

('PAK48', 'ODI', '2017-01-01', 2500, 35.56, 80.34, 10, 2, 30.45, 25.67, 40, 1, 20, 7, 1),
('PAK48', 'TEST', '2018-01-01', 1500, 32.78, 68.45, 5, 1, 37.67, 30.78, 30, 0, 15, 4, 1),
('PAK48', 'T20I', '2019-01-01', 900, 28.34, 120.45, 4, 1, 28.00, 20.11, 15, 0, 10, 3, 0),

('PAK49', 'ODI', '2018-01-01', 1800, 25.56, 70.34, 6, 0, 28.45, 22.89, 35, 1, 15, 5, 0),
('PAK49', 'TEST', '2019-01-01', 1000, 19.78, 58.23, 3, 0, 35.67, 30.21, 20, 0, 10, 3, 0),
('PAK49', 'T20I', '2020-01-01', 600, 15.34, 105.67, 1, 0, 22.00, 18.67, 10, 0, 5, 1, 0),

('PAK50', 'ODI', '2019-01-01', 2000, 28.34, 82.34, 10, 2, 30.45, 25.67, 30, 1, 15, 7, 1),
('PAK50', 'TEST', '2020-01-01', 1200, 23.89, 68.45, 6, 0, 35.67, 28.78, 25, 0, 10, 4, 0),
('PAK50', 'T20I', '2021-01-01', 800, 18.34, 105.67, 3, 0, 28.00, 21.67, 15, 0, 5, 2, 0),

('PAK51', 'ODI', '2015-01-01', 2500, 35.56, 80.34, 10, 2, 30.45, 25.67, 40, 1, 20, 7, 1),
('PAK51', 'TEST', '2016-01-01', 1500, 32.78, 68.45, 5, 1, 37.67, 30.78, 30, 0, 15, 4, 1),
('PAK51', 'T20I', '2017-01-01', 900, 28.34, 120.45, 4, 1, 28.00, 20.11, 15, 0, 10, 3, 0),

('PAK52', 'ODI', '2017-01-01', 2800, 32.56, 80.34, 14, 3, 35.45, 28.67, 45, 2, 20, 8, 1),
('PAK52', 'TEST', '2018-01-01', 1500, 26.89, 68.45, 7, 1, 38.67, 31.78, 30, 1, 15, 5, 1),
('PAK52', 'T20I', '2019-01-01', 1000, 21.34, 110.67, 4, 0, 24.00, 19.67, 20, 0, 10, 4, 0),

('PAK53', 'ODI', '2018-01-01', 1800, 25.56, 70.34, 6, 0, 28.45, 22.89, 35, 1, 15, 5, 0),
('PAK53', 'TEST', '2019-01-01', 1000, 19.78, 58.23, 3, 0, 35.67, 30.21, 20, 0, 10, 3, 0),
('PAK53', 'T20I', '2020-01-01', 600, 15.34, 105.67, 1, 0, 22.00, 18.67, 10, 0, 5, 1, 0),

('PAK54', 'ODI', '2016-01-01', 2000, 28.34, 82.34, 10, 2, 30.45, 25.67, 30, 1, 15, 7, 1),
('PAK54', 'TEST', '2017-01-01', 1200, 23.89, 68.45, 6, 0, 35.67, 28.78, 25, 0, 10, 4, 0),
('PAK54', 'T20I', '2018-01-01', 800, 18.34, 105.67, 3, 0, 28.00, 21.67, 15, 0, 5, 2, 0),

('PAK55', 'ODI', '2017-01-01', 2500, 35.56, 80.34, 10, 2, 30.45, 25.67, 40, 1, 20, 7, 1),
('PAK55', 'TEST', '2018-01-01', 1500, 32.78, 68.45, 5, 1, 37.67, 30.78, 30, 0, 15, 4, 1),
('PAK55', 'T20I', '2019-01-01', 900, 28.34, 120.45, 4, 1, 28.00, 20.11, 15, 0, 10, 3, 0),

('WI1', 'ODI', '1999-08-11', 10408, 38.20, 87.20, 25, 25, 40.20, 45.8, 168, 1, 125, 0, 0),
('WI1', 'TEST', '2000-03-16', 7214, 42.18, 60.20, 15, 15, 44.70, 64.5, 73, 0, 81, 0, 0),
('WI1', 'T20I', '2006-02-16', 1627, 32.54, 141.95, 13, 2, 39.40, 24.0, 66, 0, 26, 0, 0),

('WI2', 'ODI', '2004-04-08', 1532, 17.14, 113.60, 2, 0, 49.80, 34.8, 87, 0, 44, 0, 0),
('WI2', 'TEST', '2007-07-26', 1323, 21.21, 56.50, 6, 0, 52.70, 57.3, 84, 0, 37, 0, 0),
('WI2', 'T20I', '2007-06-28', 276, 16.23, 122.22, 0, 0, 28.30, 18.9, 60, 0, 18, 0, 0),

('WI3', 'ODI', '2007-04-10', 2459, 25.45, 124.36, 9, 3, 49.90, 35.8, 60, 0, 46, 0, 0),
('WI3', 'TEST', '2010-06-26', 1014, 31.68, 41.63, 3, 1, 60.40, 65.2, 17, 0, 11, 0, 0),
('WI3', 'T20I', '2008-06-28', 1123, 24.36, 137.65, 3, 0, 24.90, 16.7, 62, 0, 23, 0, 0),

('WI4', 'ODI', '2004-04-18', 2968, 25.36, 116.48, 10, 2, 29.50, 35.4, 199, 1, 61, 0, 0),
('WI4', 'TEST', '2004-07-30', 2200, 31.42, 52.40, 7, 3, 39.10, 65.5, 86, 0, 44, 0, 0),
('WI4', 'T20I', '2006-06-21', 1219, 24.38, 116.86, 2, 0, 30.20, 20.4, 59, 0, 33, 0, 0),

('WI5', 'ODI', '2000-10-04', 5808, 33.23, 76.35, 30, 10, 59.50, 44.6, 89, 0, 49, 0, 0),
('WI5', 'TEST', '2000-10-26', 3917, 32.65, 47.40, 24, 8, 63.89, 82.4, 41, 0, 79, 0, 0),
('WI5', 'T20I', '2007-08-16', 1611, 28.10, 120.05, 10, 0, 36.40, 21.6, 27, 0, 14, 0, 0),

('WI6', 'ODI', '1994-03-17', 8778, 41.60, 70.74, 72, 30, 55.10, 67.9, 9, 0, 91, 0, 0),
('WI6', 'TEST', '1994-03-17', 11867, 51.37, 45.65, 30, 30, 47.70, 72.4, 9, 0, 122, 0, 0),
('WI6', 'T20I', '2011-06-30', 233, 16.64, 107.33, 0, 0, 27.40, 22.8, 52, 0, 20, 0, 0),

('WI7', 'ODI', '2011-12-05', 690, 9.85, 86.50, 0, 0, 26.30, 42.8, 92, 0, 41, 0, 0),
('WI7', 'TEST', '2012-06-07', 768, 16.00, 40.00, 2, 0, 40.10, 60.6, 21, 0, 29, 0, 0),
('WI7', 'T20I', '2011-04-30', 195, 12.93, 105.40, 0, 0, 26.70, 20.8, 56, 0, 17, 0, 0),

('WI8', 'ODI', '2003-03-15', 570, 13.83, 58.21, 0, 0, 28.80, 41.2, 130, 0, 17, 0, 0),
('WI8', 'TEST', '2003-06-20', 352, 8.80, 34.60, 0, 0, 60.00, 95.3, 130, 0, 14, 0, 0),
('WI8', 'T20I', '2006-06-15', 70, 7.77, 70.00, 0, 0, 29.60, 17.4, 44, 0, 8, 0, 0),

('WI9', 'ODI', '2008-06-20', 295, 5.59, 47.61, 0, 0, 35.60, 50.2, 124, 0, 19, 0, 0),
('WI9', 'TEST', '2009-07-09', 570, 6.23, 34.11, 0, 0, 27.20, 51.8, 224, 0, 24, 0, 0),
('WI9', 'T20I', '2009-02-16', 25, 2.27, 55.55, 0, 0, 25.70, 18.3, 25, 0, 3, 0, 0),

('WI10', 'ODI', '2009-06-26', 2968, 38.42, 46.89, 25, 8, 41.30, 63.2, 2, 0, 18, 0, 0),
('WI10', 'TEST', '2010-11-15', 3413, 37.68, 47.68, 23, 5, 34.60, 58.3, 2, 0, 38, 0, 0),
('WI10', 'T20I', '2010-03-13', 220, 15.71, 105.26, 0, 0, 28.60, 18.2, 0, 0, 8, 0, 0),

('WI11', 'ODI', '2005-04-12', 4800, 28.5, 110.75, 8, 2, 45.35, 32.75, 65, 2, 15, 5, 0),
('WI11', 'TEST', '2006-06-20', 3200, 32.75, 67.50, 6, 1, 35.20, 41.60, 55, 3, 10, 3, 0),
('WI11', 'T20I', '2007-08-10', 2500, 30.40, 140.20, 5, 0, 28.50, 20.80, 50, 1, 5, 2, 0),

('WI12', 'ODI', '2008-03-28', 5600, 34.75, 125.25, 12, 3, 30.45, 29.10, 80, 5, 20, 8, 0),
('WI12', 'TEST', '2009-02-15', 4100, 28.65, 65.75, 7, 1, 29.80, 35.25, 60, 2, 15, 5, 0),
('WI12', 'T20I', '2010-05-10', 3200, 36.25, 150.80, 10, 2, 24.50, 18.90, 55, 3, 10, 4, 0),

('WI13', 'ODI', '2007-09-15', 5900, 41.20, 100.60, 15, 6, 0, 0, 0, 0, 30, 10, 0),
('WI13', 'TEST', '2008-10-20', 4300, 37.50, 72.50, 9, 2, 0, 0, 0, 0, 0, 0, 0),
('WI13', 'T20I', '2009-12-05', 3800, 39.80, 140.40, 12, 3, 0, 0, 0, 0, 0, 0, 0),

('WI14', 'ODI', '2006-08-18', 1000, 15.25, 65.80, 1, 0, 25.20, 20.30, 15, 0, 5, 2, 0),
('WI14', 'TEST', '2007-07-03', 800, 12.60, 45.50, 0, 0, 28.75, 32.10, 10, 0, 0, 0, 0),
('WI14', 'T20I', '2008-05-20', 1200, 18.80, 80.20, 2, 0, 20.60, 18.75, 20, 1, 5, 1, 0),

('WI15', 'ODI', '2009-12-06', 2700, 24.40, 85.20, 3, 0, 0, 0, 0, 0, 25, 10, 0),
('WI15', 'TEST', '2011-05-10', 2000, 22.50, 60.30, 2, 0, 0, 0, 0, 0, 0, 0, 0),
('WI15', 'T20I', '2012-07-15', 1800, 26.30, 110.20, 5, 0, 0, 0, 0, 0, 0, 0, 0),

('WI16', 'ODI', '2007-10-15', 3600, 30.20, 95.80, 6, 1, 28.90, 30.20, 50, 1, 15, 5, 0),
('WI16', 'TEST', '2009-09-10', 2500, 25.50, 70.25, 4, 0, 30.40, 35.80, 40, 2, 10, 3, 0),
('WI16', 'T20I', '2010-11-25', 2900, 28.90, 125.40, 5, 0, 25.70, 20.90, 60, 4, 5, 2, 0),

('WI17', 'ODI', '2009-01-05', 4200, 35.25, 105.40, 8, 2, 29.35, 27.90, 55, 2, 20, 8, 0),
('WI17', 'TEST', '2010-06-18', 3100, 30.40, 65.10, 6, 1, 32.10, 38.20, 45, 3, 10, 4, 0),
('WI17', 'T20I', '2011-08-20', 2800, 33.20, 130.20, 7, 0, 27.80, 25.20, 50, 2, 5, 2, 0),

('WI18', 'ODI', '2007-12-15', 2100, 22.30, 80.20, 4, 0, 0, 0, 0, 0, 25, 5, 0),
('WI18', 'TEST', '2009-05-20', 1500, 17.50, 50.30, 2, 0, 0, 0, 0, 0, 0, 0, 0),
('WI18', 'T20I', '2010-09-25', 1700, 20.80, 110.20, 3, 0, 0, 0, 0, 0, 0, 0, 0),

('WI19', 'ODI', '2011-02-18', 2700, 26.90, 90.80, 5, 0, 30.20, 30.10, 50, 3, 15, 6, 0),
('WI19', 'TEST', '2012-08-10', 2200, 24.20, 62.30, 4, 0, 32.50, 38.80, 40, 2, 10, 3, 0),
('WI19', 'T20I', '2013-11-05', 2400, 28.50, 125.40, 6, 0, 27.20, 22.90, 60, 4, 5, 2, 0),

('WI20', 'ODI', '2011-05-15', 4800, 37.25, 85.60, 9, 3, 0, 0, 0, 0, 25, 10, 0),
('WI20', 'TEST', '2013-02-10', 3900, 35.80, 68.40, 8, 2, 0, 0, 0, 0, 0, 0, 0),
('WI20', 'T20I', '2014-08-05', 3200, 33.40, 120.20, 7, 1, 0, 0, 0, 0, 0, 0, 0),

('WI21', 'ODI', '2016-09-20', 3200, 36.40, 100.20, 8, 2, 0, 0, 0, 0, 25, 10, 0),
('WI21', 'TEST', '2017-11-25', 2700, 31.75, 70.80, 5, 0, 0, 0, 0, 0, 0, 0, 0),
('WI21', 'T20I', '2018-12-10', 3400, 41.20, 140.50, 10, 3, 0, 0, 0, 0, 0, 0, 0),

('WI22', 'ODI', '2015-06-25', 3800, 39.40, 90.80, 10, 4, 0, 0, 0, 0, 30, 10, 0),
('WI22', 'TEST', '2016-08-30', 3000, 34.60, 70.40, 7, 1, 0, 0, 0, 0, 0, 0, 0),
('WI22', 'T20I', '2017-11-14', 2600, 31.80, 135.20, 6, 0, 0, 0, 0, 0, 0, 0, 0),

('WI23', 'ODI', '2013-04-18', 4100, 37.25, 95.60, 8, 2, 28.60, 27.80, 60, 4, 20, 6, 0),
('WI23', 'TEST', '2014-09-25', 3200, 30.80, 70.40, 6, 0, 29.50, 35.20, 55, 3, 15, 5, 0),
('WI23', 'T20I', '2015-12-30', 3400, 34.50, 125.20, 7, 0, 30.20, 25.60, 65, 4, 10, 4, 0),

('WI24', 'ODI', '2014-10-10', 3200, 32.60, 85.60, 7, 1, 30.20, 30.80, 55, 2, 15, 5, 0),
('WI24', 'TEST', '2015-12-20', 2500, 29.40, 68.20, 5, 0, 31.20, 38.20, 45, 3, 10, 4, 0),
('WI24', 'T20I', '2016-11-25', 2800, 30.20, 115.20, 6, 0, 30.50, 25.60, 60, 2, 5, 2, 0),

('WI25', 'ODI', '2017-02-10', 3500, 36.20, 90.80, 8, 1, 28.50, 29.20, 60, 3, 20, 7, 0),
('WI25', 'TEST', '2018-05-15', 2700, 31.75, 70.80, 5, 0, 29.80, 35.60, 55, 4, 15, 6, 0),
('WI25', 'T20I', '2019-08-20', 3000, 33.40, 120.20, 7, 1, 28.90, 23.80, 65, 3, 10, 3, 0),

('WI26', 'ODI', '2016-10-16', 1450, 23.40, 88.20, 2, 0, 28.10, 30.20, 30, 1, 10, 2, 0),
('WI26', 'TEST', '2017-08-25', 980, 21.80, 46.70, 1, 0, 35.50, 56.20, 20, 0, 5, 1, 0),
('WI26', 'T20I', '2017-01-05', 1200, 18.90, 130.40, 0, 0, 22.80, 19.50, 25, 0, 0, 0, 0),

('WI27', 'ODI', '2018-12-17', 1650, 30.20, 95.80, 4, 0, 32.60, 28.90, 40, 2, 15, 3, 0),
('WI27', 'TEST', '2019-08-30', 1140, 24.60, 52.80, 1, 0, 29.80, 51.20, 30, 1, 10, 2, 0),
('WI27', 'T20I', '2020-01-20', 1350, 20.80, 120.30, 0, 0, 25.60, 21.40, 35, 0, 5, 1, 0),

('WI28', 'ODI', '2017-06-30', 2400, 38.60, 100.50, 7, 2, 0, 0, 0, 0, 20, 5, 0),
('WI28', 'TEST', '2018-05-24', 1950, 35.40, 58.20, 5, 1, 0, 0, 0, 0, 0, 0, 0),
('WI28', 'T20I', '2019-12-17', 2100, 33.20, 135.20, 6, 0, 0, 0, 0, 0, 0, 0, 0),

('WI30', 'ODI', '2013-06-05', 950, 17.20, 60.80, 1, 0, 32.40, 28.70, 25, 1, 10, 2, 0),
('WI30', 'TEST', '2014-10-15', 720, 15.80, 42.20, 0, 0, 29.80, 55.10, 20, 0, 5, 1, 0),
('WI30', 'T20I', '2015-03-15', 830, 16.90, 115.60, 0, 0, 25.60, 21.80, 30, 0, 5, 1, 0),

('WI31', 'ODI', '2016-12-20', 780, 21.20, 80.50, 1, 0, 30.20, 27.80, 20, 0, 10, 3, 0),
('WI31', 'TEST', '2017-07-10', 650, 18.40, 51.20, 0, 0, 28.90, 59.40, 15, 0, 5, 1, 0),
('WI31', 'T20I', '2018-02-05', 710, 19.80, 105.60, 0, 0, 26.80, 22.40, 25, 0, 5, 1, 0),

('WI33', 'ODI', '2016-06-25', 1200, 26.50, 75.80, 2, 0, 28.10, 29.50, 25, 0, 15, 4, 0),
('WI33', 'TEST', '2017-03-06', 980, 23.70, 62.40, 1, 0, 29.80, 48.20, 20, 0, 10, 3, 0),
('WI33', 'T20I', '2018-08-10', 1050, 21.90, 100.20, 0, 0, 27.80, 23.10, 30, 0, 5, 1, 0),

('WI36', 'ODI', '2018-07-25', 1050, 19.60, 85.50, 1, 0, 0, 0, 0, 0, 10, 2, 0),
('WI36', 'TEST', '2019-10-24', 810, 16.20, 43.20, 0, 0, 0, 0, 0, 0, 0, 0, 0),
('WI36', 'T20I', '2020-12-20', 930, 18.80, 110.20, 0, 0, 0, 0, 0, 0, 0, 0, 0),

('WI39', 'ODI', '2020-01-22', 750, 21.40, 70.20, 0, 0, 25.80, 27.40, 20, 0, 5, 1, 0),
('WI39', 'TEST', '2020-12-01', 610, 19.60, 48.60, 0, 0, 24.80, 43.20, 15, 0, 5, 1, 0),
('WI39', 'T20I', '2021-06-15', 660, 22.30, 90.20, 0, 0, 23.60, 20.80, 20, 0, 5, 1, 0),

('WI41', 'ODI', '2014-04-15', 1050, 22.30, 78.50, 1, 0, 25.60, 27.90, 25, 1, 10, 3, 0),
('WI41', 'TEST', '2015-09-01', 870, 20.90, 50.20, 0, 0, 28.40, 52.60, 20, 0, 5, 1, 0),
('WI41', 'T20I', '2016-02-29', 980, 24.80, 95.60, 0, 0, 26.80, 22.30, 30, 0, 5, 1, 0),

('WI43', 'ODI', '2013-09-18', 780, 18.70, 70.30, 1, 0, 26.20, 28.40, 20, 0, 15, 4, 0),
('WI43', 'TEST', '2015-06-02', 640, 15.80, 46.20, 0, 0, 27.10, 47.50, 15, 0, 10, 3, 0),
('WI43', 'T20I', '2016-10-05', 710, 20.50, 100.40, 0, 0, 24.80, 21.30, 25, 0, 5, 1, 0),

('WI45', 'ODI', '2017-12-20', 890, 19.80, 80.20, 1, 0, 28.10, 30.50, 25, 1, 10, 3, 0),
('WI45', 'TEST', '2018-07-05', 750, 17.90, 52.40, 0, 0, 27.80, 55.20, 20, 0, 5, 1, 0),
('WI45', 'T20I', '2019-02-10', 820, 20.60, 95.70, 0, 0, 26.90, 23.80, 30, 0, 5, 1, 0),

('WI47', 'ODI', '2015-08-12', 610, 17.90, 68.40, 0, 0, 25.60, 29.70, 20, 0, 15, 4, 0),
('WI47', 'TEST', '2016-02-15', 550, 16.20, 41.20, 0, 0, 26.80, 49.30, 15, 0, 10, 3, 0),
('WI47', 'T20I', '2017-06-20', 570, 18.70, 98.20, 0, 0, 24.50, 20.70, 25, 0, 5, 1, 0),

('WI49', 'ODI', '2018-01-18', 750, 20.20, 75.60, 1, 0, 27.80, 31.20, 20, 0, 10, 3, 0),
('WI49', 'TEST', '2019-08-22', 610, 18.90, 50.80, 0, 0, 28.10, 53.40, 15, 0, 5, 1, 0),
('WI49', 'T20I', '2020-10-17', 670, 22.10, 90.20, 0, 0, 26.40, 22.90, 20, 0, 5, 1, 0),

('WI50', 'ODI', '2018-03-19', 930, 23.20, 80.20, 1, 0, 25.80, 30.50, 25, 1, 10, 3, 0),
('WI50', 'TEST', '2019-11-23', 780, 21.80, 56.20, 0, 0, 27.30, 57.60, 20, 0, 5, 1, 0),
('WI50', 'T20I', '2020-12-12', 840, 25.10, 95.70, 0, 0, 25.60, 23.40, 30, 0, 5, 1, 0),

('WI51', 'ODI', '2017-04-12', 780, 19.60, 72.80, 1, 0, 27.80, 29.60, 20, 0, 10, 2, 0),
('WI51', 'TEST', '2018-08-25', 620, 18.20, 48.50, 0, 0, 28.90, 52.40, 15, 0, 5, 1, 0),
('WI51', 'T20I', '2019-01-05', 690, 21.30, 98.20, 0, 0, 26.70, 23.90, 20, 0, 5, 1, 0),

('WI52', 'ODI', '2018-06-17', 720, 20.80, 78.90, 1, 0, 28.10, 30.20, 25, 1, 10, 3, 0),
('WI52', 'TEST', '2019-11-30', 580, 17.90, 52.60, 0, 0, 27.80, 55.30, 20, 0, 5, 1, 0),
('WI52', 'T20I', '2020-12-20', 650, 22.10, 105.30, 0, 0, 26.10, 22.70, 20, 0, 5, 1, 0),

('WI53', 'ODI', '2016-10-01', 780, 20.30, 75.20, 1, 0, 26.20, 28.60, 20, 0, 15, 4, 0),
('WI53', 'TEST', '2018-03-10', 640, 16.80, 46.50, 0, 0, 27.10, 47.60, 15, 0, 10, 3, 0),
('WI53', 'T20I', '2019-07-15', 710, 21.60, 100.10, 0, 0, 25.80, 21.40, 25, 0, 5, 1, 0),

('WI54', 'ODI', '2019-08-20', 550, 15.20, 68.40, 0, 0, 25.60, 29.80, 15, 0, 10, 3, 0),
('WI54', 'TEST', '2020-12-05', 490, 13.80, 42.30, 0, 0, 27.30, 49.50, 10, 0, 5, 1, 0),
('WI54', 'T20I', '2021-06-20', 520, 17.30, 90.50, 0, 0, 24.90, 20.60, 15, 0, 5, 1, 0),

('WI55', 'ODI', '2018-03-12', 690, 19.80, 82.60, 1, 0, 28.30, 31.20, 25, 1, 10, 3, 0),
('WI55', 'TEST', '2019-09-27', 560, 17.20, 50.70, 0, 0, 27.80, 55.20, 20, 0, 5, 1, 0),
('WI55', 'T20I', '2020-11-15', 630, 21.00, 106.20, 0, 0, 26.10, 22.40, 20, 0, 5, 1, 0),

('WI56', 'ODI', '2016-12-30', 750, 19.30, 75.80, 1, 0, 27.60, 30.00, 20, 0, 15, 4, 0),
('WI56', 'TEST', '2018-07-14', 610, 16.90, 48.30, 0, 0, 28.10, 49.00, 15, 0, 10, 3, 0),
('WI56', 'T20I', '2019-12-08', 670, 20.10, 97.30, 0, 0, 26.00, 22.10, 20, 0, 5, 1, 0),

('WI57', 'ODI', '2018-09-10', 630, 18.50, 70.20, 1, 0, 27.20, 29.40, 20, 0, 10, 2, 0),
('WI57', 'TEST', '2020-02-21', 540, 16.80, 52.80, 0, 0, 28.00, 54.50, 15, 0, 5, 1, 0),
('WI57', 'T20I', '2021-07-05', 590, 20.20, 94.80, 0, 0, 25.70, 23.60, 20, 0, 5, 1, 0),

('WI58', 'ODI', '2018-11-22', 690, 20.20, 77.10, 1, 0, 27.90, 30.40, 25, 1, 10, 3, 0),
('WI58', 'TEST', '2020-06-01', 570, 17.50, 50.50, 0, 0, 27.80, 55.70, 20, 0, 5, 1, 0),
('WI58', 'T20I', '2021-10-25', 610, 21.00, 102.60, 0, 0, 26.20, 22.80, 20, 0, 5, 1, 0),

('WI59', 'ODI', '2016-06-17', 820, 21.30, 80.90, 1, 0, 26.80, 29.80, 25, 1, 10, 3, 0),
('WI59', 'TEST', '2018-01-27', 680, 19.10, 55.60, 0, 0, 27.50, 56.20, 20, 0, 5, 1, 0),
('WI59', 'T20I', '2019-04-12', 740, 22.60, 95.70, 0, 0, 25.90, 22.60, 25, 0, 5, 1, 0),

('WI60', 'ODI', '2017-07-29', 760, 19.90, 78.20, 1, 0, 28.20, 31.50, 20, 0, 15, 4, 0),
('WI60', 'TEST', '2018-12-12', 620, 17.60, 50.20, 0, 0, 27.90, 51.00, 15, 0, 10, 3, 0),
('WI60', 'T20I', '2020-05-20', 680, 20.90, 98.10, 0, 0, 26.30, 22.40, 20, 0, 5, 1, 0);


INSERT INTO Umpire (Umpire_ID, Umpire_Name, Country, Decision_Accuracy) 
VALUES
('UM1', 'Michael Gough', 'England', 89.5),
('UM2', 'Aleem Dar', 'Pakistan', 91.2),
('UM3', 'Kumar Dharmasena', 'Sri Lanka', 88.8),
('UM4', 'Marais Erasmus', 'South Africa', 87.3),
('UM5', 'Chris Gaffaney', 'New Zealand', 86.7),
('UM6', 'Bruce Oxenford', 'Australia', 88.1),
('UM7', 'Richard Illingworth', 'England', 90.4),
('UM8', 'Paul Reiffel', 'Australia', 88.6),
('UM9', 'Rod Tucker', 'Australia', 89.2),
('UM10', 'Joel Wilson', 'West Indies', 87.9),
('UM11', 'Nigel Llong', 'England', 88.3),
('UM12', 'Chettithody Shamshuddin', 'India', 86.5),
('UM13', 'Ian Gould', 'England', 90.1),
('UM14', 'Ruchira Palliyaguruge', 'Sri Lanka', 87.6),
('UM15', 'Richard Kettleborough', 'England', 88.9),
('UM16', 'Nitin Menon', 'India', 89.4),
('UM17', 'Billy Bowden', 'New Zealand', 88.2),
('UM18', 'Simon Taufel', 'Australia', 89.8),
('UM19', 'Asad Rauf', 'Pakistan', 87.7),
('UM20', 'Rodney Tucker', 'Australia', 87.9),
('UM21', 'David Shepherd', 'England', 89.1),
('UM22', 'Sundaram Ravi', 'India', 88.5),
('UM23', 'Billy Doctrove', 'West Indies', 88.7),
('UM24', 'Rudi Koertzen', 'South Africa', 88.3),
('UM25', 'Darrell Hair', 'Australia', 89.6),
('UM26', 'Mark Benson', 'England', 88.0),
('UM27', 'Steve Bucknor', 'Jamaica', 87.5),
('UM28', 'Billy Taylor', 'New Zealand', 88.8),
('UM29', 'Peter Willey', 'England', 87.3),
('UM30', 'John Holder', 'West Indies', 89.7),
('UM31', 'Nigel Plews', 'South Africa', 88.2),
('UM32', 'Simon Fry', 'Australia', 89.3),
('UM33', 'Ian Robinson', 'England', 88.9),
('UM34', 'Khalid Mahmood', 'Pakistan', 87.6),
('UM35', 'Chris Brown', 'West Indies', 89.2),
('UM36', 'Steve Davis', 'Australia', 87.8),
('UM37', 'Peter Nero', 'England', 88.4),
('UM38', 'Mark Hawthorne', 'New Zealand', 89.0),
('UM39', 'David Orchard', 'South Africa', 87.7),
('UM40', 'Andrew Hodd', 'England', 88.2),
('UM41', 'Daryl Harper', 'Australia', 87.6),
('UM42', 'Mervyn Kitchen', 'England', 89.5),
('UM43', 'David Lloyd', 'Australia', 87.8),
('UM44', 'Ian Meckiff', 'Australia', 89.0),
('UM45', 'Tony Hill', 'New Zealand', 88.4),
('UM46', 'Peter Parker', 'Australia', 87.3),
('UM47', 'Graeme Ashcroft', 'England', 88.7),
('UM48', 'Stuart Randall', 'South Africa', 89.2),
('UM49', 'Darren Goodger', 'Australia', 88.1),
('UM50', 'Paul Wilson', 'Australia', 89.5),
('UM51', 'Rodger Davidson', 'England', 88.3),
('UM52', 'John Styles', 'New Zealand', 88.9),
('UM53', 'Ahmed Khan', 'Pakistan', 88.2),
('UM54', 'Michael Holding', 'West Indies', 88.5),
('UM55', 'Clive Lloyd', 'West Indies', 87.7),
('UM56', 'Andy Roberts', 'West Indies', 88.1),
('UM57', 'Colin Croft', 'West Indies', 89.4),
('UM58', 'Desmond Haynes', 'West Indies', 89.6),
('UM59', 'Gordon Greenidge', 'West Indies', 88.2),
('UM60', 'Jeff Dujon', 'West Indies', 87.9),
('UM61', 'Vivian Richards', 'West Indies', 88.7),
('UM62', 'Malcolm Marshall', 'West Indies', 88.3),
('UM63', 'Courtney Walsh', 'West Indies', 89.8),
('UM64', 'Brian Lara', 'West Indies', 87.6),
('UM65', 'Shane Warne', 'Australia', 88.9),
('UM66', 'Glenn McGrath', 'Australia', 89.4),
('UM67', 'Adam Gilchrist', 'Australia', 88.2),
('UM68', 'Ricky Ponting', 'Australia', 87.3),
('UM69', 'Matthew Hayden', 'Australia', 89.7),
('UM70', 'Steve Waugh', 'Australia', 88.2),
('UM71', 'Allan Border', 'Australia', 88.3),
('UM72', 'Dennis Lillee', 'Australia', 89.3),
('UM73', 'Greg Chappell', 'Australia', 88.9),
('UM74', 'Shane Watson', 'Australia', 87.6),
('UM75', 'Brett Lee', 'Australia', 89.2),
('UM76', 'Mark Waugh', 'Australia', 87.8),
('UM77', 'Michael Clarke', 'Australia', 88.4),
('UM78', 'Dean Jones', 'Australia', 89.0),
('UM79', 'Justin Langer', 'Australia', 87.7),
('UM80', 'Ian Healy', 'Australia', 88.2),
('UM81', 'Brad Haddin', 'Australia', 89.5),
('UM82', 'Jason Gillespie', 'Australia', 88.3),
('UM83', 'Nathan Lyon', 'Australia', 88.7),
('UM84', 'Pat Cummins', 'Australia', 89.2),
('UM85', 'David Warner', 'Australia', 88.1),
('UM86', 'Usman Khawaja', 'Australia', 89.5),
('UM87', 'Mitchell Starc', 'Australia', 88.3),
('UM88', 'Josh Hazlewood', 'Australia', 88.9),
('UM89', 'Steven Smith', 'Australia', 87.6),
('UM90', 'Marnus Labuschagne', 'Australia', 88.7),
('UM91', 'Cameron Green', 'Australia', 89.4),
('UM92', 'Travis Head', 'Australia', 87.8),
('UM93', 'Tim Paine', 'Australia', 88.5),
('UM94', 'Glenn Maxwell', 'Australia', 89.1),
('UM95', 'Marcus Stoinis', 'Australia', 88.2),
('UM96', 'Aaron Finch', 'Australia', 87.9),
('UM97', 'David Hussey', 'Australia', 88.3),
('UM98', 'Mitchell Johnson', 'Australia', 89.6),
('UM99', 'Andrew Symonds', 'Australia', 88.4),
('UM100', 'Brad Hodge', 'Australia', 89.0);

INSERT INTO Stadium (Stadium_ID, Stadium_name, Capacity, Pitch_type, Country)
VALUES
    ('STD1', 'Eden Gardens', 66349, 'Red Soil', 'India'),
    ('STD2', 'M. Chinnaswamy Stadium', 40000, 'Black Soil', 'India'),
    ('STD3', 'Wankhede Stadium', 33108, 'Red Soil', 'India'),
    ('STD4', 'Rajiv Gandhi International Cricket Stadium', 55000, 'Black Soil', 'India'),
    ('STD5', 'Sardar Patel Stadium', 110000, 'Red Soil', 'India'),
    ('STD6', 'Lord''s Cricket Ground', 30000, 'Red Soil', 'England'),
    ('STD7', 'The Oval', 25500, 'Black Soil', 'England'),
    ('STD8', 'Old Trafford Cricket Ground', 26000, 'Red Soil', 'England'),
    ('STD9', 'Edgbaston Cricket Ground', 25000, 'Black Soil', 'England'),
    ('STD10', 'Headingley Cricket Ground', 18900, 'Red Soil', 'England'),
    ('STD11', 'Melbourne Cricket Ground', 100024, 'Red Soil', 'Australia'),
    ('STD12', 'Sydney Cricket Ground', 48601, 'Black Soil', 'Australia'),
    ('STD13', 'Adelaide Oval', 53000, 'Red Soil', 'Australia'),
    ('STD14', 'Brisbane Cricket Ground (The Gabba)', 42000, 'Black Soil', 'Australia'),
    ('STD15', 'Perth Stadium (Optus Stadium)', 60000, 'Red Soil', 'Australia'),
    ('STD16', 'Galle International Stadium', 35000, 'Red Soil', 'Sri Lanka'),
    ('STD17', 'R. Premadasa Stadium', 35000, 'Black Soil', 'Sri Lanka'),
    ('STD18', 'Pallekele International Cricket Stadium', 35000, 'Red Soil', 'Sri Lanka'),
    ('STD19', 'Mahinda Rajapaksa International Cricket Stadium', 35000, 'Black Soil', 'Sri Lanka'),
    ('STD20', 'Newlands Cricket Ground', 25000, 'Red Soil', 'South Africa'),
    ('STD21', 'Wanderers Stadium', 34000, 'Black Soil', 'South Africa'),
    ('STD22', 'Kingsmead Cricket Ground', 25000, 'Red Soil', 'South Africa'),
    ('STD23', 'St George''s Park', 19000, 'Black Soil', 'South Africa'),
    ('STD24', 'SuperSport Park', 22000, 'Red Soil', 'South Africa'),
    ('STD25', 'Maharashtra Cricket Association Stadium', 37000, 'Red Soil', 'India'),
    ('STD26', 'Sawai Mansingh Stadium', 30000, 'Black Soil', 'India'),
    ('STD27', 'Holkar Cricket Stadium', 30000, 'Red Soil', 'India'),
    ('STD28', 'Greenfield International Stadium', 50000, 'Black Soil', 'India'),
    ('STD29', 'Saurashtra Cricket Association Stadium', 28000, 'Red Soil', 'India'),
    ('STD30', 'Old Trafford Cricket Ground', 26000, 'Red Soil', 'England'),
    ('STD31', 'Trent Bridge Cricket Ground', 17000, 'Black Soil', 'England'),
    ('STD32', 'Rose Bowl Cricket Ground', 25000, 'Red Soil', 'England'),
    ('STD33', 'Sophia Gardens', 15000, 'Black Soil', 'England'),
    ('STD34', 'County Ground', 8000, 'Red Soil', 'England'),
    ('STD35', 'Adelaide Oval', 53000, 'Red Soil', 'Australia'),
    ('STD36', 'Bellerive Oval', 20000, 'Black Soil', 'Australia'),
    ('STD37', 'Manuka Oval', 13000, 'Red Soil', 'Australia'),
    ('STD38', 'Sydney Showground Stadium', 21000, 'Black Soil', 'Australia'),
    ('STD39', 'Darren Sammy National Cricket Stadium', 15000, 'Red Soil', 'West Indies'),
    ('STD40', 'Kensington Oval', 28000, 'Black Soil', 'West Indies'),
    ('STD41', 'Sir Vivian Richards Stadium', 10000, 'Red Soil', 'West Indies'),
    ('STD42', 'Queens Park Oval', 25000, 'Black Soil', 'West Indies'),
    ('STD43', 'Sabina Park', 20000, 'Red Soil', 'West Indies'),
    ('STD44', 'Sharjah Cricket Stadium', 17000, 'Red Soil', 'Pakistan'),
    ('STD45', 'Gaddafi Stadium', 27000, 'Black Soil', 'Pakistan'),
    ('STD46', 'National Stadium', 34228, 'Red Soil', 'Pakistan'),
    ('STD47', 'Rawalpindi Cricket Stadium', 28000, 'Black Soil', 'Pakistan'),
    ('STD48', 'Arbab Niaz Stadium', 20000, 'Red Soil', 'Pakistan'),
    ('STD49', 'Rajshahi Divisional Stadium', 15000, 'Black Soil', 'Bangladesh'),
    ('STD50', 'Zahur Ahmed Chowdhury Stadium', 20000, 'Red Soil', 'Bangladesh'),
    ('STD51', 'Sher-e-Bangla National Cricket Stadium', 26000, 'Black Soil', 'Bangladesh'),
    ('STD52', 'Sylhet International Cricket Stadium', 18000, 'Red Soil', 'Bangladesh'),
    ('STD53', 'Khan Shaheb Osman Ali Stadium', 25000, 'Black Soil', 'Bangladesh'),
    ('STD54', 'Hagley Oval', 20000, 'Red Soil', 'New Zealand'),
    ('STD55', 'Seddon Park', 10000, 'Black Soil', 'New Zealand'),
    ('STD56', 'Bay Oval', 10000, 'Red Soil', 'New Zealand'),
    ('STD57', 'Basin Reserve', 11000, 'Black Soil', 'New Zealand'),
    ('STD58', 'University Oval', 3500, 'Red Soil', 'New Zealand'),
    ('STD59', 'Sylhet International Cricket Stadium', 18000, 'Red Soil', 'Bangladesh'),
    ('STD60', 'Hagley Oval', 20000, 'Red Soil', 'New Zealand'),
    ('STD61', 'Seddon Park', 10000, 'Black Soil', 'New Zealand'),
    ('STD62', 'Bay Oval', 10000, 'Red Soil', 'New Zealand'),
    ('STD63', 'Basin Reserve', 11000, 'Black Soil', 'New Zealand'),
    ('STD64', 'University Oval', 3500, 'Red Soil', 'New Zealand'),
    ('STD65', 'Gymkhana Ground', 1000, 'Red Soil', 'Nepal'),
    ('STD66', 'Tribhuvan University International Cricket Ground', 5000, 'Black Soil', 'Nepal'),
    ('STD67', 'Mulpani Cricket Ground', 2000, 'Red Soil', 'Nepal'),
    ('STD68', 'Kirtipur Cricket Ground', 2000, 'Black Soil', 'Nepal'),
    ('STD69', 'Tribhuvan University International Cricket Ground', 5000, 'Red Soil', 'Nepal'),
    ('STD70', 'TU Cricket Ground', 2000, 'Red Soil', 'Nepal');


INSERT INTO Board (Board_Id, Board_Name, Chairman_Name, Country_Name) VALUES
('BCCI', 'Board of Control for Cricket in India ', 'Sourav Ganguly', 'India'),
('ECB', 'England and Wales Cricket Board ', 'Ian Watmore', 'England'),
('CA', 'Cricket Australia', 'Earl Eddings', 'Australia'),
('PCB', 'Pakistan Cricket Board ', 'Ehsan Mani', 'Pakistan'),
('RSA', 'Cricket South Africa', 'Zola Thamae', 'South Africa'),
('NZC', 'New Zealand Cricket ', 'Greg Barclay', 'New Zealand'),
('WICB', 'West Indies Cricket Board', 'Ricky Skerritt', 'West Indies'),
('SLC', 'Sri Lanka Cricket ', 'Shammi Silva', 'Sri Lanka'),
('BCB', 'Bangladesh Cricket Board ', 'Nazmul Hassan', 'Bangladesh');



INSERT INTO Victory (Board_ID, Match_type, No_of_cups) VALUES
('BCCI', 'ODI', 3),
('BCCI', 'TEST', 0),
('BCCI', 'T20I', 1),
('ECB', 'ODI', 1),
('ECB', 'TEST', 0),
('ECB', 'T20I', 1),
('CA', 'ODI', 5),
('CA', 'TEST', 1),
('CA', 'T20I', 2),
('PCB', 'ODI', 2),
('PCB', 'TEST', 0),
('PCB', 'T20I', 0),
('RSA', 'ODI', 0),
('RSA', 'TEST', 0),
('RSA', 'T20I', 0),
('NZC', 'ODI', 0),
('NZC', 'TEST', 1),
('NZC', 'T20I', 0),
('WICB', 'ODI', 2),
('WICB', 'TEST', 0),
('WICB', 'T20I', 2),
('SLC', 'ODI', 1),
('SLC', 'TEST', 0),
('SLC', 'T20I', 1),
('BCB', 'ODI', 0),
('BCB', 'TEST', 0),
('BCB', 'T20I', 0);



INSERT INTO Event (Event_ID, Host_Country, Year, Match_type, No_of_teams, Winner, Runner_up,Player_of_the_tournament) 
VALUES
('MWC11', 'India', 2011, 'ODI', 6, 'BCCI', 'SLC', 'IND13'),
('MWC15', 'Australia', 2015, 'ODI', 8, 'CA', 'NZC', 'AUS4'),
('MWC19', 'England', 2019, 'ODI', 8, 'ECB', 'NZC', 'NZ1'),
('MWC23', 'India', 2023, 'ODI', 8, 'CA', 'BCCI', 'IND2'),
('MWC07', 'South Africa', 2007, 'T20I', 6, 'BCCI', 'SLC', 'IND4'),
('MWC16', 'India', 2016, 'T20I', 6, 'WICB', 'ECB', 'IND13'),
('MWC22', 'Australia', 2022, 'T20I', 6, 'ECB', 'PCB', 'IND13'),
('WTC20', 'England', 2020, 'TEST', 6, 'NZC', 'BCCI', 'NZ6'),
('WTC22', 'England', 2022, 'TEST', 6, 'CA', 'BCCI', 'AUS10'),
('WWC20', 'Australia', 2011, 'ODI', 6, 'CA', 'BCCI', 'AUS42'),
('WWC23', 'New Zealand', 2023, 'ODI', 6, 'CA', 'RSA', 'AUS43'),
('WWC22', 'New Zealand', 2022, 'T20I', 6, 'CA', 'ECB', 'AUS49'),
('WWC17', 'England', 2017, 'T20I', 6, 'CA', 'BCCI', 'IND48');



INSERT INTO Event_Participation (Event_ID, Board_ID, Rank, Most_Runs, Most_Wickets)
VALUES 
('MWC11', 'BCCI', 1, 'IND4', 'IND11'),
('MWC11', 'ECB', 2, 'ENG3', 'ENG28'),
('MWC11', 'CA', 3, 'AUS15', 'AUS17'),
('MWC11', 'RSA', 4, 'SA9', 'SA6'),
('MWC11', 'NZC', 5, 'NZ25', 'NZ2'),
('MWC11', 'WICB', 6, 'WI20', 'WI4'),


('MWC15', 'BCCI', 4, 'IND15', 'IND32'),
('MWC15', 'ECB', 2, 'ENG15', 'ENG32'),
('MWC15', 'CA', 5, 'AUS37', 'AUS29'),
('MWC15', 'RSA', 1, 'SA21', 'SA37'),
('MWC15', 'NZC', 3, 'NZ20', 'NZ9'),
('MWC15', 'WICB', 6, 'WI4', 'WI20'),
('MWC15', 'PCB', 7, 'PAK20', 'PAK9'),
('MWC15', 'BCB', 8, 'BAN37', 'BAN29'),

('MWC19', 'BCCI', 4, 'IND15', 'IND32'),
('MWC19', 'ECB', 2, 'ENG15', 'ENG32'),
('MWC19', 'CA', 5, 'AUS37', 'AUS29'),
('MWC19', 'RSA', 1, 'SA21', 'SA37'),
('MWC19', 'NZC', 3, 'NZ20', 'NZ9'),
('MWC19', 'WICB', 6, 'WI4', 'WI20'),
('MWC19', 'PCB', 7, 'PAK20', 'PAK9'),
('MWC19', 'BCB', 8, 'BAN37', 'BAN29'),


('MWC23', 'BCCI', 4, 'IND9', 'IND24'),
('MWC23', 'ECB', 7, 'ENG19', 'ENG15'),
('MWC23', 'CA', 6, 'AUS4', 'AUS20'),
('MWC23', 'RSA', 5, 'SA11', 'SA29'),
('MWC23', 'NZC', 8, 'NZ5', 'NZ15'),
('MWC23', 'WICB', 3, 'WI9', 'WI24'),
('MWC23', 'PCB', 2, 'PAK5', 'PAK15'),
('MWC23', 'BCB', 1, 'BAN5', 'BAN6'),

('MWC07', 'BCCI', 3, 'IND11', 'IND29'),
('MWC07', 'ECB', 2, 'ENG18', 'ENG6'),
('MWC07', 'CA', 1, 'AUS15', 'AUS4'),     
('MWC07', 'NZC', 4, 'NZ2', 'NZ6'),
('MWC07', 'WICB', 6, 'WI10', 'WI5'),
('MWC07', 'RSA', 5, 'SA8', 'SA6'),

('MWC16', 'BCCI', 2, 'IND1', 'IND3'),
('MWC16', 'ECB', 3, 'ENG9', 'ENG5'),
('MWC16', 'CA', 6, 'AUS12', 'AUS16'),     
('MWC16', 'NZC', 4, 'NZ3', 'NZ6'),
('MWC16', 'BCB', 1, 'BAN7', 'BAN3'),
('MWC16', 'RSA', 5, 'SA8', 'SA6'),

('MWC22', 'BCCI', 5, 'IND2', 'IND4'),
('MWC22', 'ECB', 1, 'ENG6', 'ENG8'),
('MWC22', 'CA', 6, 'AUS2', 'AUS7'),     
('MWC22', 'NZC', 4, 'NZ3', 'NZ11'),
('MWC22', 'BCB', 3, 'BAN15', 'BAN9'),
('MWC22', 'RSA', 2, 'SA13', 'SA5'),

('WTC20', 'RSA', 2, 'SA15', 'SA16'),
('WTC20', 'BCCI', 1, 'IND12', 'IND18'),
('WTC20', 'CA', 3, 'AUS1', 'AUS8'),
('WTC20', 'ECB', 6, 'ENG18', 'ENG25'),
('WTC20', 'NZC', 5, 'NZ17', 'NZ24'),
('WTC20', 'PCB', 4, 'PAK5', 'PAK12'),


('WTC22', 'RSA', 1, 'SA27', 'SA31'),
('WTC22', 'BCCI', 4, 'IND12', 'IND19'),
('WTC22', 'CA', 5, 'AUS11', 'AUS25'),
('WTC22', 'ECB', 6, 'ENG10', 'ENG17'),
('WTC22', 'NZC', 2, 'NZ9', 'NZ16'),
('WTC22', 'PCB', 3, 'PAK30', 'PAK37'),

('WWC20', 'RSA', 6, 'SA48', 'SA50'),
('WWC20', 'BCCI', 1, 'IND50', 'IND51'),
('WWC20', 'NZC', 2, 'NZ40', 'NZ41'),
('WWC20', 'SLC', 3, 'SL40', 'SL41'),
('WWC20', 'PCB', 5, 'PAK51', 'PAK45'),
('WWC20', 'CA', 4, 'AUS44', 'AUS47'),

('WWC22', 'RSA', 2, 'SA47', 'SA48'),
('WWC22', 'BCCI', 3, 'IND46', 'IND53'),
('WWC22', 'NZC', 6, 'NZ44', 'NZ45'),
('WWC22', 'SLC', 1, 'SL45', 'SL46'),
('WWC22', 'PCB', 4, 'PAK52', 'PAK45'),
('WWC22', 'CA', 5, 'AUS53', 'AUS50'),

('WWC23', 'RSA', 5, 'SA45', 'SA44'),
('WWC23', 'BCCI', 1, 'IND47', 'IND48'),
('WWC23', 'NZC', 4, 'NZ47', 'NZ48'),
('WWC23', 'SLC', 3, 'SL42', 'SL43'),
('WWC23', 'PCB', 6, 'PAK51', 'PAK46'),
('WWC23', 'CA', 2, 'AUS45', 'AUS50'),

('WWC17', 'RSA', 1, 'SA50', 'SA51'),
('WWC17', 'BCCI', 2, 'IND48', 'IND50'),
('WWC17', 'NZC', 3, 'NZ41', 'NZ42'),
('WWC17', 'SLC', 4, 'SL40', 'SL41'),
('WWC17', 'PCB', 6, 'PAK55', 'PAK40'),
('WWC17', 'CA', 5, 'AUS4', 'AUS40');


INSERT INTO Matches_of_Event (Event_ID, Match_ID, Date, Venue, On_field_umpire1, On_field_umpire2, TV_umpire, Team1,Team2,Winner) 
VALUES
('MWC11', 'M1', '2011-03-01', 'STD20', 'UM1', 'UM2', 'UM3', 'BCCI', 'RSA', 'BCCI'),
('MWC11', 'M2', '2011-03-02', 'STD21', 'UM4', 'UM5', 'UM6', 'CA', 'NZC', 'NZC'),
('MWC11', 'M3', '2011-03-03', 'STD22', 'UM7', 'UM8', 'UM9', 'BCB', 'PCB', 'BCB'),
('MWC11', 'M4', '2011-03-04', 'STD23', 'UM10', 'UM11', 'UM12', 'ECB', 'WICB', 'ECB'),
('MWC11', 'M5', '2011-03-05', 'STD24', 'UM13', 'UM14', 'UM15', 'SLC', 'BCCI', 'BCCI'),
('MWC11', 'M6', '2011-03-06', 'STD25', 'UM16', 'UM17', 'UM18', 'NZC', 'BCCI', 'NZC'),
('MWC11', 'M7', '2011-03-07', 'STD26', 'UM19', 'UM20', 'UM21', 'BCCI', 'PCB', 'BCCI'),
('MWC11', 'M8', '2011-03-08', 'STD27', 'UM22', 'UM23', 'UM24', 'ECB', 'CA', 'ECB'),
('MWC11', 'M9', '2011-03-09', 'STD28', 'UM25', 'UM26', 'UM27', 'WICB', 'RSA', 'RSA'),
('MWC11', 'M10', '2011-03-10', 'STD29', 'UM28', 'UM29', 'UM30', 'SLC', 'CA', 'SLC'),
('MWC11', 'M11', '2011-03-11', 'STD30', 'UM31', 'UM32', 'UM33', 'ECB', 'BCCI', 'ECB'),
('MWC11', 'M12', '2011-03-12', 'STD31', 'UM34', 'UM35', 'UM36', 'BCCI', 'RSA', 'RSA'),
('MWC11', 'M13', '2011-03-13', 'STD32', 'UM37', 'UM38', 'UM39', 'WICB', 'NZC', 'NZC'),
('MWC11', 'M14', '2011-03-14', 'STD33', 'UM40', 'UM41', 'UM42', 'CA', 'SLC', 'SLC'),
('MWC11', 'M15', '2011-03-15', 'STD34', 'UM43', 'UM44', 'UM45', 'BCB', 'PCB', 'BCB'),
('MWC11', 'M16', '2011-03-16', 'STD35', 'UM46', 'UM47', 'UM48', 'BCCI', 'WICB', 'WICB'),
('MWC11', 'M17', '2011-03-17', 'STD36', 'UM49', 'UM50', 'UM51', 'RSA', 'NZC', 'RSA'),
('MWC11', 'M18', '2011-03-18', 'STD37', 'UM52', 'UM53', 'UM54', 'ECB', 'CA', 'ECB'),
('MWC11', 'M19', '2011-03-19', 'STD38', 'UM55', 'UM56', 'UM57', 'PCB', 'BCCI', 'PCB'),
('MWC11', 'M20', '2011-03-20', 'STD39', 'UM58', 'UM59', 'UM60', 'SLC', 'WICB', 'SLC'),


('MWC15', 'M21', '2015-06-12', 'STD15', 'UM2', 'UM18', 'UM3', 'CA', 'NZC', 'CA'),
('MWC15', 'M22', '2015-06-15', 'STD17', 'UM7', 'UM25', 'UM4', 'BCCI', 'WICB', 'WICB'),
('MWC15', 'M23', '2015-06-18', 'STD34', 'UM9', 'UM36', 'UM10', 'SLC', 'BCCI', 'SLC'),
('MWC15', 'M24', '2015-06-20', 'STD29', 'UM10', 'UM30', 'UM11', 'PCB', 'RSA', 'PCB'),
('MWC15', 'M25', '2015-06-23', 'STD33', 'UM13', 'UM45', 'UM15', 'ECB', 'BCCI', 'ECB'),
('MWC15', 'M26', '2015-06-26', 'STD40', 'UM18', 'UM21', 'UM20', 'NZC', 'CA', 'NZC'),
('MWC15', 'M27', '2015-06-29', 'STD45', 'UM21', 'UM27', 'UM22', 'RSA', 'ECB', 'ECB'),
('MWC15', 'M28', '2015-07-02', 'STD50', 'UM23', 'UM33', 'UM24', 'BCCI', 'SLC', 'SLC'),
('MWC15', 'M29', '2015-07-05', 'STD56', 'UM26', 'UM39', 'UM29', 'WICB', 'RSA', 'RSA'),
('MWC15', 'M30', '2015-07-08', 'STD58', 'UM28', 'UM42', 'UM31', 'PCB', 'BCCI', 'PCB'),
('MWC15', 'M31', '2015-07-11', 'STD23', 'UM32', 'UM37', 'UM35', 'NZC', 'WICB', 'NZC'),
('MWC15', 'M32', '2015-07-14', 'STD28', 'UM35', 'UM41', 'UM38', 'SLC', 'PCB', 'PCB'),
('MWC15', 'M33', '2015-07-17', 'STD37', 'UM40', 'UM46', 'UM43', 'ECB', 'RSA', 'RSA'),
('MWC15', 'M34', '2015-07-20', 'STD46', 'UM44', 'UM50', 'UM47', 'CA', 'BCCI', 'BCCI'),
('MWC15', 'M35', '2015-07-23', 'STD52', 'UM49', 'UM55', 'UM53', 'WICB', 'NZC', 'NZC'),
('MWC15', 'M36', '2015-07-26', 'STD57', 'UM51', 'UM60', 'UM58', 'BCCI', 'SLC', 'BCCI'),
('MWC15', 'M37', '2015-07-29', 'STD63', 'UM54', 'UM64', 'UM61', 'ECB', 'RSA', 'ECB'),
('MWC15', 'M38', '2015-08-01', 'STD68', 'UM57', 'UM68', 'UM65', 'PCB', 'WICB', 'WICB'),
('MWC15', 'M39', '2015-08-04', 'STD70', 'UM59', 'UM72', 'UM69', 'RSA', 'BCCI', 'RSA'),
('MWC15', 'M40', '2015-08-07', 'STD43', 'UM66', 'UM79', 'UM76', 'CA', 'ECB', 'CA'),


('MWC19', 'M41', '2019-07-15', 'STD5', 'UM1', 'UM2', 'UM3', 'BCCI', 'RSA', 'RSA'),
('MWC19', 'M42', '2019-07-16', 'STD4', 'UM4', 'UM5', 'UM6', 'CA', 'NZC', 'CA'),
('MWC19', 'M43', '2019-07-17', 'STD19', 'UM7', 'UM8', 'UM9', 'BCB', 'PCB', 'BCB'),
('MWC19', 'M44', '2019-07-18', 'STD17', 'UM10', 'UM11', 'UM12', 'ECB', 'WICB', 'WICB'),
('MWC19', 'M45', '2019-07-19', 'STD20', 'UM13', 'UM14', 'UM15', 'SLC', 'BCCI', 'SLC'),
('MWC19', 'M46', '2019-07-20', 'STD6', 'UM16', 'UM17', 'UM18', 'RSA', 'CA', 'CA'),
('MWC19', 'M47', '2019-07-21', 'STD8', 'UM19', 'UM20', 'UM21', 'NZC', 'ECB', 'NZC'),
('MWC19', 'M48', '2019-07-22', 'STD11', 'UM22', 'UM23', 'UM24', 'BCCI', 'SLC', 'SLC'),
('MWC19', 'M49', '2019-07-23', 'STD23', 'UM25', 'UM27', 'UM28', 'BCCI', 'CA', 'BCCI'),
('MWC19', 'M50', '2019-07-24', 'STD34', 'UM29', 'UM30', 'UM31', 'NZC', 'PCB', 'NZC'),
('MWC19', 'M51', '2019-07-25', 'STD36', 'UM32', 'UM33', 'UM34', 'PCB', 'WICB', 'WICB'),
('MWC19', 'M52', '2019-07-26', 'STD41', 'UM35', 'UM36', 'UM37', 'ECB', 'BCCI', 'BCCI'),
('MWC19', 'M53', '2019-07-27', 'STD44', 'UM38', 'UM39', 'UM40', 'SLC', 'RSA', 'RSA'),
('MWC19', 'M54', '2019-07-28', 'STD48', 'UM41', 'UM42', 'UM43', 'CA', 'BCB', 'BCB'),
('MWC19', 'M55', '2019-07-29', 'STD53', 'UM44', 'UM45', 'UM46', 'NZC', 'SLC', 'SLC'),
('MWC19', 'M56', '2019-07-30', 'STD57', 'UM47', 'UM48', 'UM49', 'BCCI', 'PCB', 'BCCI'),
('MWC19', 'M57', '2019-07-31', 'STD63', 'UM50', 'UM51', 'UM52', 'RSA', 'ECB', 'ECB'),
('MWC19', 'M58', '2019-08-01', 'STD15', 'UM53', 'UM54', 'UM55', 'WICB', 'CA', 'CA'),
('MWC19', 'M59', '2019-08-02', 'STD22', 'UM56', 'UM57', 'UM58', 'BCB', 'RSA', 'RSA'),
('MWC19', 'M60', '2019-08-03', 'STD27', 'UM59', 'UM60', 'UM61', 'PCB', 'NZC', 'NZC'),





('MWC23', 'M61', '2023-05-10', 'STD7', 'UM1', 'UM2', 'UM3', 'BCCI', 'NZC', 'BCCI'),
('MWC23', 'M62', '2023-06-15', 'STD21', 'UM4', 'UM5', 'UM6', 'CA', 'RSA', 'CA'),
('MWC23', 'M63', '2023-07-20', 'STD13', 'UM7', 'UM8', 'UM9', 'BCB', 'PCB', 'BCB'),
('MWC23', 'M64', '2023-08-05', 'STD30', 'UM10', 'UM11', 'UM12', 'ECB', 'WICB', 'ECB'),
('MWC23', 'M65', '2023-09-12', 'STD46', 'UM13', 'UM14', 'UM15', 'BCCI', 'SLC', 'BCCI'),
('MWC23', 'M66', '2023-10-20', 'STD23', 'UM16', 'UM17', 'UM18', 'RSA', 'NZC', 'RSA'),
('MWC23', 'M67', '2023-11-03', 'STD38', 'UM19', 'UM20', 'UM21', 'CA', 'BCB', 'CA'),
('MWC23', 'M68', '2023-12-12', 'STD42', 'UM22', 'UM23', 'UM24', 'PCB', 'ECB', 'ECB'),
('MWC23', 'M69', '2023-12-30', 'STD49', 'UM25', 'UM26', 'UM27', 'WICB', 'SLC', 'WICB'),
('MWC23', 'M70', '2023-11-25', 'STD52', 'UM28', 'UM29', 'UM30', 'NZC', 'BCCI', 'NZC'),
('MWC23', 'M71', '2023-05-28', 'STD10', 'UM31', 'UM32', 'UM33', 'WICB', 'SLC', 'WICB'),
('MWC23', 'M72', '2023-06-10', 'STD16', 'UM34', 'UM35', 'UM36', 'BCCI', 'CA', 'BCCI'),
('MWC23', 'M73', '2023-07-15', 'STD22', 'UM37', 'UM38', 'UM39', 'NZC', 'ECB', 'ECB'),
('MWC23', 'M74', '2023-08-20', 'STD28', 'UM40', 'UM41', 'UM42', 'RSA', 'PCB', 'RSA'),
('MWC23', 'M75', '2023-09-02', 'STD33', 'UM43', 'UM44', 'UM45', 'CA', 'WICB', 'CA'),
('MWC23', 'M76', '2023-10-10', 'STD36', 'UM46', 'UM47', 'UM48', 'SLC', 'BCB', 'SLC'),
('MWC23', 'M77', '2023-11-15', 'STD39', 'UM49', 'UM50', 'UM51', 'BCCI', 'RSA', 'BCCI'),
('MWC23', 'M78', '2023-12-05', 'STD43', 'UM52', 'UM53', 'UM54', 'NZC', 'PCB', 'NZC'),
('MWC23', 'M79', '2023-12-18', 'STD47', 'UM55', 'UM56', 'UM57', 'WICB', 'ECB', 'ECB'),
('MWC23', 'M80', '2023-11-05', 'STD51', 'UM58', 'UM59', 'UM60', 'SLC', 'PCB', 'PCB'),






('MWC07', 'M81', '2007-03-15', 'STD32', 'UM1', 'UM2', 'UM3', 'BCCI', 'RSA', 'BCCI'),
('MWC07', 'M82', '2007-04-02', 'STD41', 'UM4', 'UM5', 'UM6', 'CA', 'NZC', 'CA'),
('MWC07', 'M83', '2007-05-18', 'STD57', 'UM7', 'UM8', 'UM9', 'BCB', 'PCB', 'PCB'),
('MWC07', 'M84', '2007-06-10', 'STD1', 'UM10', 'UM11', 'UM12', 'RSA', 'ECB', 'RSA'),
('MWC07', 'M85', '2007-07-22', 'STD5', 'UM13', 'UM14', 'UM15', 'WICB', 'SLC', 'SLC'),
('MWC07', 'M86', '2007-09-03', 'STD23', 'UM16', 'UM17', 'UM18', 'BCCI', 'NZC', 'NZC'),
('MWC07', 'M87', '2007-10-14', 'STD45', 'UM19', 'UM20', 'UM21', 'PCB', 'WICB', 'WICB'),
('MWC07', 'M88', '2007-11-26', 'STD14', 'UM22', 'UM23', 'UM24', 'SLC', 'ECB', 'SLC'),
('MWC07', 'M89', '2007-12-10', 'STD29', 'UM25', 'UM27', 'UM28', 'BCCI', 'RSA', 'BCCI'),
('MWC07', 'M90', '2007-02-05', 'STD54', 'UM29', 'UM30', 'UM31', 'CA', 'NZC', 'NZC'),
('MWC07', 'M91', '2007-04-28', 'STD25', 'UM32', 'UM33', 'UM34', 'BCCI', 'WICB', 'BCCI'),
('MWC07', 'M92', '2007-06-15', 'STD16', 'UM35', 'UM36', 'UM37', 'NZC', 'SLC', 'SLC'),
('MWC07', 'M93', '2007-07-30', 'STD40', 'UM38', 'UM39', 'UM40', 'RSA', 'CA', 'RSA'),
('MWC07', 'M94', '2007-08-12', 'STD43', 'UM41', 'UM42', 'UM43', 'WICB', 'ECB', 'ECB'),
('MWC07', 'M95', '2007-09-25', 'STD60', 'UM44', 'UM45', 'UM46', 'BCB', 'PCB', 'PCB'),
('MWC07', 'M96', '2007-10-07', 'STD56', 'UM47', 'UM48', 'UM49', 'SLC', 'RSA', 'SLC'),
('MWC07', 'M97', '2007-11-19', 'STD21', 'UM50', 'UM51', 'UM52', 'BCCI', 'ECB', 'ECB'),
('MWC07', 'M98', '2007-12-02', 'STD11', 'UM53', 'UM54', 'UM55', 'RSA', 'CA', 'CA'),
('MWC07', 'M99', '2007-03-04', 'STD36', 'UM56', 'UM57', 'UM58', 'NZC', 'WICB', 'WICB'),
('MWC07', 'M100', '2007-05-21', 'STD48', 'UM59', 'UM60', 'UM61', 'BCB', 'PCB', 'PCB'),




('MWC16', 'M101', '2016-06-01', 'STD11', 'UM1', 'UM2', 'UM5', 'BCCI', 'NZC', 'NZC'),
('MWC16', 'M102', '2016-06-02', 'STD12', 'UM3', 'UM4', 'UM6', 'RSA', 'CA', 'CA'),
('MWC16', 'M103', '2016-06-03', 'STD13', 'UM5', 'UM6', 'UM7', 'BCB', 'PCB', 'BCB'),
('MWC16', 'M104', '2016-06-04', 'STD14', 'UM7', 'UM8', 'UM9', 'ECB', 'WICB', 'ECB'),
('MWC16', 'M105', '2016-06-05', 'STD15', 'UM9', 'UM10', 'UM11', 'SLC', 'BCCI', 'BCCI'),
('MWC16', 'M106', '2016-06-06', 'STD16', 'UM11', 'UM12', 'UM13', 'NZC', 'BCCI', 'BCCI'),
('MWC16', 'M107', '2016-06-07', 'STD17', 'UM13', 'UM14', 'UM15', 'PCB', 'ECB', 'ECB'),
('MWC16', 'M108', '2016-06-08', 'STD18', 'UM15', 'UM16', 'UM17', 'BCCI', 'CA', 'CA'),
('MWC16', 'M109', '2016-06-09', 'STD19', 'UM17', 'UM18', 'UM19', 'WICB', 'BCCI', 'BCCI'),
('MWC16', 'M110', '2016-06-10', 'STD20', 'UM19', 'UM20', 'UM21', 'NZC', 'RSA', 'NZC'),
('MWC16', 'M111', '2016-06-11', 'STD21', 'UM21', 'UM22', 'UM23', 'BCB', 'CA', 'BCB'),
('MWC16', 'M112', '2016-06-12', 'STD22', 'UM23', 'UM24', 'UM25', 'ECB', 'SLC', 'ECB'),
('MWC16', 'M113', '2016-06-13', 'STD23', 'UM25', 'UM27', 'UM29', 'BCCI', 'PCB', 'BCCI'),
('MWC16', 'M114', '2016-06-14', 'STD24', 'UM29', 'UM30', 'UM31', 'WICB', 'BCCI', 'BCCI'),
('MWC16', 'M115', '2016-06-15', 'STD25', 'UM31', 'UM32', 'UM33', 'NZC', 'ECB', 'ECB'),
('MWC16', 'M116', '2016-06-16', 'STD26', 'UM33', 'UM34', 'UM35', 'CA', 'BCCI', 'CA'),
('MWC16', 'M117', '2016-06-17', 'STD27', 'UM35', 'UM36', 'UM37', 'RSA', 'WICB', 'WICB'),
('MWC16', 'M118', '2016-06-18', 'STD28', 'UM37', 'UM39', 'UM40', 'SLC', 'NZC', 'NZC'),
('MWC16', 'M119', '2016-06-19', 'STD29', 'UM40', 'UM41', 'UM42', 'BCCI', 'ECB', 'ECB'),
('MWC16', 'M120', '2016-06-20', 'STD30', 'UM42', 'UM43', 'UM44', 'CA', 'PCB', 'CA'),




('MWC22', 'M121', '2022-07-01', 'STD3', 'UM2', 'UM9', 'UM12', 'BCCI', 'SLC', 'BCCI'),
('MWC22', 'M122', '2022-07-02', 'STD4', 'UM4', 'UM15', 'UM22', 'NZC', 'ECB', 'NZC'),
('MWC22', 'M123', '2022-07-03', 'STD12', 'UM3', 'UM11', 'UM29', 'BCB', 'PCB', 'BCB'),
('MWC22', 'M124', '2022-07-04', 'STD1', 'UM5', 'UM13', 'UM23', 'RSA', 'WICB', 'WICB'),
('MWC22', 'M125', '2022-07-05', 'STD2', 'UM8', 'UM16', 'UM31', 'CA', 'ECB', 'ECB'),
('MWC22', 'M126', '2022-07-06', 'STD9', 'UM10', 'UM17', 'UM33', 'SLC', 'RSA', 'SLC'),
('MWC22', 'M127', '2022-07-07', 'STD8', 'UM14', 'UM19', 'UM35', 'BCCI', 'CA', 'CA'),
('MWC22', 'M128', '2022-07-08', 'STD7', 'UM18', 'UM21', 'UM37', 'BCCI', 'WICB', 'WICB'),
('MWC22', 'M129', '2022-07-09', 'STD5', 'UM25', 'UM27', 'UM39', 'NZC', 'PCB', 'PCB'),
('MWC22', 'M130', '2022-07-10', 'STD6', 'UM1', 'UM23', 'UM31', 'BCCI', 'NZC', 'NZC'),
('MWC22', 'M131', '2022-07-11', 'STD15', 'UM7', 'UM12', 'UM33', 'RSA', 'BCCI', 'BCCI'),
('MWC22', 'M132', '2022-07-12', 'STD14', 'UM9', 'UM14', 'UM38', 'BCCI', 'SLC', 'BCCI'),
('MWC22', 'M133', '2022-07-13', 'STD11', 'UM15', 'UM20', 'UM42', 'ECB', 'WICB', 'WICB'),
('MWC22', 'M134', '2022-07-14', 'STD10', 'UM28', 'UM32', 'UM44', 'CA', 'PCB', 'CA'),
('MWC22', 'M135', '2022-07-15', 'STD13', 'UM2', 'UM6', 'UM36', 'BCB', 'ECB', 'BCB'),
('MWC22', 'M136', '2022-07-16', 'STD16', 'UM3', 'UM7', 'UM40', 'RSA', 'CA', 'CA'),
('MWC22', 'M137', '2022-07-17', 'STD19', 'UM11', 'UM18', 'UM46', 'WICB', 'SLC', 'WICB'),
('MWC22', 'M138', '2022-07-18', 'STD18', 'UM19', 'UM29', 'UM48', 'PCB', 'BCCI', 'BCCI'),
('MWC22', 'M139', '2022-07-19', 'STD17', 'UM22', 'UM34', 'UM50', 'NZC', 'RSA', 'RSA'),
('MWC22', 'M140', '2022-07-20', 'STD20', 'UM26', 'UM30', 'UM53', 'ECB', 'NZC', 'NZC'),




('WTC20', 'M141', '2020-07-15', 'STD2', 'UM1', 'UM2', 'UM3', 'BCCI', 'RSA', 'BCCI'),
('WTC20', 'M142', '2020-08-02', 'STD8', 'UM4', 'UM5', 'UM6', 'CA', 'NZC', 'CA'),
('WTC20', 'M143', '2020-09-21', 'STD13', 'UM7', 'UM8', 'UM9', 'ECB', 'BCB', 'ECB'),
('WTC20', 'M144', '2020-10-08', 'STD19', 'UM10', 'UM11', 'UM12', 'PCB', 'BCCI', 'BCCI'),
('WTC20', 'M145', '2020-11-03', 'STD23', 'UM13', 'UM14', 'UM15', 'WICB', 'SLC', 'WICB'),
('WTC20', 'M146', '2020-11-22', 'STD32', 'UM16', 'UM17', 'UM18', 'RSA', 'ECB', 'RSA'),
('WTC20', 'M147', '2020-12-10', 'STD38', 'UM19', 'UM20', 'UM21', 'CA', 'NZC', 'NZC'),
('WTC20', 'M148', '2020-12-25', 'STD44', 'UM22', 'UM23', 'UM24', 'BCCI', 'PCB', 'BCCI'),
('WTC20', 'M149', '2021-01-07', 'STD49', 'UM25', 'UM26', 'UM27', 'ECB', 'WICB', 'ECB'),
('WTC20', 'M150', '2021-02-14', 'STD54', 'UM28', 'UM29', 'UM30', 'CA', 'SLC', 'CA'),
('WTC20', 'M151', '2021-03-03', 'STD62', 'UM31', 'UM32', 'UM33', 'NZC', 'BCB', 'NZC'),
('WTC20', 'M152', '2021-03-19', 'STD7', 'UM34', 'UM35', 'UM36', 'RSA', 'PCB', 'RSA'),
('WTC20', 'M153', '2021-04-05', 'STD22', 'UM37', 'UM38', 'UM39', 'BCCI', 'CA', 'CA'),
('WTC20', 'M154', '2021-05-20', 'STD30', 'UM40', 'UM41', 'UM42', 'ECB', 'NZC', 'NZC'),
('WTC20', 'M155', '2021-06-12', 'STD36', 'UM43', 'UM44', 'UM45', 'PCB', 'SLC', 'SLC'),
('WTC20', 'M156', '2021-07-18', 'STD48', 'UM46', 'UM47', 'UM48', 'WICB', 'BCCI', 'WICB'),
('WTC20', 'M157', '2021-08-01', 'STD1', 'UM49', 'UM50', 'UM51', 'BCCI', 'CA', 'CA'),
('WTC20', 'M158', '2021-09-14', 'STD9', 'UM52', 'UM53', 'UM54', 'ECB', 'PCB', 'ECB'),
('WTC20', 'M159', '2021-10-08', 'STD17', 'UM55', 'UM56', 'UM57', 'NZC', 'SLC', 'NZC'),
('WTC20', 'M160', '2021-11-03', 'STD28', 'UM58', 'UM59', 'UM60', 'BCB', 'RSA', 'RSA'),





('WTC22', 'M161', '2022-07-15', 'STD16', 'UM1', 'UM2', 'UM5', 'BCCI', 'CA', 'BCCI'),
('WTC22', 'M162', '2022-09-05', 'STD18', 'UM3', 'UM4', 'UM7', 'RSA', 'NZC', 'RSA'),
('WTC22', 'M163', '2022-06-23', 'STD21', 'UM5', 'UM6', 'UM9', 'CA', 'WICB', 'CA'),
('WTC22', 'M164', '2022-08-12', 'STD23', 'UM7', 'UM8', 'UM11', 'NZC', 'PCB', 'PCB'),
('WTC22', 'M165', '2022-10-30', 'STD30', 'UM9', 'UM10', 'UM13', 'BCB', 'ECB', 'BCB'),
('WTC22', 'M166', '2022-07-29', 'STD33', 'UM11', 'UM12', 'UM15', 'BCCI', 'SLC', 'SLC'),
('WTC22', 'M167', '2022-06-11', 'STD37', 'UM13', 'UM14', 'UM17', 'BCCI', 'RSA', 'RSA'),
('WTC22', 'M168', '2022-09-18', 'STD39', 'UM15', 'UM16', 'UM19', 'RSA', 'NZC', 'RSA'),
('WTC22', 'M169', '2022-08-01', 'STD42', 'UM17', 'UM18', 'UM21', 'BCB', 'ECB', 'ECB'),
('WTC22', 'M170', '2022-10-20', 'STD44', 'UM19', 'UM20', 'UM23', 'BCCI', 'PCB', 'PCB'),
('WTC22', 'M171', '2022-07-08', 'STD46', 'UM21', 'UM22', 'UM25', 'CA', 'WICB', 'CA'),
('WTC22', 'M172', '2022-09-25', 'STD48', 'UM23', 'UM24', 'UM27', 'SLC', 'NZC', 'NZC'),
('WTC22', 'M173', '2022-06-14', 'STD50', 'UM25', 'UM26', 'UM29', 'PCB', 'ECB', 'ECB'),
('WTC22', 'M174', '2022-08-03', 'STD53', 'UM27', 'UM28', 'UM31', 'BCCI', 'BCB', 'BCB'),
('WTC22', 'M175', '2022-10-22', 'STD55', 'UM29', 'UM30', 'UM33', 'CA', 'RSA', 'RSA'),
('WTC22', 'M176', '2022-07-10', 'STD57', 'UM31', 'UM32', 'UM35', 'BCCI', 'SLC', 'SLC'),
('WTC22', 'M177', '2022-09-27', 'STD59', 'UM33', 'UM34', 'UM37', 'NZC', 'WICB', 'WICB'),
('WTC22', 'M178', '2022-08-05', 'STD61', 'UM35', 'UM36', 'UM39', 'BCCI', 'RSA', 'RSA'),
('WTC22', 'M179', '2022-10-25', 'STD63', 'UM37', 'UM38', 'UM41', 'NZC', 'ECB', 'ECB'),
('WTC22', 'M180', '2022-07-13', 'STD65', 'UM39', 'UM40', 'UM43', 'CA', 'BCCI', 'BCCI'),



('WWC20', 'M181', '2020-07-15', 'STD6', 'UM1', 'UM2', 'UM3', 'BCCI', 'NZC', 'BCCI'),
('WWC20', 'M182', '2020-08-02', 'STD7', 'UM4', 'UM5', 'UM6', 'RSA', 'CA', 'CA'),
('WWC20', 'M183', '2020-06-25', 'STD8', 'UM7', 'UM8', 'UM9', 'NZC', 'BCB', 'NZC'),
('WWC20', 'M184', '2020-09-12', 'STD9', 'UM10', 'UM11', 'UM12', 'PCB', 'ECB', 'PCB'),
('WWC20', 'M185', '2020-05-30', 'STD10', 'UM13', 'UM14', 'UM15', 'BCCI', 'WICB', 'BCCI'),
('WWC20', 'M186', '2020-07-08', 'STD11', 'UM16', 'UM17', 'UM18', 'SLC', 'RSA', 'RSA'),
('WWC20', 'M187', '2020-08-18', 'STD12', 'UM19', 'UM20', 'UM21', 'CA', 'ECB', 'ECB'),
('WWC20', 'M188', '2020-06-19', 'STD13', 'UM22', 'UM23', 'UM24', 'WICB', 'BCB', 'WICB'),
('WWC20', 'M189', '2020-09-27', 'STD14', 'UM25', 'UM26', 'UM27', 'SLC', 'PCB', 'SLC'),
('WWC20', 'M190', '2020-05-22', 'STD15', 'UM28', 'UM29', 'UM30', 'BCCI', 'NZC', 'BCCI'),
('WWC20', 'M191', '2020-07-02', 'STD16', 'UM31', 'UM32', 'UM33', 'RSA', 'BCCI', 'BCCI'),
('WWC20', 'M192', '2020-08-12', 'STD17', 'UM34', 'UM35', 'UM36', 'NZC', 'CA', 'CA'),
('WWC20', 'M193', '2020-06-10', 'STD18', 'UM37', 'UM38', 'UM39', 'ECB', 'WICB', 'ECB'),
('WWC20', 'M194', '2020-09-21', 'STD19', 'UM40', 'UM41', 'UM42', 'PCB', 'SLC', 'PCB'),
('WWC20', 'M195', '2020-05-15', 'STD20', 'UM43', 'UM44', 'UM45', 'CA', 'RSA', 'RSA'),
('WWC20', 'M196', '2020-07-24', 'STD21', 'UM46', 'UM47', 'UM48', 'BCCI', 'ECB', 'ECB'),
('WWC20', 'M197', '2020-08-28', 'STD22', 'UM49', 'UM50', 'UM51', 'WICB', 'SLC', 'WICB'),
('WWC20', 'M198', '2020-06-06', 'STD23', 'UM52', 'UM53', 'UM54', 'BCB', 'PCB', 'PCB'),
('WWC20', 'M199', '2020-09-15', 'STD24', 'UM55', 'UM56', 'UM57', 'NZC', 'BCCI', 'NZC'),
('WWC20', 'M200', '2020-05-09', 'STD25', 'UM58', 'UM59', 'UM60', 'CA', 'SLC', 'SLC'),




('WWC23', 'M201', '2023-07-12', 'STD47', 'UM5', 'UM16', 'UM63', 'NZC', 'CA', 'NZC'),
('WWC23', 'M202', '2023-07-13', 'STD20', 'UM4', 'UM22', 'UM40', 'BCCI', 'RSA', 'RSA'),
('WWC23', 'M203', '2023-07-14', 'STD49', 'UM30', 'UM62', 'UM51', 'CA', 'BCCI', 'CA'),
('WWC23', 'M204', '2023-07-15', 'STD26', 'UM10', 'UM70', 'UM41', 'SLC', 'WICB', 'SLC'),
('WWC23', 'M205', '2023-07-16', 'STD10', 'UM35', 'UM57', 'UM9', 'PCB', 'CA', 'CA'),
('WWC23', 'M206', '2023-07-17', 'STD19', 'UM66', 'UM12', 'UM58', 'ECB', 'SLC', 'SLC'),
('WWC23', 'M207', '2023-07-18', 'STD56', 'UM33', 'UM34', 'UM21', 'BCCI', 'NZC', 'NZC'),
('WWC23', 'M208', '2023-07-19', 'STD51', 'UM23', 'UM65', 'UM52', 'PCB', 'BCCI', 'BCCI'),
('WWC23', 'M209', '2023-07-20', 'STD44', 'UM36', 'UM11', 'UM7', 'WICB', 'PCB', 'WICB'),
('WWC23', 'M210', '2023-07-21', 'STD35', 'UM37', 'UM64', 'UM39', 'SLC', 'ECB', 'ECB'),
('WWC23', 'M211', '2023-07-22', 'STD6', 'UM24', 'UM59', 'UM19', 'NZC', 'RSA', 'RSA'),
('WWC23', 'M212', '2023-07-23', 'STD58', 'UM14', 'UM1', 'UM68', 'NZC', 'BCCI', 'NZC'),
('WWC23', 'M213', '2023-07-24', 'STD28', 'UM2', 'UM8', 'UM60', 'CA', 'WICB', 'CA'),
('WWC23', 'M214', '2023-07-25', 'STD63', 'UM48', 'UM45', 'UM43', 'BCB', 'PCB', 'BCB'),
('WWC23', 'M215', '2023-07-26', 'STD13', 'UM17', 'UM67', 'UM69', 'RSA', 'ECB', 'ECB'),
('WWC23', 'M216', '2023-07-27', 'STD41', 'UM42', 'UM3', 'UM53', 'BCCI', 'SLC', 'BCCI'),
('WWC23', 'M217', '2023-07-28', 'STD22', 'UM26', 'UM25', 'UM55', 'ECB', 'BCCI', 'ECB'),
('WWC23', 'M218', '2023-07-29', 'STD14', 'UM27', 'UM6', 'UM31', 'WICB', 'SLC', 'WICB'),
('WWC23', 'M219', '2023-07-30', 'STD30', 'UM28', 'UM32', 'UM61', 'SLC', 'PCB', 'PCB'),
('WWC23', 'M220', '2023-07-31', 'STD27', 'UM50', 'UM54', 'UM38', 'BCCI', 'WICB', 'WICB'),




('WWC22', 'M221', '2022-06-15', 'STD11', 'UM1', 'UM5', 'UM7', 'CA', 'BCCI', 'BCCI'),
('WWC22', 'M222', '2022-06-16', 'STD12', 'UM2', 'UM6', 'UM8', 'NZC', 'WICB', 'NZC'),
('WWC22', 'M223', '2022-06-17', 'STD13', 'UM3', 'UM9', 'UM10', 'RSA', 'ECB', 'RSA'),
('WWC22', 'M224', '2022-06-18', 'STD14', 'UM4', 'UM11', 'UM12', 'SLC', 'PCB', 'PCB'),
('WWC22', 'M225', '2022-06-19', 'STD15', 'UM5', 'UM12', 'UM13', 'BCCI', 'NZC', 'NZC'),
('WWC22', 'M226', '2022-06-20', 'STD16', 'UM6', 'UM13', 'UM14', 'CA', 'RSA', 'RSA'),
('WWC22', 'M227', '2022-06-21', 'STD17', 'UM7', 'UM14', 'UM15', 'BCCI', 'WICB', 'BCCI'),
('WWC22', 'M228', '2022-06-22', 'STD18', 'UM8', 'UM15', 'UM16', 'NZC', 'ECB', 'ECB'),
('WWC22', 'M229', '2022-06-23', 'STD19', 'UM9', 'UM16', 'UM17', 'BCCI', 'SLC', 'BCCI'),
('WWC22', 'M230', '2022-06-24', 'STD20', 'UM10', 'UM17', 'UM18', 'RSA', 'CA', 'RSA'),
('WWC22', 'M231', '2022-06-25', 'STD21', 'UM11', 'UM18', 'UM19', 'PCB', 'WICB', 'WICB'),
('WWC22', 'M232', '2022-06-26', 'STD22', 'UM12', 'UM19', 'UM20', 'BCCI', 'ECB', 'ECB'),
('WWC22', 'M233', '2022-06-27', 'STD23', 'UM13', 'UM20', 'UM21', 'CA', 'RSA', 'RSA'),
('WWC22', 'M234', '2022-06-28', 'STD24', 'UM14', 'UM21', 'UM22', 'SLC', 'PCB', 'SLC'),
('WWC22', 'M235', '2022-06-29', 'STD25', 'UM15', 'UM22', 'UM23', 'BCCI', 'NZC', 'BCCI'),
('WWC22', 'M236', '2022-06-30', 'STD26', 'UM16', 'UM23', 'UM24', 'WICB', 'CA', 'CA'),
('WWC22', 'M237', '2022-07-01', 'STD27', 'UM17', 'UM24', 'UM25', 'ECB', 'RSA', 'RSA'),
('WWC22', 'M238', '2022-07-02', 'STD28', 'UM18', 'UM25', 'UM26', 'BCCI', 'SLC', 'BCCI'),
('WWC22', 'M239', '2022-07-03', 'STD29', 'UM19', 'UM26', 'UM27', 'CA', 'PCB', 'PCB'),
('WWC22', 'M240', '2022-07-04', 'STD30', 'UM20', 'UM27', 'UM28', 'WICB', 'RSA', 'RSA'),




('WWC17', 'M241', '2017-07-10', 'STD35', 'UM12', 'UM7', 'UM28', 'BCCI', 'ECB', 'BCCI'),
('WWC17', 'M242', '2017-07-12', 'STD16', 'UM5', 'UM21', 'UM33', 'CA', 'SLC', 'SLC'),
('WWC17', 'M243', '2017-07-15', 'STD55', 'UM19', 'UM63', 'UM37', 'WICB', 'BCCI', 'WICB'),
('WWC17', 'M244', '2017-07-18', 'STD46', 'UM10', 'UM65', 'UM58', 'PCB', 'BCCI', 'BCCI'),
('WWC17', 'M245', '2017-07-20', 'STD60', 'UM35', 'UM55', 'UM27', 'NZC', 'BCB', 'NZC'),
('WWC17', 'M246', '2017-07-23', 'STD24', 'UM1', 'UM33', 'UM39', 'RSA', 'CA', 'RSA'),
('WWC17', 'M247', '2017-07-25', 'STD42', 'UM22', 'UM31', 'UM13', 'BCCI', 'WICB', 'BCCI'),
('WWC17', 'M248', '2017-07-28', 'STD7', 'UM40', 'UM70', 'UM3', 'NZC', 'ECB', 'ECB'),
('WWC17', 'M249', '2017-07-30', 'STD58', 'UM14', 'UM30', 'UM66', 'CA', 'BCCI', 'CA'),
('WWC17', 'M250', '2017-08-02', 'STD9', 'UM17', 'UM57', 'UM64', 'RSA', 'PCB', 'RSA'),
('WWC17', 'M251', '2017-08-05', 'STD50', 'UM20', 'UM41', 'UM6', 'ECB', 'BCB', 'BCB'),
('WWC17', 'M252', '2017-08-07', 'STD62', 'UM45', 'UM67', 'UM11', 'WICB', 'SLC', 'SLC'),
('WWC17', 'M253', '2017-08-10', 'STD14', 'UM15', 'UM69', 'UM26', 'CA', 'NZC', 'CA'),
('WWC17', 'M254', '2017-08-13', 'STD39', 'UM18', 'UM23', 'UM52', 'BCCI', 'RSA', 'BCCI'),
('WWC17', 'M255', '2017-08-16', 'STD20', 'UM24', 'UM50', 'UM8', 'NZC', 'PCB', 'PCB'),
('WWC17', 'M256', '2017-08-19', 'STD31', 'UM29', 'UM48', 'UM61', 'SLC', 'WICB', 'WICB'),
('WWC17', 'M257', '2017-08-22', 'STD43', 'UM34', 'UM54', 'UM16', 'BCB', 'ECB', 'ECB'),
('WWC17', 'M258', '2017-08-25', 'STD47', 'UM36', 'UM51', 'UM2', 'PCB', 'NZC', 'PCB'),
('WWC17', 'M259', '2017-08-28', 'STD51', 'UM38', 'UM59', 'UM19', 'BCCI', 'CA', 'CA'),
('WWC17', 'M260', '2017-08-31', 'STD3', 'UM42', 'UM62', 'UM7', 'WICB', 'SLC', 'SLC');


INSERT INTO Event_Player_Data (Event_ID, Player_ID, Total_Runs, Total_Wickets, Total_Catches, Total_Stumping) 
VALUES
('MWC11', 'IND11', 720, 18, 25, 0), 
('MWC11', 'IND18', 740, 16, 9, 0), 
('MWC11', 'IND3', 1020, 20, 10, 0), 
('MWC11', 'IND7', 730, 16, 8, 0), 
('MWC11', 'IND12', 800, 21, 8, 0), 
('MWC11', 'IND1', 680, 12, 8, 2), 
('MWC11', 'IND17', 510, 14, 7, 0), 
('MWC11', 'IND15', 680, 19, 8, 0), 
('MWC11', 'IND5', 900, 22, 12, 0), 
('MWC11', 'IND9', 880, 17, 11, 0), 
('MWC11', 'IND8', 610, 13, 9, 1), 
('MWC11', 'IND14', 570, 15, 6, 0), 
('MWC11', 'IND10', 920, 20, 10, 0), 
('MWC11', 'IND19', 620, 12, 6, 0), 
('MWC11', 'IND20', 700, 18, 10, 0), 
('MWC11', 'IND2', 490, 15, 6, 1), 
('MWC11', 'IND16', 890, 23, 12, 1), 
('MWC11', 'IND4', 1500, 18, 9, 0), 
('MWC11', 'IND13', 960, 25, 10, 0), 
('MWC11', 'IND6', 550, 14, 7, 0), 
('MWC11', 'ENG11', 690, 17, 8, 1), 
('MWC11', 'ENG5', 850, 21, 11, 0), 
('MWC11', 'ENG28', 610, 28, 7, 0), 
('MWC11', 'ENG30', 720, 18, 9, 0), 
('MWC11', 'ENG3', 2000, 24, 12, 0), 
('MWC11', 'ENG1', 730, 20, 10, 0), 
('MWC11', 'ENG32', 520, 14, 6, 0), 
('MWC11', 'ENG16', 800, 22, 11, 0), 
('MWC11', 'ENG22', 890, 19, 9, 0), 
('MWC11', 'ENG24', 670, 16, 8, 0), 
('MWC11', 'ENG14', 730, 18, 9, 0), 
('MWC11', 'ENG10', 680, 20, 8, 0), 
('MWC11', 'ENG36', 540, 13, 7, 0), 
('MWC11', 'ENG12', 780, 21, 10, 0), 
('MWC11', 'ENG8', 640, 16, 8, 0), 
('MWC11', 'ENG6', 710, 18, 9, 0), 
('MWC11', 'ENG33', 580, 15, 7, 0), 
('MWC11', 'ENG17', 620, 17, 8, 0), 
('MWC11', 'ENG29', 760, 19, 10, 0), 
('MWC11', 'ENG23', 690, 16, 7, 0), 

('MWC11', 'AUS15', 1200, 9, 5, 0), 
('MWC11', 'AUS32', 370, 8, 5, 0), 
('MWC11', 'AUS21', 390, 9, 6, 0), 
('MWC11', 'AUS37', 400, 10, 6, 0), 
('MWC11', 'AUS29', 410, 10, 7, 0), 
('MWC11', 'AUS4', 420, 11, 7, 0), 
('MWC11', 'AUS20', 430, 11, 7, 0), 
('MWC11', 'AUS9', 440, 12, 8, 0), 
('MWC11', 'AUS11', 450, 12, 8, 0), 
('MWC11', 'AUS26', 460, 13, 8, 0), 
('MWC11', 'AUS6', 470, 13, 9, 0), 
('MWC11', 'AUS23', 480, 14, 9, 0), 
('MWC11', 'AUS8', 490, 14, 9, 0), 
('MWC11', 'AUS33', 500, 15, 10, 0), 
('MWC11', 'AUS17', 510, 19, 10, 0), 

('MWC11', 'SA20', 620, 16, 8, 0), 
('MWC11', 'SA18', 580, 14, 7, 0), 
('MWC11', 'SA9', 1200, 18, 9, 0), 
('MWC11', 'SA6', 700, 19, 9, 0), 
('MWC11', 'SA14', 740, 20, 10, 0), 
('MWC11', 'SA21', 630, 17, 8, 0), 
('MWC11', 'SA24', 580, 15, 7, 0), 
('MWC11', 'SA32', 540, 14, 6, 0), 
('MWC11', 'SA16', 720, 19, 9, 0), 
('MWC11', 'SA26', 770, 25, 10, 0), 
('MWC11', 'SA1', 710, 18, 9, 0), 
('MWC11', 'SA30', 590, 16, 8, 0), 
('MWC11', 'SA25', 660, 17, 8, 0), 
('MWC11', 'SA5', 690, 19, 9, 0), 
('MWC11', 'SA12', 650, 18, 9, 0), 
('MWC11', 'SA31', 620, 16, 8, 0), 
('MWC11', 'SA27', 610, 15, 7, 0), 
('MWC11', 'SA34', 560, 14, 6, 0), 
('MWC11', 'SA3', 720, 20, 10, 0), 
('MWC11', 'SA22', 640, 17, 8, 0), 
('MWC11', 'NZ17', 520, 12, 6, 0), 
('MWC11', 'NZ8', 480, 11, 5, 0), 
('MWC11', 'NZ25', 1500, 13, 6, 0), 
('MWC11', 'NZ12', 570, 14, 7, 0), 
('MWC11', 'NZ24', 540, 13, 6, 0), 
('MWC11', 'NZ1', 620, 16, 8, 0), 
('MWC11', 'NZ16', 530, 12, 6, 0), 
('MWC11', 'NZ10', 500, 11, 5, 0), 
('MWC11', 'NZ23', 510, 12, 6, 0), 
('MWC11', 'NZ29', 490, 11, 5, 0), 
('MWC11', 'NZ30', 470, 10, 5, 0), 
('MWC11', 'NZ14', 590, 15, 7, 0), 
('MWC11', 'NZ5', 570, 14, 7, 0), 
('MWC11', 'NZ21', 520, 12, 6, 0), 
('MWC11', 'NZ26', 510, 12, 6, 0), 
('MWC11', 'NZ9', 550, 13, 6, 0), 
('MWC11', 'NZ15', 580, 14, 7, 0), 
('MWC11', 'NZ2', 600, 25, 7, 0), 
('MWC11', 'NZ6', 630, 16, 8, 0), 
('MWC11', 'NZ27', 480, 11, 5, 0), 
('MWC11', 'WI1', 420, 9, 4, 0), 
('MWC11', 'WI17', 390, 8, 4, 0), 
('MWC11', 'WI24', 400, 9, 4, 0), 
('MWC11', 'WI8', 430, 9, 4, 0), 
('MWC11', 'WI20', 1200, 9, 4, 0), 
('MWC11', 'WI11', 440, 10, 5, 0), 
('MWC11', 'WI23', 380, 8, 4, 0), 
('MWC11', 'WI5', 450, 10, 5, 0), 
('MWC11', 'WI3', 460, 10, 5, 0), 
('MWC11', 'WI19', 430, 9, 4, 0), 
('MWC11', 'WI29', 400, 9, 4, 0), 
('MWC11', 'WI2', 470, 10, 5, 0), 
('MWC11', 'WI10', 480, 10, 5, 0), 
('MWC11', 'WI6', 490, 11, 5, 0), 
('MWC11', 'WI4', 500, 12, 5, 0), 
('MWC15', 'IND15', 1200, 8, 5, 0), 
('MWC15', 'IND32', 340, 21, 4, 0), 
('MWC15', 'IND21', 320, 7, 4, 0), 
('MWC15', 'IND37', 360, 9, 5, 0), 
('MWC15', 'IND29', 370, 9, 5, 0), 
('MWC15', 'IND4', 380, 9, 5, 0), 
('MWC15', 'IND20', 330, 8, 5, 0), 
('MWC15', 'IND9', 390, 10, 6, 0), 
('MWC15', 'IND11', 400, 10, 6, 0), 
('MWC15', 'IND26', 410, 11, 7, 0), 
('MWC15', 'IND6', 420, 11, 7, 0), 
('MWC15', 'IND23', 430, 11, 7, 0), 
('MWC15', 'IND8', 440, 12, 8, 0), 
('MWC15', 'IND33', 450, 12, 8, 0), 
('MWC15', 'IND14', 460, 13, 8, 0),
('MWC15', 'ENG15', 990, 7, 4, 0), 
('MWC15', 'ENG32', 310, 18, 4, 0), 
('MWC15', 'ENG21', 330, 7, 4, 0), 
('MWC15', 'ENG37', 340, 8, 5, 0), 
('MWC15', 'ENG29', 350, 8, 5, 0), 
('MWC15', 'ENG4', 360, 8, 5, 0), 
('MWC15', 'ENG20', 370, 9, 5, 0), 
('MWC15', 'ENG9', 380, 9, 6, 0), 
('MWC15', 'ENG11', 390, 10, 6, 0), 
('MWC15', 'ENG26', 400, 10, 7, 0), 
('MWC15', 'ENG6', 410, 11, 7, 0), 
('MWC15', 'ENG23', 420, 11, 7, 0), 
('MWC15', 'ENG8', 430, 12, 8, 0), 
('MWC15', 'ENG33', 440, 12, 8, 0), 
('MWC15', 'ENG14', 450, 13, 8, 0),  

('MWC15', 'AUS15', 380, 9, 5, 0), 
('MWC15', 'AUS32', 370, 8, 5, 0), 
('MWC15', 'AUS21', 390, 9, 6, 0), 
('MWC15', 'AUS37', 980, 10, 6, 0), 
('MWC15', 'AUS29', 410, 16, 7, 0), 
('MWC15', 'AUS4', 420, 11, 7, 0), 
('MWC15', 'AUS20', 430, 11, 7, 0), 
('MWC15', 'AUS9', 440, 12, 8, 0), 
('MWC15', 'AUS11', 450, 12, 8, 0), 
('MWC15', 'AUS26', 460, 13, 8, 0), 
('MWC15', 'AUS6', 470, 13, 9, 0), 
('MWC15', 'AUS23', 480, 14, 9, 0), 
('MWC15', 'AUS8', 490, 14, 9, 0), 
('MWC15', 'AUS33', 500, 15, 10, 0), 
('MWC15', 'AUS14', 510, 15, 10, 0), 

('MWC15', 'SA15', 350, 8, 5, 0), 
('MWC15', 'SA32', 340, 7, 5, 0), 
('MWC15', 'SA21', 900, 8, 5, 0), 
('MWC15', 'SA37', 370, 19, 6, 0), 
('MWC15', 'SA29', 380, 9, 6, 0), 
('MWC15', 'SA4', 390, 10, 7, 0), 
('MWC15', 'SA20', 400, 10, 7, 0), 
('MWC15', 'SA9', 410, 11, 8, 0), 
('MWC15', 'SA11', 420, 11, 8, 0), 
('MWC15', 'SA26', 430, 12, 8, 0), 
('MWC15', 'SA6', 440, 12, 9, 0), 
('MWC15', 'SA23', 450, 13, 9, 0), 
('MWC15', 'SA8', 460, 13, 9, 0), 
('MWC15', 'SA33', 470, 14, 10, 0), 
('MWC15', 'SA14', 480, 14, 10, 0),
('MWC15', 'NZ15', 350, 8, 5, 0), 
('MWC15', 'NZ32', 340, 7, 5, 0), 
('MWC15', 'NZ21', 360, 8, 5, 0), 
('MWC15', 'NZ37', 370, 9, 6, 0), 
('MWC15', 'NZ29', 380, 9, 6, 0), 
('MWC15', 'NZ4', 390, 10, 7, 0), 
('MWC15', 'NZ20', 990, 10, 7, 0), 
('MWC15', 'NZ9', 410, 18, 8, 0), 
('MWC15', 'NZ11', 420, 11, 8, 0), 
('MWC15', 'NZ26', 430, 12, 8, 0), 
('MWC15', 'NZ6', 440, 12, 9, 0), 
('MWC15', 'NZ23', 450, 13, 9, 0), 
('MWC15', 'NZ8', 460, 13, 9, 0), 
('MWC15', 'NZ33', 470, 14, 10, 0), 
('MWC15', 'NZ14', 480, 14, 10, 0), 
('MWC15', 'NZ35', 490, 15, 11, 0), 
('MWC15', 'NZ10', 500, 15, 11, 0), 
('MWC15', 'NZ7', 510, 16, 11, 0), 
('MWC15', 'WI15', 320, 7, 4, 0), 
('MWC15', 'WI32', 310, 6, 4, 0), 
('MWC15', 'WI21', 330, 7, 4, 0), 
('MWC15', 'WI37', 340, 8, 5, 0), 
('MWC15', 'WI29', 350, 8, 5, 0), 
('MWC15', 'WI4', 1500, 8, 5, 0), 
('MWC15', 'WI20', 370, 18, 5, 0), 
('MWC15', 'WI9', 380, 9, 6, 0), 
('MWC15', 'WI11', 390, 10, 6, 0), 
('MWC15', 'WI26', 400, 10, 7, 0), 
('MWC15', 'WI6', 410, 11, 7, 0), 
('MWC15', 'WI23', 420, 11, 7, 0), 
('MWC15', 'WI8', 430, 12, 8, 0), 
('MWC15', 'WI33', 440, 12, 8, 0), 
('MWC15', 'WI14', 450, 13, 8, 0), 
('MWC15', 'WI35', 460, 13, 9, 0), 
('MWC15', 'WI10', 470, 14, 9, 0), 
('MWC15', 'WI7', 480, 14, 9, 0), 
('MWC15', 'WI19', 490, 15, 10, 0), 
('MWC15', 'PAK15', 340, 8, 5, 0), 
('MWC15', 'PAK32', 330, 7, 5, 0), 
('MWC15', 'PAK21', 350, 8, 5, 0), 
('MWC15', 'PAK37', 360, 9, 6, 0), 
('MWC15', 'PAK29', 370, 9, 6, 0), 
('MWC15', 'PAK4', 380, 10, 7, 0), 
('MWC15', 'PAK20', 900, 10, 7, 0), 
('MWC15', 'PAK9', 400, 19,8, 0), 
('MWC15', 'PAK11', 410, 11, 8, 0), 
('MWC15', 'PAK26', 420, 12, 8, 0), 
('MWC15', 'PAK6', 430, 12, 9, 0), 
('MWC15', 'PAK23', 440, 13, 9, 0), 
('MWC15', 'PAK8', 450, 13, 9, 0), 
('MWC15', 'PAK33', 460, 14, 10, 0), 
('MWC15', 'PAK14', 470, 14, 10, 0), 
('MWC15', 'PAK35', 480, 15, 11, 0), 
('MWC15', 'PAK10', 490, 15, 11, 0), 
('MWC15', 'PAK7', 500, 16, 11, 0),  
('MWC15', 'BAN15', 330, 7, 4, 0), 
('MWC15', 'BAN32', 320, 6, 4, 0), 
('MWC15', 'BAN21', 340, 7, 4, 0), 
('MWC15', 'BAN37', 880, 8, 5, 0), 
('MWC15', 'BAN29', 360, 18, 5, 0), 
('MWC15', 'BAN4', 370, 9, 5, 0), 
('MWC15', 'BAN20', 380, 9, 6, 0), 
('MWC15', 'BAN9', 390, 10, 6, 0), 
('MWC15', 'BAN11', 400, 10, 7, 0), 
('MWC15', 'BAN26', 410, 11, 7, 0), 
('MWC15', 'BAN6', 420, 11, 7, 0), 
('MWC15', 'BAN23', 430, 12, 8, 0), 
('MWC15', 'BAN8', 440, 12, 8, 0), 
('MWC15', 'BAN33', 450, 13, 8, 0), 
('MWC15', 'BAN14', 460, 13, 9, 0), 
('MWC15', 'BAN35', 470, 14, 9, 0), 
('MWC15', 'BAN10', 480, 14, 9, 0), 
('MWC15', 'BAN7', 490, 15, 10, 0), 


('MWC19', 'IND15', 1200, 8, 5, 0), 
('MWC19', 'IND32', 340, 21, 4, 0), 
('MWC19', 'IND21', 320, 7, 4, 0), 
('MWC19', 'IND37', 360, 9, 5, 0), 
('MWC19', 'IND29', 370, 9, 5, 0), 
('MWC19', 'IND4', 380, 9, 5, 0), 
('MWC19', 'IND20', 330, 8, 5, 0), 
('MWC19', 'IND9', 390, 10, 6, 0), 
('MWC19', 'IND11', 400, 10, 6, 0), 
('MWC19', 'IND26', 410, 11, 7, 0), 
('MWC19', 'IND6', 420, 11, 7, 0), 
('MWC19', 'IND23', 430, 11, 7, 0), 
('MWC19', 'IND8', 440, 12, 8, 0), 
('MWC19', 'IND33', 450, 12, 8, 0), 
('MWC19', 'IND14', 460, 13, 8, 0),
('MWC19', 'ENG15', 990, 7, 4, 0), 
('MWC19', 'ENG32', 310, 18, 4, 0), 
('MWC19', 'ENG21', 330, 7, 4, 0), 
('MWC19', 'ENG37', 340, 8, 5, 0), 
('MWC19', 'ENG29', 350, 8, 5, 0), 
('MWC19', 'ENG4', 360, 8, 5, 0), 
('MWC19', 'ENG20', 370, 9, 5, 0), 
('MWC19', 'ENG9', 380, 9, 6, 0), 
('MWC19', 'ENG11', 390, 10, 6, 0), 
('MWC19', 'ENG26', 400, 10, 7, 0), 
('MWC19', 'ENG6', 410, 11, 7, 0), 
('MWC19', 'ENG23', 420, 11, 7, 0), 
('MWC19', 'ENG8', 430, 12, 8, 0), 
('MWC19', 'ENG33', 440, 12, 8, 0), 
('MWC19', 'ENG14', 450, 13, 8, 0),  

('MWC19', 'AUS15', 380, 9, 5, 0), 
('MWC19', 'AUS32', 370, 8, 5, 0), 
('MWC19', 'AUS21', 390, 9, 6, 0), 
('MWC19', 'AUS37', 980, 10, 6, 0), 
('MWC19', 'AUS29', 410, 16, 7, 0), 
('MWC19', 'AUS4', 420, 11, 7, 0), 
('MWC19', 'AUS20', 430, 11, 7, 0), 
('MWC19', 'AUS9', 440, 12, 8, 0), 
('MWC19', 'AUS11', 450, 12, 8, 0), 
('MWC19', 'AUS26', 460, 13, 8, 0), 
('MWC19', 'AUS6', 470, 13, 9, 0), 
('MWC19', 'AUS23', 480, 14, 9, 0), 
('MWC19', 'AUS8', 490, 14, 9, 0), 
('MWC19', 'AUS33', 500, 15, 10, 0), 
('MWC19', 'AUS14', 510, 15, 10, 0), 

('MWC19', 'SA15', 350, 8, 5, 0), 
('MWC19', 'SA32', 340, 7, 5, 0), 
('MWC19', 'SA21', 900, 8, 5, 0), 
('MWC19', 'SA37', 370, 19, 6, 0), 
('MWC19', 'SA29', 380, 9, 6, 0), 
('MWC19', 'SA4', 390, 10, 7, 0), 
('MWC19', 'SA20', 400, 10, 7, 0), 
('MWC19', 'SA9', 410, 11, 8, 0), 
('MWC19', 'SA11', 420, 11, 8, 0), 
('MWC19', 'SA26', 430, 12, 8, 0), 
('MWC19', 'SA6', 440, 12, 9, 0), 
('MWC19', 'SA23', 450, 13, 9, 0), 
('MWC19', 'SA8', 460, 13, 9, 0), 
('MWC19', 'SA33', 470, 14, 10, 0), 
('MWC19', 'SA14', 480, 14, 10, 0),
('MWC19', 'NZ15', 350, 8, 5, 0), 
('MWC19', 'NZ32', 340, 7, 5, 0), 
('MWC19', 'NZ21', 360, 8, 5, 0), 
('MWC19', 'NZ37', 370, 9, 6, 0), 
('MWC19', 'NZ29', 380, 9, 6, 0), 
('MWC19', 'NZ1', 390, 10, 7, 0), 
('MWC19', 'NZ20', 990, 10, 7, 0), 
('MWC19', 'NZ9', 410, 18, 8, 0), 
('MWC19', 'NZ11', 420, 11, 8, 0), 
('MWC19', 'NZ26', 430, 12, 8, 0), 
('MWC19', 'NZ6', 440, 12, 9, 0), 
('MWC19', 'NZ23', 450, 13, 9, 0), 
('MWC19', 'NZ8', 460, 13, 9, 0), 
('MWC19', 'NZ33', 470, 14, 10, 0), 
('MWC19', 'NZ14', 480, 14, 10, 0), 
('MWC19', 'NZ35', 490, 15, 11, 0), 
('MWC19', 'NZ10', 500, 15, 11, 0), 
('MWC19', 'NZ7', 510, 16, 11, 0), 
('MWC19', 'WI15', 320, 7, 4, 0), 
('MWC19', 'WI32', 310, 6, 4, 0), 
('MWC19', 'WI21', 330, 7, 4, 0), 
('MWC19', 'WI37', 340, 8, 5, 0), 
('MWC19', 'WI29', 350, 8, 5, 0), 
('MWC19', 'WI4', 1500, 8, 5, 0), 
('MWC19', 'WI20', 370, 18, 5, 0), 
('MWC19', 'WI9', 380, 9, 6, 0), 
('MWC19', 'WI11', 390, 10, 6, 0), 
('MWC19', 'WI26', 400, 10, 7, 0), 
('MWC19', 'WI6', 410, 11, 7, 0), 
('MWC19', 'WI23', 420, 11, 7, 0), 
('MWC19', 'WI8', 430, 12, 8, 0), 
('MWC19', 'WI33', 440, 12, 8, 0), 
('MWC19', 'WI14', 450, 13, 8, 0), 
('MWC19', 'WI35', 460, 13, 9, 0), 
('MWC19', 'WI10', 470, 14, 9, 0), 
('MWC19', 'WI7', 480, 14, 9, 0), 
('MWC19', 'WI19', 490, 15, 10, 0), 
('MWC19', 'PAK15', 340, 8, 5, 0), 
('MWC19', 'PAK32', 330, 7, 5, 0), 
('MWC19', 'PAK21', 350, 8, 5, 0), 
('MWC19', 'PAK37', 360, 9, 6, 0), 
('MWC19', 'PAK29', 370, 9, 6, 0), 
('MWC19', 'PAK4', 380, 10, 7, 0), 
('MWC19', 'PAK20', 900, 10, 7, 0), 
('MWC19', 'PAK9', 400, 19,8, 0), 
('MWC19', 'PAK11', 410, 11, 8, 0), 
('MWC19', 'PAK26', 420, 12, 8, 0), 
('MWC19', 'PAK6', 430, 12, 9, 0), 
('MWC19', 'PAK23', 440, 13, 9, 0), 
('MWC19', 'PAK8', 450, 13, 9, 0), 
('MWC19', 'PAK33', 460, 14, 10, 0), 
('MWC19', 'PAK14', 470, 14, 10, 0), 
('MWC19', 'PAK35', 480, 15, 11, 0), 
('MWC19', 'PAK10', 490, 15, 11, 0), 
('MWC19', 'PAK7', 500, 16, 11, 0),  
('MWC19', 'BAN15', 330, 7, 4, 0), 
('MWC19', 'BAN32', 320, 6, 4, 0), 
('MWC19', 'BAN21', 340, 7, 4, 0), 
('MWC19', 'BAN37', 880, 8, 5, 0), 
('MWC19', 'BAN29', 360, 18, 5, 0), 
('MWC19', 'BAN4', 370, 9, 5, 0), 
('MWC19', 'BAN20', 380, 9, 6, 0), 
('MWC19', 'BAN9', 390, 10, 6, 0), 
('MWC19', 'BAN11', 400, 10, 7, 0), 
('MWC19', 'BAN26', 410, 11, 7, 0), 
('MWC19', 'BAN6', 420, 11, 7, 0), 
('MWC19', 'BAN23', 430, 12, 8, 0), 
('MWC19', 'BAN8', 440, 12, 8, 0), 
('MWC19', 'BAN33', 450, 13, 8, 0), 
('MWC19', 'BAN14', 460, 13, 9, 0), 
('MWC19', 'BAN35', 470, 14, 9, 0), 
('MWC19', 'BAN10', 480, 14, 9, 0), 
('MWC19', 'BAN7', 490, 15, 10, 0), 


('MWC23', 'AUS15', 280, 5, 3, 0), 
('MWC23', 'AUS32', 270, 4, 3, 0), 
('MWC23', 'AUS21', 290, 5, 3, 0), 
('MWC23', 'AUS37', 300, 6, 4, 0), 
('MWC23', 'AUS29', 310, 6, 4, 0), 
('MWC23', 'AUS4', 900, 6, 4, 0), 
('MWC23', 'AUS20', 330, 25, 5, 0), 
('MWC23', 'AUS9', 340, 7, 5, 0), 
('MWC23', 'AUS11', 350, 8, 5, 0), 
('MWC23', 'AUS26', 360, 8, 6, 0), 
('MWC23', 'AUS6', 370, 9, 6, 0), 
('MWC23', 'AUS23', 380, 9, 6, 0), 
('MWC23', 'AUS8', 390, 10, 7, 0), 
('MWC23', 'AUS33', 400, 10, 7, 0), 
('MWC23', 'AUS14', 410, 11, 8, 0), 
('MWC23', 'IND9', 2800, 5, 3, 0), 
('MWC23', 'IND24', 270, 24, 3, 0), 
('MWC23', 'IND19', 290, 5, 3, 0), 
('MWC23', 'IND35', 300, 6, 4, 0), 
('MWC23', 'IND31', 310, 6, 4, 0), 
('MWC23', 'IND5', 320, 6, 4, 0), 
('MWC23', 'IND15', 330, 7, 5, 0), 
('MWC23', 'IND11', 340, 7, 5, 0), 
('MWC23', 'IND29', 350, 8, 5, 0), 
('MWC23', 'IND18', 360, 8, 6, 0), 
('MWC23', 'IND2', 370, 9, 6, 0), 
('MWC23', 'IND23', 380, 9, 6, 0), 
('MWC23', 'IND8', 390, 10, 7, 0), 
('MWC23', 'IND25', 400, 10, 7, 0), 
('MWC23', 'IND14', 410, 11, 8, 0) ,
('MWC23', 'ENG9', 280, 5, 3, 0), 
('MWC23', 'ENG24', 270, 4, 3, 0), 
('MWC23', 'ENG19', 1190, 5, 3, 0), 
('MWC23', 'ENG35', 300, 21, 4, 0), 
('MWC23', 'ENG31', 310, 6, 4, 0), 
('MWC23', 'ENG5', 320, 6, 4, 0), 
('MWC23', 'ENG15', 330, 7, 5, 0), 
('MWC23', 'ENG11', 340, 7, 5, 0), 
('MWC23', 'ENG29', 350, 8, 5, 0), 
('MWC23', 'ENG18', 360, 8, 6, 0), 
('MWC23', 'ENG6', 370, 9, 6, 0), 
('MWC23', 'ENG23', 380, 9, 6, 0), 
('MWC23', 'ENG8', 390, 10, 7, 0), 
('MWC23', 'ENG25', 400, 10, 7, 0), 
('MWC23', 'ENG14', 410, 11, 8, 0) ,

('MWC23', 'SA9', 280, 5, 3, 0), 
('MWC23', 'SA24', 270, 4, 3, 0), 
('MWC23', 'SA19', 290, 5, 3, 0), 
('MWC23', 'SA35', 300, 6, 4, 0), 
('MWC23', 'SA31', 310, 6, 4, 0), 
('MWC23', 'SA5', 320, 6, 4, 0), 
('MWC23', 'SA15', 330, 7, 5, 0), 
('MWC23', 'SA11', 1100, 7, 5, 0), 
('MWC23', 'SA29', 350, 18, 5, 0), 
('MWC23', 'SA18', 360, 8, 6, 0), 
('MWC23', 'SA6', 370, 9, 6, 0), 
('MWC23', 'SA23', 380, 9, 6, 0), 
('MWC23', 'SA8', 390, 10, 7, 0), 
('MWC23', 'SA25', 400, 10, 7, 0), 
('MWC23', 'SA14', 410, 11, 8, 0),
('MWC23', 'NZ9', 280, 5, 3, 0), 
('MWC23', 'NZ24', 270, 4, 3, 0), 
('MWC23', 'NZ19', 290, 5, 3, 0), 
('MWC23', 'NZ35', 300, 6, 4, 0), 
('MWC23', 'NZ31', 310, 6, 4, 0), 
('MWC23', 'NZ5', 1150, 17, 4, 0), 
('MWC23', 'NZ15', 330, 7, 5, 0), 
('MWC23', 'NZ11', 340, 7, 5, 0), 
('MWC23', 'NZ29', 350, 8, 5, 0), 
('MWC23', 'NZ18', 360, 8, 6, 0), 
('MWC23', 'NZ6', 370, 9, 6, 0), 
('MWC23', 'NZ23', 380, 9, 6, 0), 
('MWC23', 'NZ8', 390, 10, 7, 0), 
('MWC23', 'NZ25', 400, 10, 7, 0), 
('MWC23', 'NZ14', 410, 11, 8, 0), 
('MWC23', 'WI9', 1280, 5, 3, 0), 
('MWC23', 'WI24', 270, 14, 3, 0), 
('MWC23', 'WI19', 290, 5, 3, 0), 
('MWC23', 'WI35', 300, 6, 4, 0), 
('MWC23', 'WI31', 310, 6, 4, 0), 
('MWC23', 'WI5', 320, 6, 4, 0), 
('MWC23', 'WI15', 330, 7, 5, 0), 
('MWC23', 'WI11', 340, 7, 5, 0), 
('MWC23', 'WI29', 350, 8, 5, 0), 
('MWC23', 'WI18', 360, 8, 6, 0), 
('MWC23', 'WI6', 370, 9, 6, 0), 
('MWC23', 'WI23', 380, 9, 6, 0), 
('MWC23', 'WI8', 390, 10, 7, 0), 
('MWC23', 'WI25', 400, 10, 7, 0), 
('MWC23', 'WI14', 410, 11, 8, 0) ,
('MWC23', 'PAK9', 280, 5, 3, 0), 
('MWC23', 'PAK24', 270, 4, 3, 0), 
('MWC23', 'PAK19', 290, 5, 3, 0), 
('MWC23', 'PAK35', 300, 6, 4, 0), 
('MWC23', 'PAK31', 310, 6, 4, 0), 
('MWC23', 'PAK5', 1320, 6, 4, 0), 
('MWC23', 'PAK15', 330, 17, 5, 0), 
('MWC23', 'PAK11', 340, 7, 5, 0), 
('MWC23', 'PAK29', 350, 8, 5, 0), 
('MWC23', 'PAK18', 360, 8, 6, 0), 
('MWC23', 'PAK6', 370, 9, 6, 0), 
('MWC23', 'PAK23', 380, 9, 6, 0), 
('MWC23', 'PAK8', 390, 10, 7, 0), 
('MWC23', 'PAK25', 400, 10, 7, 0), 
('MWC23', 'PAK14', 410, 11, 8, 0) ,
('MWC23', 'BAN9', 280, 5, 3, 0), 
('MWC23', 'BAN24', 270, 4, 3, 0), 
('MWC23', 'BAN19', 290, 5, 3, 0), 
('MWC23', 'BAN35', 300, 6, 4, 0), 
('MWC23', 'BAN31', 310, 6, 4, 0), 
('MWC23', 'BAN5', 1320, 6, 4, 0), 
('MWC23', 'BAN15', 330, 7, 5, 0), 
('MWC23', 'BAN11', 340, 7, 5, 0), 
('MWC23', 'BAN29', 350, 8, 5, 0), 
('MWC23', 'BAN18', 360, 8, 6, 0), 
('MWC23', 'BAN6', 370, 19, 6, 0), 
('MWC23', 'BAN23', 380, 9, 6, 0), 
('MWC23', 'BAN8', 390, 10, 7, 0), 
('MWC23', 'BAN25', 400, 10, 7, 0), 
('MWC23', 'BAN14', 410, 11, 8, 0), 
('MWC07', 'IND4', 225, 3, 6, 0), 
('MWC07', 'IND24', 212, 2, 8, 0), 
('MWC07', 'IND19', 247, 4, 7, 0), 
('MWC07', 'IND35', 198, 3, 5, 0), 
('MWC07', 'IND31', 213, 3, 6, 0), 
('MWC07', 'IND5', 236, 4, 9, 0), 
('MWC07', 'IND15', 218, 2, 7, 0), 
('MWC07', 'IND11', 1204, 1, 6, 0), 
('MWC07', 'IND29', 233, 15, 8, 0), 
('MWC07', 'IND18', 240, 3, 9, 0), 
('MWC07', 'IND6', 255, 4, 7, 0), 
('MWC07', 'IND23', 207, 3, 5, 0), 
('MWC07', 'IND8', 229, 4, 8, 0), 
('MWC07', 'IND25', 211, 3, 6, 0), 
('MWC07', 'IND14', 225, 2, 7, 0),  
('MWC07', 'ENG9', 194, 2, 5, 0), 
('MWC07', 'ENG24', 182, 3, 6, 0), 
('MWC07', 'ENG19', 207, 4, 7, 0), 
('MWC07', 'ENG35', 175, 3, 5, 0), 
('MWC07', 'ENG31', 193, 3, 6, 0), 
('MWC07', 'ENG5', 212, 4, 9, 0), 
('MWC07', 'ENG15', 198, 2, 7, 0), 
('MWC07', 'ENG11', 183, 1, 6, 0), 
('MWC07', 'ENG29', 206, 5, 8, 0), 
('MWC07', 'ENG18', 1215, 3, 9, 0), 
('MWC07', 'ENG6', 220, 14, 7, 0), 
('MWC07', 'ENG23', 176, 3, 5, 0), 
('MWC07', 'ENG8', 198, 4, 8, 0), 
('MWC07', 'ENG25', 191, 3, 6, 0), 
('MWC07', 'ENG14', 195, 2, 7, 0),  
('MWC07', 'AUS5', 204, 3, 6, 0),  
('MWC07', 'AUS11', 189, 2, 5, 0), 
('MWC07', 'AUS9', 197, 4, 7, 0),  
('MWC07', 'AUS15', 1183, 3, 6, 0), 
('MWC07', 'AUS4', 201, 12, 5, 0),  
('MWC07', 'AUS7', 186, 3, 4, 0),  
('MWC07', 'AUS3', 207, 4, 7, 0), 
('MWC07', 'AUS12', 178, 1, 5, 0), 
('MWC07', 'AUS16', 194, 3, 8, 0), 
('MWC07', 'AUS8', 199, 3, 6, 0),  
('MWC07', 'AUS6', 191, 2, 6, 0),  
('MWC07', 'AUS13', 187, 2, 5, 0),  
('MWC07', 'AUS17', 182, 1, 4, 0), 
('MWC07', 'AUS1', 213, 4, 8, 0),  
('MWC07', 'AUS10', 196, 3, 6, 0), 
('MWC07', 'NZ8', 203, 2, 6, 0), 
('MWC07', 'NZ10', 192, 3, 5, 0), 
('MWC07', 'NZ12', 188, 3, 4, 0), 
('MWC07', 'NZ16', 179, 2, 4, 0), 
('MWC07', 'NZ7', 197, 3, 7, 0), 
('MWC07', 'NZ2', 1211, 4, 8, 0), 
('MWC07', 'NZ6', 185, 12, 5, 0), 
('MWC07', 'NZ13', 181, 1, 4, 0), 
('MWC07', 'NZ9', 195, 3, 6, 0), 
('MWC07', 'NZ17', 177, 2, 5, 0), 
('MWC07', 'NZ15', 183, 3, 6, 0), 
('MWC07', 'NZ1', 215, 5, 9, 0), 
('MWC07', 'NZ5', 199, 4, 7, 0), 
('MWC07', 'NZ11', 186, 2, 5, 0), 
('MWC07', 'NZ14', 184, 2, 6, 0), 
('MWC07', 'NZ4', 202, 3, 8, 0),
('MWC07', 'WI6', 197, 3, 6, 0), 
('MWC07', 'WI9', 183, 2, 5, 0), 
('MWC07', 'WI10', 1190, 3, 7, 0), 
('MWC07', 'WI5', 201, 14, 8, 0), 
('MWC07', 'WI4', 205, 5, 9, 0), 
('MWC07', 'WI1', 212, 6, 10, 0), 
('MWC07', 'WI15', 180, 2, 5, 0), 
('MWC07', 'WI11', 189, 3, 6, 0), 
('MWC07', 'WI7', 195, 4, 7, 0), 
('MWC07', 'WI8', 192, 3, 6, 0), 
('MWC07', 'WI3', 207, 5, 9, 0), 
('MWC07', 'WI13', 185, 2, 5, 0), 
('MWC07', 'WI16', 178, 2, 4, 0),
('MWC07', 'SA5', 204, 3, 6, 0), 
('MWC07', 'SA11', 189, 2, 5, 0), 
('MWC07', 'SA9', 197, 4, 7, 0), 
('MWC07', 'SA15', 183, 3, 6, 0), 
('MWC07', 'SA4', 201, 2, 5, 0), 
('MWC07', 'SA7', 186, 3, 4, 0), 
('MWC07', 'SA3', 207, 4, 7, 0), 
('MWC07', 'SA12', 178, 1, 5, 0), 
('MWC07', 'SA16', 194, 3, 8, 0), 
('MWC07', 'SA8', 1199, 3, 6, 0), 
('MWC07', 'SA6', 191, 12, 6, 0), 
('MWC07', 'SA13', 187, 2, 5, 0), 
('MWC07', 'SA17', 182, 1, 4, 0), 
('MWC07', 'SA1', 213, 4, 8, 0), 
('MWC16', 'IND4', 178, 4, 7, 0), 
('MWC16', 'IND13', 190, 3, 5, 0), 
('MWC16', 'IND2', 210, 5, 8, 0), 
('MWC16', 'IND7', 195, 4, 6, 0), 
('MWC16', 'IND8', 192, 3, 7, 0), 
('MWC16', 'IND9', 197, 3, 6, 0), 
('MWC16', 'IND5', 201, 5, 8, 0), 
('MWC16', 'IND1', 1112, 6, 10, 0), 
('MWC16', 'IND3', 207, 15, 9, 0), 
('MWC16', 'IND6', 205, 6, 9, 0), 
('MWC16', 'IND11', 185, 2, 5, 0), 
('MWC16', 'IND12', 180, 3, 6, 0),
('MWC16', 'ENG4', 184, 3, 6, 0), 
('MWC16', 'ENG10', 195, 2, 4, 0), 
('MWC16', 'ENG2', 200, 4, 7, 0), 
('MWC16', 'ENG7', 189, 3, 5, 0), 
('MWC16', 'ENG8', 192, 4, 6, 0), 
('MWC16', 'ENG9', 1196, 3, 7, 0), 
('MWC16', 'ENG5', 202, 15, 8, 0), 
('MWC16', 'ENG1', 213, 6, 10, 0), 
('MWC16', 'ENG3', 205, 5, 9, 0), 
('MWC16', 'ENG6', 198, 6, 9, 0), 
('MWC16', 'ENG11', 186, 2, 5, 0), 
('MWC16', 'ENG12', 180, 3, 6, 0), 
('MWC16', 'AUS5', 194, 3, 6, 0),  
('MWC16', 'AUS11', 183, 2, 5, 0),  
('MWC16', 'AUS9', 198, 4, 7, 0),  
('MWC16', 'AUS15', 185, 3, 6, 0),  
('MWC16', 'AUS4', 203, 2, 5, 0), 
('MWC16', 'AUS7', 187, 3, 4, 0),  
('MWC16', 'AUS3', 208, 4, 7, 0),  
('MWC16', 'AUS12', 1180, 1, 5, 0), 
('MWC16', 'AUS16', 192, 13, 8, 0),  
('MWC16', 'AUS8', 199, 3, 6, 0),  
('MWC16', 'AUS6', 191, 2, 6, 0),  
('MWC16', 'AUS13', 187, 2, 5, 0),
('MWC16', 'NZ4', 184, 3, 6, 0), 
('MWC16', 'NZ10', 195, 2, 4, 0), 
('MWC16', 'NZ2', 200, 4, 7, 0), 
('MWC16', 'NZ7', 189, 3, 5, 0), 
('MWC16', 'NZ8', 192, 4, 6, 0), 
('MWC16', 'NZ9', 196, 3, 7, 0), 
('MWC16', 'NZ5', 202, 5, 8, 0), 
('MWC16', 'NZ1', 213, 6, 10, 0), 
('MWC16', 'NZ3', 1205, 5, 9, 0), 
('MWC16', 'NZ6', 198, 16, 9, 0), 
('MWC16', 'NZ11', 186, 2, 5, 0), 
('MWC16', 'NZ12', 180, 3, 6, 0), 
('MWC16', 'BAN5', 194, 3, 6, 0), 
('MWC16', 'BAN11', 183, 2, 5, 0), 
('MWC16', 'BAN9', 198, 4, 7, 0), 
('MWC16', 'BAN15', 185, 3, 6, 0), 
('MWC16', 'BAN4', 203, 2, 5, 0), 
('MWC16', 'BAN7', 1187, 3, 4, 0), 
('MWC16', 'BAN3', 208, 14, 7, 0), 
('MWC16', 'BAN12', 180, 1, 5, 0), 
('MWC16', 'BAN16', 192, 3, 8, 0), 
('MWC16', 'BAN8', 199, 3, 6, 0), 
('MWC16', 'BAN6', 191, 2, 6, 0), 
('MWC16', 'BAN13', 187, 2, 5, 0), 
('MWC16', 'SA5', 194, 3, 6, 0), 
('MWC16', 'SA11', 183, 2, 5, 0), 
('MWC16', 'SA9', 198, 4, 7, 0), 
('MWC16', 'SA15', 185, 3, 6, 0), 
('MWC16', 'SA4', 203, 2, 5, 0), 
('MWC16', 'SA7', 187, 3, 4, 0), 
('MWC16', 'SA3', 208, 4, 7, 0), 
('MWC16', 'SA12', 180, 1, 5, 0), 
('MWC16', 'SA16', 192, 3, 8, 0), 
('MWC16', 'SA8', 1199, 3, 6, 0), 
('MWC16', 'SA6', 191, 12, 6, 0), 
('MWC16', 'SA13', 187, 2, 5, 0),
('MWC22', 'IND6', 138, 4, 7, 0), 
('MWC22', 'IND3', 145, 3, 6, 0), 
('MWC22', 'IND10', 142, 2, 5, 0), 
('MWC22', 'IND9', 152, 3, 6, 0), 
('MWC22', 'IND8', 135, 1, 4, 0), 
('MWC22', 'IND4', 143, 2, 5, 0), 
('MWC22', 'IND2', 1139, 3, 6, 0), 
('MWC22', 'IND5', 141, 13, 7, 0), 
('MWC22', 'IND7', 148, 4, 8, 0), 
('MWC22', 'IND1', 136, 2, 5, 0), 
('MWC22', 'IND12', 140, 1, 4, 0), 
('MWC22', 'IND11', 147, 3, 6, 0), 
('MWC22', 'IND15', 150, 4, 7, 0), 
('MWC22', 'IND13', 144, 2, 5, 0),
('MWC22', 'ENG3', 128, 6, 9, 0), 
('MWC22', 'ENG5', 135, 5, 8, 0), 
('MWC22', 'ENG7', 131, 4, 7, 0), 
('MWC22', 'ENG1', 125, 7, 10, 0), 
('MWC22', 'ENG2', 130, 6, 9, 0), 
('MWC22', 'ENG4', 133, 5, 8, 0), 
('MWC22', 'ENG6', 1126, 6, 9, 0), 
('MWC22', 'ENG8', 132, 14, 7, 0), 
('MWC22', 'ENG9', 129, 5, 8, 0), 
('MWC22', 'ENG10', 127, 6, 9, 0), 
('MWC22', 'ENG11', 134, 7, 10, 0), 
('MWC22', 'ENG12', 137, 6, 9, 0), 
('MWC22', 'ENG13', 138, 5, 8, 0), 
('MWC22', 'ENG14', 135, 7, 10, 0), 

('MWC22', 'SA1', 118, 8, 12, 0), 
('MWC22', 'SA2', 120, 7, 11, 0), 
('MWC22', 'SA3', 123, 9, 13, 0), 
('MWC22', 'SA4', 115, 8, 12, 0), 
('MWC22', 'SA5', 116, 17, 11, 0), 
('MWC22', 'SA6', 119, 9, 13, 0), 
('MWC22', 'SA7', 117, 8, 12, 0), 
('MWC22', 'SA8', 122, 7, 11, 0), 
('MWC22', 'SA9', 121, 9, 13, 0), 
('MWC22', 'SA10', 124, 8, 12, 0), 
('MWC22', 'SA11', 113, 7, 11, 0), 
('MWC22', 'SA12', 114, 9, 13, 0), 
('MWC22', 'SA13', 1119, 8, 12, 0), 
('MWC22', 'SA14', 120, 7, 11, 0),  
('MWC22', 'NZ1', 105, 6, 8, 0), 
('MWC22', 'NZ2', 107, 5, 7, 0), 
('MWC22', 'NZ3', 1110, 7, 9, 0), 
('MWC22', 'NZ4', 103, 6, 8, 0), 
('MWC22', 'NZ5', 104, 5, 7, 0), 
('MWC22', 'NZ6', 106, 7, 9, 0), 
('MWC22', 'NZ7', 108, 6, 8, 0), 
('MWC22', 'NZ8', 111, 5, 7, 0), 
('MWC22', 'NZ9', 102, 7, 9, 0), 
('MWC22', 'NZ10', 109, 6, 8, 0), 
('MWC22', 'NZ11', 112, 15, 7, 0), 
('MWC22', 'NZ12', 101, 7, 9, 0), 
('MWC22', 'NZ13', 106, 6, 8, 0), 
('MWC22', 'NZ14', 107, 5, 7, 0), 
('MWC22', 'BAN1', 90, 4, 7, 0), 
('MWC22', 'BAN2', 88, 5, 6, 0), 
('MWC22', 'BAN3', 92, 3, 8, 0), 
('MWC22', 'BAN4', 85, 6, 5, 0), 
('MWC22', 'BAN5', 87, 4, 7, 0), 
('MWC22', 'BAN6', 89, 5, 6, 0), 
('MWC22', 'BAN7', 91, 3, 8, 0), 
('MWC22', 'BAN8', 86, 6, 5, 0), 
('MWC22', 'BAN9', 88, 14, 7, 0), 
('MWC22', 'BAN10', 90, 5, 6, 0), 
('MWC22', 'BAN11', 92, 3, 8, 0), 
('MWC22', 'BAN12', 87, 6, 5, 0), 
('MWC22', 'BAN13', 89, 4, 7, 0), 
('MWC22', 'BAN14', 91, 5, 6, 0), 
('MWC22', 'BAN15', 186, 3, 8, 0), 
('MWC22', 'AUS1', 100, 8, 6, 0), 
('MWC22', 'AUS2', 902, 7, 5, 0), 
('MWC22', 'AUS3', 104, 9, 7, 0), 
('MWC22', 'AUS4', 98, 8, 6, 0), 
('MWC22', 'AUS5', 100, 7, 5, 0), 
('MWC22', 'AUS6', 102, 9, 7, 0), 
('MWC22', 'AUS7', 96, 18, 6, 0), 
('MWC22', 'AUS8', 98, 7, 5, 0), 
('MWC22', 'AUS9', 100, 9, 7, 0), 
('MWC22', 'AUS10', 94, 8, 6, 0), 
('MWC22', 'AUS11', 96, 7, 5, 0), 
('MWC22', 'AUS12', 98, 9, 7, 0), 
('MWC22', 'AUS13', 92, 8, 6, 0), 
('MWC22', 'AUS14', 94, 7, 5, 0), 
('WTC20', 'IND5', 340, 12, 15, 3), 
('WTC20', 'IND12', 1370, 15, 20, 5), 
('WTC20', 'IND18', 390, 30, 23, 6), 
('WTC20', 'IND25', 410, 22, 27, 8), 
('WTC20', 'IND32', 380, 17, 21, 6), 
('WTC20', 'IND37', 355, 13, 17, 4), 
('WTC20', 'IND8', 365, 14, 19, 4), 
('WTC20', 'IND21', 380, 16, 22, 6), 
('WTC20', 'IND28', 395, 20, 24, 7), 
('WTC20', 'IND34', 385, 19, 23, 7), 
('WTC20', 'IND15', 375, 16, 21, 5), 
('WTC20', 'IND40', 405, 21, 26, 8),
('WTC20', 'ENG4', 340, 12, 15, 1), 
('WTC20', 'ENG11', 370, 15, 20, 2), 
('WTC20', 'ENG18', 1390, 18, 23, 2), 
('WTC20', 'ENG25', 410, 29, 27, 3), 
('WTC20', 'ENG32', 380, 17, 21, 1), 
('WTC20', 'ENG7', 355, 13, 17, 1), 
('WTC20', 'ENG13', 365, 14, 19, 2), 
('WTC20', 'ENG20', 380, 16, 22, 2), 
('WTC20', 'ENG27', 395, 20, 24, 3), 
('WTC20', 'ENG33', 385, 19, 23, 3), 
('WTC20', 'ENG16', 375, 16, 21, 1), 
('WTC20', 'ENG38', 405, 21, 26, 3), 
('WTC20', 'AUS1', 1340, 12, 15, 1), 
('WTC20', 'AUS8', 370, 35, 20, 2), 
('WTC20', 'AUS15', 390, 18, 23, 2), 
('WTC20', 'AUS22', 410, 22, 27, 3), 
('WTC20', 'AUS29', 380, 17, 21, 1), 
('WTC20', 'AUS6', 355, 13, 17, 1), 
('WTC20', 'AUS12', 365, 14, 19, 2), 
('WTC20', 'AUS19', 380, 16, 22, 2), 
('WTC20', 'AUS26', 395, 20, 24, 3), 
('WTC20', 'AUS33', 385, 19, 23, 3), 
('WTC20', 'AUS9', 375, 16, 21, 1), 
('WTC20', 'AUS36', 405, 21, 26, 3), 
('WTC20', 'NZ3', 340, 12, 15, 1), 
('WTC20', 'NZ17', 1390, 18, 23, 2), 
('WTC20', 'NZ24', 410, 29, 27, 3), 
('WTC20', 'NZ31', 380, 17, 21, 1), 
('WTC20', 'NZ6', 355, 13, 17, 1), 
('WTC20', 'NZ14', 365, 14, 19, 2), 
('WTC20', 'NZ21', 380, 16, 22, 2), 
('WTC20', 'NZ28', 395, 20, 24, 3), 
('WTC20', 'NZ35', 385, 19, 23, 3), 
('WTC20', 'NZ10', 375, 16, 21, 1), 
('WTC20', 'NZ42', 405, 21, 26, 3),
('WTC20', 'PAK2', 340, 12, 15, 1), 
('WTC20', 'PAK9', 370, 15, 20, 2), 
('WTC20', 'PAK16', 390, 18, 23, 2), 
('WTC20', 'PAK23', 410, 22, 27, 3), 
('WTC20', 'PAK30', 380, 17, 21, 1), 
('WTC20', 'PAK5', 1355, 13, 17, 1), 
('WTC20', 'PAK12', 365, 25, 19, 2), 
('WTC20', 'PAK19', 380, 16, 22, 2), 
('WTC20', 'PAK26', 395, 20, 24, 3), 
('WTC20', 'PAK33', 385, 19, 23, 3), 
('WTC20', 'PAK10', 375, 16, 21, 1), 
('WTC20', 'PAK37', 405, 21, 26, 3), 
('WTC22', 'IND5', 420, 23, 28, 1), 
('WTC22', 'IND12', 1440, 25, 30, 2), 
('WTC22', 'IND19', 460, 35, 32, 2), 
('WTC22', 'IND26', 480, 30, 35, 3), 
('WTC22', 'IND33', 450, 26, 31, 1), 
('WTC22', 'IND7', 430, 24, 29, 1), 
('WTC22', 'IND14', 450, 26, 31, 2), 
('WTC22', 'IND21', 470, 28, 33, 2), 
('WTC22', 'IND28', 490, 31, 36, 3), 
('WTC22', 'IND35', 480, 29, 34, 3), 
('WTC22', 'IND9', 440, 25, 30, 1), 
('WTC22', 'IND39', 510, 33, 38, 4), 
('WTC22', 'IND16', 460, 27, 32, 2), 
('WTC22', 'SA7', 360, 17, 22, 1), 
('WTC22', 'SA11', 380, 19, 25, 2), 
('WTC22', 'SA13', 400, 21, 28, 3), 
('WTC22', 'SA17', 420, 23, 31, 4), 
('WTC22', 'SA19', 390, 20, 26, 2), 
('WTC22', 'SA23', 370, 18, 23, 1), 
('WTC22', 'SA27', 1390, 20, 26, 2), 
('WTC22', 'SA31', 410, 40, 29, 3), 
('WTC22', 'SA25', 430, 24, 32, 4), 
('WTC22', 'SA29', 400, 21, 27, 2), 
('WTC22', 'SA33', 450, 26, 33, 5), 
('WTC22', 'SA37', 420, 23, 30, 3), 

('WTC22', 'AUS4', 370, 18, 23, 1), 
('WTC22', 'AUS8', 390, 20, 26, 2), 
('WTC22', 'AUS12', 410, 22, 29, 3), 
('WTC22', 'AUS16', 430, 24, 32, 4), 
('WTC22', 'AUS10', 400, 21, 27, 2), 
('WTC22', 'AUS24', 380, 19, 25, 1), 
('WTC22', 'AUS28', 400, 21, 27, 2), 
('WTC22', 'AUS32', 420, 23, 30, 3), 
('WTC22', 'AUS36', 440, 25, 33, 4), 
('WTC22', 'AUS11', 1410, 22, 28, 3), 
('WTC22', 'AUS25', 460, 42, 34, 5), 
('WTC22', 'AUS13', 430, 24, 31, 4), 

('WTC22', 'ENG5', 380, 19, 25, 1), 
('WTC22', 'ENG10', 1400, 21, 28, 2), 
('WTC22', 'ENG17', 420, 35, 31, 3), 
('WTC22', 'ENG22', 440, 25, 34, 4), 
('WTC22', 'ENG29', 410, 22, 29, 3), 
('WTC22', 'ENG31', 390, 20, 26, 2), 
('WTC22', 'ENG32', 410, 22, 29, 3), 
('WTC22', 'ENG33', 430, 24, 32, 4), 
('WTC22', 'ENG34', 450, 26, 35, 5), 
('WTC22', 'ENG35', 420, 23, 30, 3), 
('WTC22', 'ENG38', 470, 28, 36, 6), 
('WTC22', 'ENG25', 440, 25, 33, 4), 

('WTC22', 'NZ6', 360, 17, 22, 1), 
('WTC22', 'NZ13', 380, 19, 25, 2), 
('WTC22', 'NZ20', 400, 21, 28, 3), 
('WTC22', 'NZ27', 420, 23, 31, 4), 
('WTC22', 'NZ34', 390, 20, 26, 2), 
('WTC22', 'NZ9', 1370, 18, 23, 1), 
('WTC22', 'NZ16', 390, 30, 26, 2), 
('WTC22', 'NZ23', 410, 22, 29, 3), 
('WTC22', 'NZ30', 430, 24, 32, 4), 
('WTC22', 'NZ37', 400, 21, 27, 2), 
('WTC22', 'NZ11', 380, 19, 25, 1), 
('WTC22', 'NZ39', 440, 25, 33, 5), 
('WTC22', 'PAK6', 360, 17, 22, 1), 
('WTC22', 'PAK13', 380, 19, 25, 2), 
('WTC22', 'PAK20', 400, 21, 28, 3), 
('WTC22', 'PAK27', 420, 23, 31, 4), 
('WTC22', 'PAK34', 390, 20, 26, 2), 
('WTC22', 'PAK9', 370, 18, 23, 1), 
('WTC22', 'PAK16', 390, 20, 26, 2), 
('WTC22', 'PAK23', 410, 22, 29, 3), 
('WTC22', 'PAK30', 1430, 24, 32, 4), 
('WTC22', 'PAK37', 400, 30, 27, 2), 
('WTC22', 'PAK11', 380, 19, 25, 1), 
('WTC22', 'PAK39', 440, 25, 33, 5), 

('WWC20', 'IND41', 220, 8, 12, 1), 
('WWC20', 'IND42', 240, 10, 15, 2), 
('WWC20', 'IND43', 260, 12, 18, 3), 
('WWC20', 'IND44', 280, 14, 21, 4), 
('WWC20', 'IND45', 300, 16, 24, 5), 
('WWC20', 'IND46', 320, 18, 27, 6), 
('WWC20', 'IND47', 340, 20, 30, 7), 
('WWC20', 'IND48', 360, 22, 33, 8), 
('WWC20', 'IND49', 380, 24, 36, 9), 
('WWC20', 'IND50', 1400, 26, 39, 10), 
('WWC20', 'IND51', 420, 30, 42, 11), 
('WWC23', 'IND43', 310, 11, 16, 3), 
('WWC23', 'IND55', 670, 35, 52, 15), 
('WWC23', 'IND44', 340, 13, 19, 4), 
('WWC23', 'IND46', 400, 17, 25, 6), 
('WWC23', 'IND47', 1430, 19, 28, 7), 
('WWC23', 'IND48', 460, 40, 31, 8), 
('WWC23', 'IND49', 490, 23, 34, 9), 
('WWC23', 'IND53', 610, 31, 46, 13), 
('WWC23', 'IND52', 580, 29, 43, 12), 
('WWC23', 'IND57', 730, 39, 58, 17), 
('WWC23', 'IND51', 550, 27, 40, 11), 
('WWC23', 'IND54', 640, 33, 49, 14), 
('WWC22', 'IND44', 310, 11, 16, 3), 
('WWC22', 'IND52', 670, 35, 52, 15), 
('WWC22', 'IND46', 1340, 13, 19, 4), 
('WWC22', 'IND53', 400, 39, 25, 6), 
('WWC22', 'IND55', 430, 19, 28, 7), 
('WWC22', 'IND57', 460, 21, 31, 8), 
('WWC22', 'IND49', 490, 23, 34, 9), 
('WWC22', 'IND50', 610, 31, 46, 13), 
('WWC22', 'IND51', 580, 29, 43, 12), 
('WWC22', 'IND54', 730, 39, 58, 17), 
('WWC22', 'IND58', 550, 27, 40, 11), 
('WWC22', 'IND59', 640, 33, 49, 14), 
('WWC17', 'IND44', 280, 8, 12, 2), 
('WWC17', 'IND47', 420, 18, 27, 5), 
('WWC17', 'IND48', 1370, 15, 22, 4), 
('WWC17', 'IND50', 550, 45, 41, 10), 
('WWC17', 'IND51', 610, 28, 45, 12), 
('WWC17', 'IND53', 480, 21, 36, 8), 
('WWC17', 'IND55', 520, 23, 39, 9), 
('WWC17', 'IND56', 680, 35, 53, 15), 
('WWC17', 'IND57', 460, 20, 32, 7), 
('WWC17', 'IND58', 590, 30, 47, 13), 
('WWC17', 'IND59', 650, 32, 50, 14), 

('WWC20', 'SA43', 290, 7, 15, 1), 
('WWC20', 'SA45', 420, 12, 22, 4), 
('WWC20', 'SA47', 370, 10, 20, 3), 
('WWC20', 'SA48', 1520, 15, 28, 6), 
('WWC20', 'SA50', 580, 35, 32, 7), 
('WWC20', 'SA51', 450, 13, 24, 5), 
('WWC20', 'SA52', 490, 14, 26, 6), 
('WWC20', 'SA54', 640, 20, 38, 9), 
('WWC20', 'SA55', 510, 16, 30, 7), 
('WWC20', 'SA57', 550, 17, 32, 8), 
('WWC20', 'SA58', 610, 19, 35, 9), 
('WWC20', 'SA59', 670, 21, 40, 10), 
('WWC22', 'SA43', 290, 7, 10, 1), 
('WWC22', 'SA45', 420, 12, 18, 3), 
('WWC22', 'SA47', 1370, 10, 16, 2), 
('WWC22', 'SA48', 520, 40, 22, 4), 
('WWC22', 'SA50', 580, 18, 26, 5), 
('WWC22', 'SA51', 450, 13, 20, 4), 
('WWC22', 'SA52', 490, 25, 24, 5), 
('WWC22', 'SA54', 640, 20, 30, 7), 
('WWC22', 'SA55', 510, 16, 26, 6), 
('WWC22', 'SA57', 550, 17, 28, 7), 
('WWC22', 'SA58', 610, 19, 32, 8), 
('WWC22', 'SA59', 670, 21, 36, 9), 
('WWC23', 'SA42', 260, 7, 8, 0), 
('WWC23', 'SA43', 1310, 8, 10, 1), 
('WWC23', 'SA44', 280, 27, 9, 0), 
('WWC23', 'SA45', 2340, 9, 11, 1), 
('WWC23', 'SA46', 290, 8, 9, 0), 
('WWC23', 'SA47', 380, 10, 12, 1), 
('WWC23', 'SA48', 450, 12, 14, 2), 
('WWC23', 'SA49', 410, 11, 13, 2), 
('WWC23', 'SA50', 490, 13, 15, 3), 
('WWC23', 'SA51', 420, 12, 14, 2), 
('WWC23', 'SA52', 460, 13, 16, 3), 
('WWC23', 'SA53', 430, 12, 15, 3), 
('WWC23', 'SA54', 520, 14, 17, 4), 
('WWC23', 'SA55', 480, 13, 16, 4), 
('WWC17', 'SA42', 240, 6, 7, 0), 
('WWC17', 'SA43', 290, 7, 8, 0), 
('WWC17', 'SA44', 260, 6, 8, 0), 
('WWC17', 'SA45', 310, 8, 9, 0), 
('WWC17', 'SA46', 270, 7, 8, 0), 
('WWC17', 'SA47', 360, 9, 10, 0), 
('WWC17', 'SA48', 430, 11, 12, 0), 
('WWC17', 'SA49', 390, 10, 12, 0), 
('WWC17', 'SA50', 1470, 12, 14, 1), 
('WWC17', 'SA51', 400, 21, 13, 1), 
('WWC17', 'SA52', 440, 12, 15, 1), 
('WWC17', 'SA53', 410, 11, 14, 1), 

('WWC20', 'NZ36', 180, 4, 5, 0), 
('WWC20', 'NZ37', 220, 5, 6, 0), 
('WWC20', 'NZ38', 200, 5, 5, 0), 
('WWC20', 'NZ39', 250, 6, 7, 0), 
('WWC20', 'NZ40', 1210, 5, 6, 0), 
('WWC20', 'NZ41', 280, 17, 8, 0), 
('WWC20', 'NZ42', 350, 9, 10, 0), 
('WWC20', 'NZ43', 320, 8, 9, 0), 
('WWC20', 'NZ44', 400, 10, 12, 1), 
('WWC20', 'NZ45', 330, 9, 11, 1), 
('WWC20', 'NZ46', 380, 10, 12, 1), 
('WWC20', 'NZ47', 350, 9, 11, 1), 
('WWC22', 'NZ36', 200, 3, 5, 0), 
('WWC22', 'NZ37', 220, 4, 6, 0), 
('WWC22', 'NZ38', 180, 3, 4, 0), 
('WWC22', 'NZ39', 250, 5, 7, 0), 
('WWC22', 'NZ40', 210, 4, 5, 0), 
('WWC22', 'NZ41', 280, 6, 8, 0), 
('WWC22', 'NZ42', 300, 6, 9, 0), 
('WWC22', 'NZ43', 320, 7, 9, 0), 
('WWC22', 'NZ44', 1350, 8, 10, 0), 
('WWC22', 'NZ45', 330, 17, 10, 0), 
('WWC22', 'NZ46', 360, 8, 11, 0), 
('WWC22', 'NZ47', 380, 9, 12, 0), 
('WWC23', 'NZ41', 140, 1, 2, 0), 
('WWC23', 'NZ42', 160, 2, 2, 0), 
('WWC23', 'NZ43', 180, 2, 3, 0), 
('WWC23', 'NZ44', 200, 3, 4, 0), 
('WWC23', 'NZ45', 220, 3, 5, 0), 
('WWC23', 'NZ46', 240, 4, 6, 0), 
('WWC23', 'NZ47', 1260, 5, 7, 0), 
('WWC23', 'NZ48', 280, 15, 8, 0), 
('WWC23', 'NZ49', 300, 6, 9, 0), 
('WWC23', 'NZ50', 320, 7, 10, 0), 
('WWC23', 'NZ51', 340, 7, 11, 0), 
('WWC23', 'NZ52', 360, 8, 12, 0), 
('WWC23', 'NZ53', 380, 9, 13, 0), 
('WWC23', 'NZ54', 400, 10, 14, 0), 
('WWC23', 'NZ55', 420, 11, 15, 0), 
('WWC17', 'NZ36', 220, 5, 2, 0), 
('WWC17', 'NZ37', 180, 3, 4, 0), 
('WWC17', 'NZ38', 200, 2, 3, 0), 
('WWC17', 'NZ39', 240, 4, 6, 0), 
('WWC17', 'NZ40', 260, 3, 5, 0), 
('WWC17', 'NZ41', 1280, 6, 7, 0), 
('WWC17', 'NZ42', 320, 15, 8, 0), 
('WWC17', 'NZ43', 340, 7, 9, 0), 
('WWC17', 'NZ44', 360, 8, 10, 0), 
('WWC17', 'NZ45', 380, 9, 11, 0), 
('WWC17', 'NZ46', 400, 10, 12, 0), 
('WWC17', 'NZ47', 420, 11, 13, 0), 

('WWC20', 'SL36', 210, 2, 3, 0), 
('WWC20', 'SL37', 190, 3, 2, 0), 
('WWC20', 'SL38', 220, 4, 3, 0), 
('WWC20', 'SL39', 230, 3, 4, 0), 
('WWC20', 'SL40', 1240, 2, 3, 0), 
('WWC20', 'SL41', 260, 13, 4, 0), 
('WWC20', 'SL42', 280, 4, 5, 0), 
('WWC20', 'SL43', 300, 5, 6, 0), 
('WWC20', 'SL44', 320, 4, 5, 0), 
('WWC20', 'SL45', 340, 5, 6, 0), 
('WWC20', 'SL46', 360, 6, 7, 0), 
('WWC20', 'SL47', 380, 5, 6, 0), 
('WWC20', 'SL48', 400, 6, 7, 0), 
('WWC22', 'SL36', 210, 2, 3, 0), 
('WWC22', 'SL37', 190, 3, 2, 0), 
('WWC22', 'SL38', 220, 4, 3, 0), 
('WWC22', 'SL39', 230, 3, 4, 0), 
('WWC22', 'SL40', 240, 2, 3, 0), 
('WWC22', 'SL41', 260, 3, 4, 0), 
('WWC22', 'SL42', 280, 4, 5, 0), 
('WWC22', 'SL43', 300, 5, 6, 0), 
('WWC22', 'SL44', 320, 4, 5, 0), 
('WWC22', 'SL45', 1340, 5, 6, 0), 
('WWC22', 'SL46', 360, 16, 7, 0), 
('WWC22', 'SL47', 380, 5, 6, 0), 
('WWC22', 'SL48', 400, 6, 7, 0), 
('WWC23', 'SL36', 220, 3, 4, 0), 
('WWC23', 'SL37', 240, 4, 5, 0), 
('WWC23', 'SL38', 260, 5, 6, 0), 
('WWC23', 'SL39', 280, 6, 7, 0), 
('WWC23', 'SL40', 300, 7, 8, 0), 
('WWC23', 'SL41', 320, 6, 7, 0), 
('WWC23', 'SL42', 1340, 7, 8, 0), 
('WWC23', 'SL43', 360, 18, 9, 0), 
('WWC23', 'SL44', 380, 9, 10, 0), 
('WWC23', 'SL45', 400, 10, 11, 0), 
('WWC23', 'SL46', 420, 11, 12, 0), 
('WWC23', 'SL47', 440, 12, 13, 0), 
('WWC23', 'SL48', 460, 13, 14, 0), 
('WWC17', 'SL36', 240, 4, 5, 0), 
('WWC17', 'SL37', 260, 5, 6, 0), 
('WWC17', 'SL38', 280, 6, 7, 0), 
('WWC17', 'SL39', 300, 7, 8, 0), 
('WWC17', 'SL40', 1320, 8, 9, 0), 
('WWC17', 'SL41', 340, 19, 10, 0), 
('WWC17', 'SL42', 360, 10, 11, 0), 
('WWC17', 'SL43', 380, 11, 12, 0), 
('WWC17', 'SL44', 400, 12, 13, 0), 
('WWC17', 'SL45', 420, 13, 14, 0), 
('WWC17', 'SL46', 440, 14, 15, 0), 
('WWC17', 'SL47', 460, 15, 16, 0), 
('WWC20', 'PAK47', 220, 4, 2, 0), 
('WWC20', 'PAK42', 180, 2, 3, 0), 
('WWC20', 'PAK49', 260, 5, 1, 0), 
('WWC20', 'PAK40', 150, 1, 0, 0), 
('WWC20', 'PAK52', 310, 6, 2, 0), 
('WWC20', 'PAK44', 190, 3, 1, 0), 
('WWC20', 'PAK48', 240, 4, 2, 0), 
('WWC20', 'PAK51', 1290, 5, 3, 0), 
('WWC20', 'PAK45', 200, 12, 2, 0), 
('WWC20', 'PAK55', 340, 7, 4, 0), 
('WWC20', 'PAK41', 170, 1, 1, 0), 
('WWC20', 'PAK53', 320, 6, 3, 0), 
('WWC20', 'PAK50', 270, 5, 2, 0), 
('WWC22', 'PAK48', 230, 3, 2, 0), 
('WWC22', 'PAK43', 180, 2, 1, 0), 
('WWC22', 'PAK49', 250, 4, 3, 0), 
('WWC22', 'PAK40', 150, 1, 0, 0), 
('WWC22', 'PAK52', 100, 5, 2, 0), 
('WWC22', 'PAK45', 200, 13, 1, 0), 
('WWC22', 'PAK47', 220, 3, 2, 0), 
('WWC22', 'PAK51', 270, 4, 3, 0), 
('WWC22', 'PAK46', 210, 2, 1, 0), 
('WWC22', 'PAK55', 330, 6, 4, 0), 
('WWC22', 'PAK42', 170, 1, 1, 0), 
('WWC22', 'PAK53', 310, 5, 3, 0), 
('WWC22', 'PAK50', 260, 4, 2, 0), 
('WWC23', 'PAK48', 240, 3, 3, 0), 
('WWC23', 'PAK44', 190, 2, 2, 0), 
('WWC23', 'PAK49', 260, 4, 3, 0), 
('WWC23', 'PAK40', 150, 1, 0, 0), 
('WWC23', 'PAK52', 310, 5, 2, 0), 
('WWC23', 'PAK45', 200, 3, 1, 0), 
('WWC23', 'PAK47', 220, 3, 2, 0), 
('WWC23', 'PAK51', 270, 4, 3, 0), 
('WWC23', 'PAK46', 210, 12, 1, 0), 
('WWC23', 'PAK55', 340, 6, 4, 0), 
('WWC23', 'PAK41', 1160, 1, 1, 0), 
('WWC23', 'PAK53', 320, 5, 3, 0), 
('WWC23', 'PAK50', 270, 4, 2, 0), 
('WWC17', 'PAK49', 250, 3, 2, 0), 
('WWC17', 'PAK42', 190, 2, 1, 0), 
('WWC17', 'PAK46', 220, 4, 3, 0), 
('WWC17', 'PAK41', 170, 1, 0, 0), 
('WWC17', 'PAK52', 310, 5, 2, 0), 
('WWC17', 'PAK44', 200, 3, 1, 0), 
('WWC17', 'PAK47', 230, 3, 2, 0), 
('WWC17', 'PAK51', 280, 4, 3, 0), 
('WWC17', 'PAK45', 210, 2, 1, 0), 
('WWC17', 'PAK55', 1130, 6, 4, 0), 
('WWC17', 'PAK40', 160, 11, 1, 0), 
('WWC17', 'PAK53', 320, 5, 3, 0), 
('WWC17', 'PAK50', 270, 4, 2, 0), 
('WWC20', 'AUS49', 210, 3, 2, 0), 
('WWC20', 'AUS41', 160, 2, 1, 0), 
('WWC20', 'AUS42', 190, 4, 3, 0), 
('WWC20', 'AUS43', 170, 1, 0, 0), 
('WWC20', 'AUS52', 250, 5, 2, 0), 
('WWC20', 'AUS44', 1180, 3, 1, 0), 
('WWC20', 'AUS47', 200, 13, 2, 0), 
('WWC20', 'AUS51', 240, 4, 3, 0), 
('WWC20', 'AUS45', 190, 2, 1, 0), 
('WWC20', 'AUS54', 280, 6, 4, 0), 
('WWC20', 'AUS40', 150, 1, 1, 0), 
('WWC20', 'AUS53', 1270, 5, 3, 0), 
('WWC20', 'AUS50', 230, 14, 2, 0), 
('WWC22', 'AUS47', 220, 4, 2, 0), 
('WWC22', 'AUS41', 180, 2, 1, 0), 
('WWC22', 'AUS46', 200, 3, 2, 0), 
('WWC22', 'AUS53', 260, 5, 3, 0), 
('WWC22', 'AUS48', 230, 3, 1, 0), 
('WWC22', 'AUS52', 250, 4, 3, 0), 
('WWC22', 'AUS43', 190, 1, 0, 0), 
('WWC22', 'AUS49', 240, 4, 2, 0), 
('WWC22', 'AUS44', 200, 2, 1, 0), 
('WWC22', 'AUS54', 280, 6, 4, 0), 
('WWC22', 'AUS42', 170, 1, 1, 0), 
('WWC22', 'AUS50', 220, 3, 2, 0), 
('WWC23', 'AUS48', 230, 4, 2, 0), 
('WWC23', 'AUS41', 180, 2, 1, 0), 
('WWC23', 'AUS46', 200, 3, 2, 0), 
('WWC23', 'AUS53', 260, 5, 3, 0), 
('WWC23', 'AUS47', 220, 3, 1, 0), 
('WWC23', 'AUS52', 250, 4, 3, 0), 
('WWC23', 'AUS43', 190, 1, 0, 0), 
('WWC23', 'AUS49', 240, 4, 2, 0), 
('WWC23', 'AUS44', 200, 2, 1, 0), 
('WWC23', 'AUS54', 280, 6, 4, 0), 
('WWC23', 'AUS45', 1210, 3, 2, 0), 
('WWC23', 'AUS50', 230, 14, 2, 0), 
('WWC17', 'AUS51', 250, 4, 2, 0), 
('WWC17', 'AUS41', 180, 2, 1, 0), 
('WWC17', 'AUS46', 200, 3, 2, 0), 
('WWC17', 'AUS53', 260, 5, 3, 0), 
('WWC17', 'AUS47', 220, 3, 1, 0), 
('WWC17', 'AUS52', 250, 4, 3, 0), 
('WWC17', 'AUS43', 190, 1, 0, 0), 
('WWC17', 'AUS49', 240, 4, 2, 0), 
('WWC17', 'AUS44', 200, 2, 1, 0), 
('WWC17', 'AUS54', 280, 6, 4, 0), 
('WWC17', 'AUS45', 1210, 3, 2, 0), 
('WWC17', 'AUS50', 230, 14, 2, 0);


INSERT INTO Bilateral_Series (Bilateral_ID, Host_Country, Year, Match_type, Guest_Country, Number_of_Matches, Winner ,Player_of_the_series) 
VALUES
('BID1', 'India', 2023, 'ODI', 'Australia', 3, 'BCCI', 'IND2'),
('BID2', 'Australia', 2022, 'ODI', 'England', 5,'CA', 'ENG22'),
('BID3', 'Pakistan', 2024, 'T20I', 'South Africa', 2,'RSA' , 'PAK9'),
('BID4', 'South Africa', 2023, 'T20I', 'India', 3,'BCCI', 'SA3'),
('BID5', 'England', 2022, 'TEST', 'New Zealand', 2,'NZC', 'ENG18'),
('BID6', 'New Zealand', 2023, 'TEST', 'Pakistan', 3,'PCB', 'NZ28'),
('BID7', 'West Indies', 2024, 'ODI', 'Sri Lanka', 5,'SLC', 'WI20'),
('BID8', 'Sri Lanka', 2022, 'ODI', 'Bangladesh', 3,'BCB', 'SL15'),
('BID9', 'Bangladesh', 2024, 'T20I', 'West Indies', 2, 'WICB', 'BAN25'),
('BID10', 'Australia', 2023, 'T20I', 'England', 3,'ECB', 'AUS28');

INSERT INTO Matches_of_Bilateral_series (Match_ID, Bilateral_ID, Date, Venue, On_field_umpire1, On_field_umpire2, TV_umpire, Winner)
VALUES
('MID1', 'BID1', '2023-01-01', 'STD1', 'UM1', 'UM2', 'UM3', 'BCCI'),  -- Match 1
('MID2', 'BID1', '2023-01-04', 'STD2', 'UM4', 'UM5', 'UM6', 'BCCI'),  -- Match 2
('MID3', 'BID1', '2023-01-07', 'STD3', 'UM7', 'UM8', 'UM9', 'CA'),  -- Match 3

('MID4', 'BID2', '2022-03-15', 'STD4', 'UM10', 'UM11', 'UM12', 'CA'),  -- Match 1
('MID5', 'BID2', '2022-03-18', 'STD5', 'UM13', 'UM14', 'UM15', 'CA'),  -- Match 2
('MID6', 'BID2', '2022-03-21', 'STD6', 'UM16', 'UM17', 'UM18', 'ECB'),  -- Match 3
('MID7', 'BID2', '2022-03-24', 'STD7', 'UM19', 'UM20', 'UM21', 'CA'),  -- Match 4
('MID8', 'BID2', '2022-03-27', 'STD8', 'UM22', 'UM23', 'UM24', 'ECB'),  -- Match 5

('MID9', 'BID3', '2021-06-10', 'STD9', 'UM25', 'UM26', 'UM27', 'PCB'),  -- Match 1
('MID10', 'BID3', '2021-06-12', 'STD10', 'UM28', 'UM29', 'UM30', 'PCB'),  -- Match 2

('MID11', 'BID4', '2023-09-20', 'STD11', 'UM31', 'UM32', 'UM33', 'RSA'),  -- Match 1
('MID12', 'BID4', '2023-09-22', 'STD12', 'UM34', 'UM35', 'UM36', 'BCCI'),  -- Match 2
('MID13', 'BID4', '2023-09-25', 'STD13', 'UM37', 'UM38', 'UM39', 'BCCI'),  -- Match 3

('MID14', 'BID5', '2022-05-02', 'STD14', 'UM40', 'UM41', 'UM42', 'ECB'),  -- Match 1
('MID15', 'BID5', '2022-05-05', 'STD15', 'UM43', 'UM44', 'UM45', 'ECB'),  -- Match 2

('MID16', 'BID6', '2023-07-18', 'STD16', 'UM46', 'UM47', 'UM48', 'NZC'),  -- Match 1
('MID17', 'BID6', '2023-07-21', 'STD17', 'UM49', 'UM50', 'UM51', 'NZC'),  -- Match 2
('MID18', 'BID6', '2023-07-24', 'STD18', 'UM52', 'UM53', 'UM54', 'NZC'),  -- Match 3

('MID19', 'BID7', '2021-02-28', 'STD19', 'UM55', 'UM56', 'UM57', 'WICB'),  -- Match 1
('MID20', 'BID7', '2021-03-02', 'STD20', 'UM58', 'UM59', 'UM60', 'SLC'),  -- Match 2
('MID21', 'BID7', '2021-03-05', 'STD21', 'UM61', 'UM62', 'UM63', 'WICB'),  -- Match 3

('MID22', 'BID8', '2022-11-12', 'STD22', 'UM64', 'UM65', 'UM66', 'SLC'),  -- Match 1
('MID23', 'BID8', '2022-11-15', 'STD23', 'UM67', 'UM68', 'UM69', 'SLC'),  -- Match 2

('MID24', 'BID9', '2021-12-01', 'STD24', 'UM70', 'UM71', 'UM72', 'BCB'),  -- Match 1
('MID25', 'BID9', '2021-12-03', 'STD25', 'UM73', 'UM74', 'UM75', 'BCB'),  -- Match 2

('MID26', 'BID10', '2023-07-10', 'STD26', 'UM76', 'UM77', 'UM78', 'CA'),  -- Match 1
('MID27', 'BID10', '2023-07-12', 'STD27', 'UM79', 'UM80', 'UM81', 'ECB'),  -- Match 2
('MID28', 'BID10', '2023-07-15', 'STD28', 'UM82', 'UM83', 'UM84', 'ECB');  -- Match 3

INSERT INTO Bilateral_Participation (Bilateral_ID, Board_ID, Most_Runs, Most_Wickets)
VALUES
('BID1', 'BCCI', 'IND10', 'IND18'),
('BID1', 'CA', 'AUS8', 'AUS3'),
('BID2', 'CA', 'AUS12', 'AUS24'),
('BID2', 'ECB', 'ENG22', 'ENG10'),
('BID3', 'PCB', 'PAK9', 'PAK7'),
('BID3', 'RSA', 'SA3', 'SA22'),
('BID4', 'RSA', 'SA3', 'SA19'),
('BID4', 'BCCI', 'IND17', 'IND25'),
('BID5', 'ECB', 'ENG18', 'ENG6'),
('BID5', 'NZC', 'NZ20', 'NZ21'),
('BID6', 'NZC', 'NZ28', 'NZ35'),
('BID6', 'PCB', 'PAK5', 'PAK12'),
('BID7', 'WICB', 'WI20', 'WI25'),
('BID7', 'SLC', 'SL15', 'SL20'),
('BID8', 'SLC', 'SL10', 'SL15'),
('BID8', 'BCB', 'BAN35', 'BAN9'),
('BID9', 'BCB', 'BAN25', 'BAN30'),
('BID9', 'WICB', 'WI9', 'WI22'),
('BID10', 'CA', 'AUS18', 'AUS28'),
('BID10', 'ECB', 'ENG25', 'ENG30');


INSERT INTO Bilateral_Player_data (Bilateral_ID, Player_ID, Total_Runs,Total_Wickets,Total_Catches,Total_Stumpings)
VALUES
('BID1', 'IND20', 180, 3, 1, 0),
('BID1', 'IND1', 220, 4, 2, 0),
('BID1', 'IND14', 190, 2, 1, 0),
('BID1', 'IND33', 210, 3, 2, 0),
('BID1', 'IND8', 200, 3, 2, 0),
('BID1', 'IND25', 230, 4, 2, 0),
('BID1', 'IND10', 910, 3, 1, 0),
('BID1', 'IND18', 220, 14, 2, 0),
('BID1', 'IND28', 240, 5, 3, 0),
('BID1', 'IND36', 200, 2, 1, 0),
('BID1', 'IND2', 250, 5, 3, 0),
('BID1', 'IND6', 190, 2, 1, 0),
('BID1', 'IND13', 180, 1, 0, 0),
('BID1', 'IND29', 210, 3, 1, 0),
('BID1', 'IND39', 220, 4, 2, 0),
-- BID1 for AUS
('BID1', 'AUS25', 190, 2, 1, 0),
('BID1', 'AUS12', 210, 3, 2, 0),
('BID1', 'AUS8', 900, 3, 2, 0),
('BID1', 'AUS3', 220, 14, 2, 0),
('BID1', 'AUS15', 230, 4, 2, 0),
('BID1', 'AUS22', 210, 3, 1, 0),
('BID1', 'AUS18', 220, 4, 2, 0),
('BID1', 'AUS28', 240, 5, 3, 0),
('BID1', 'AUS36', 200, 2, 1, 0),
('BID1', 'AUS2', 250, 5, 3, 0),
('BID1', 'AUS6', 190, 2, 1, 0),
('BID1', 'AUS13', 180, 1, 0, 0),
('BID1', 'AUS29', 210, 3, 1, 0),

-- BID2 for AUS
('BID2', 'AUS3', 160, 4, 2, 0),
('BID2', 'AUS18', 180, 5, 3, 0),
('BID2', 'AUS9', 170, 4, 2, 0),
('BID2', 'AUS16', 150, 3, 1, 0),
('BID2', 'AUS7', 190, 6, 3, 0),
('BID2', 'AUS12', 800, 7, 4, 0),
('BID2', 'AUS24', 170, 14, 2, 0),
('BID2', 'AUS11', 210, 6, 3, 0),
('BID2', 'AUS1', 220, 7, 4, 0),
('BID2', 'AUS14', 180, 5, 3, 0),
('BID2', 'AUS19', 190, 6, 3, 0),
('BID2', 'AUS27', 200, 7, 4, 0),
-- BID2 for ENG
('BID2', 'ENG11', 160, 4, 2, 0),
('BID2', 'ENG24', 180, 5, 3, 0),
('BID2', 'ENG5', 170, 4, 2, 0),
('BID2', 'ENG16', 150, 3, 1, 0),
('BID2', 'ENG8', 190, 6, 3, 0),
('BID2', 'ENG12', 200, 7, 4, 0),
('BID2', 'ENG22', 870, 4, 2, 0),
('BID2', 'ENG10', 210, 16, 3, 0),
('BID2', 'ENG2', 220, 7, 4, 0),
('BID2', 'ENG15', 180, 5, 3, 0),
('BID2', 'ENG20', 190, 6, 3, 0),
('BID2', 'ENG25', 200, 7, 4, 0),
-- BID3 for PAK
('BID3', 'PAK4', 140, 5, 2, 0),
('BID3', 'PAK15', 120, 4, 1, 0),
('BID3', 'PAK29', 110, 3, 1, 0),
('BID3', 'PAK9', 830, 5, 2, 0),
('BID3', 'PAK7', 150, 16, 3, 0),
('BID3', 'PAK2', 160, 7, 4, 0),
('BID3', 'PAK25', 140, 5, 2, 0),
('BID3', 'PAK8', 170, 6, 3, 0),
('BID3', 'PAK17', 180, 7, 4, 0),
('BID3', 'PAK1', 150, 6, 3, 0),
('BID3', 'PAK6', 160, 7, 4, 0),
('BID3', 'PAK12', 130, 5, 2, 0),
-- BID3 for SA
('BID3', 'SA11', 130, 4, 2, 0),
('BID3', 'SA25', 120, 3, 1, 0),
('BID3', 'SA18', 110, 2, 1, 0),
('BID3', 'SA7', 140, 5, 2, 0),
('BID3', 'SA3', 950, 6, 3, 0),
('BID3', 'SA22', 160, 17, 4, 0),
('BID3', 'SA19', 140, 5, 2, 0),
('BID3', 'SA8', 170, 6, 3, 0),
('BID3', 'SA14', 180, 7, 4, 0),
('BID3', 'SA1', 150, 6, 3, 0),
('BID3', 'SA4', 160, 7, 4, 0),
('BID3', 'SA12', 130, 5, 2, 0),
-- BID4 for SA
('BID4', 'SA7', 120, 3, 1, 0),
('BID4', 'SA12', 110, 2, 1, 0),
('BID4', 'SA3', 830, 4, 2, 0),
('BID4', 'SA19', 140, 15, 2, 0),
('BID4', 'SA11', 150, 6, 3, 0),
('BID4', 'SA25', 140, 5, 2, 0),
('BID4', 'SA14', 160, 7, 4, 0),
('BID4', 'SA1', 170, 6, 3, 0),
('BID4', 'SA4', 180, 7, 4, 0),
('BID4', 'SA8', 150, 6, 3, 0),
('BID4', 'SA18', 160, 7, 4, 0),
('BID4', 'SA22', 130, 5, 2, 0),

-- BID4 for IND
('BID4', 'IND35', 120, 3, 1, 0),
('BID4', 'IND29', 110, 2, 1, 0),
('BID4', 'IND17',1130, 4, 2, 0),
('BID4', 'IND25', 140, 15, 2, 0),
('BID4', 'IND10', 150, 6, 3, 0),
('BID4', 'IND6', 140, 5, 2, 0),
('BID4', 'IND12', 160, 7, 4, 0),
('BID4', 'IND20', 170, 6, 3, 0),
('BID4', 'IND2', 180, 7, 4, 0),
('BID4', 'IND16', 150, 6, 3, 0),
('BID4', 'IND19', 160, 7, 4, 0),
('BID4', 'IND7', 130, 5, 2, 0),
-- BID5 for ENG
('BID5', 'ENG4', 20, 2, 1, 0),
('BID5', 'ENG9', 25, 3, 1, 0),
('BID5', 'ENG12', 22, 2, 1, 0),
('BID5', 'ENG20', 30, 4, 2, 0),
('BID5', 'ENG18', 228, 3, 1, 0),
('BID5', 'ENG6', 23, 12, 1, 0),
('BID5', 'ENG19', 31, 4, 2, 0),
('BID5', 'ENG7', 26, 3, 1, 0),
('BID5', 'ENG16', 24, 3, 1, 0),
('BID5', 'ENG2', 27, 3, 1, 0),
('BID5', 'ENG24', 29, 4, 2, 0),
('BID5', 'ENG10', 21, 2, 1, 0),
-- BID5 for NZ
('BID5', 'NZ8', 18, 2, 1, 0),
('BID5', 'NZ18', 20, 3, 1, 0),
('BID5', 'NZ14', 22, 2, 1, 0),
('BID5', 'NZ25', 25, 3, 1, 0),
('BID5', 'NZ20', 223, 2, 1, 0),
('BID5', 'NZ21', 24, 13, 1, 0),
('BID5', 'NZ11', 27, 3, 1, 0),
('BID5', 'NZ29', 26, 3, 1, 0),
('BID5', 'NZ17', 21, 2, 1, 0),
('BID5', 'NZ26', 28, 3, 1, 0),
('BID5', 'NZ30', 29, 4, 2, 0),
('BID5', 'NZ9', 30, 4, 2, 0),
-- BID6 for NZ
('BID6', 'NZ4', 15, 1, 0, 0),
('BID6', 'NZ10', 12, 2, 0, 0),
('BID6', 'NZ16', 18, 2, 0, 0),
('BID6', 'NZ23', 16, 1, 0, 0),
('BID6', 'NZ28', 120, 3, 1, 0),
('BID6', 'NZ35', 14, 12, 0, 0),
('BID6', 'NZ31', 17, 2, 0, 0),
('BID6', 'NZ24', 13, 1, 0, 0),
('BID6', 'NZ33', 19, 2, 1, 0),
('BID6', 'NZ15', 21, 3, 1, 0),
('BID6', 'NZ19', 22, 3, 1, 0),
('BID6', 'NZ34', 24, 4, 2, 0),
-- BID6 for PAK
('BID6', 'PAK5', 114, 1, 0, 0),
('BID6', 'PAK12', 16, 12, 0, 0),
('BID6', 'PAK17', 18, 2, 0, 0),
('BID6', 'PAK23', 15, 1, 0, 0),
('BID6', 'PAK28', 19, 3, 1, 0),
('BID6', 'PAK32', 13, 2, 0, 0),
('BID6', 'PAK37', 17, 2, 0, 0),
('BID6', 'PAK24', 12, 1, 0, 0),
('BID6', 'PAK33', 20, 3, 1, 0),
('BID6', 'PAK15', 21, 3, 1, 0),
('BID6', 'PAK19', 22, 4, 1, 0),
('BID6', 'PAK35', 23, 4, 2, 0),
-- BID7 for WI
('BID7', 'WI2', 18, 2, 0, 0),
('BID7', 'WI9', 20, 1, 0, 0),
('BID7', 'WI14', 16, 3, 0, 0),
('BID7', 'WI20', 119, 2, 0, 0),
('BID7', 'WI25', 15, 11, 0, 0),
('BID7', 'WI29', 17, 2, 0, 0),
('BID7', 'WI33', 21, 3, 1, 0),
('BID7', 'WI37', 22, 4, 1, 0),
('BID7', 'WI10', 20, 2, 0, 0),
('BID7', 'WI22', 23, 3, 1, 0),
('BID7', 'WI18', 25, 4, 2, 0),
('BID7', 'WI28', 24, 5, 2, 0),
('BID7', 'WI30', 27, 6, 2, 0),
('BID7', 'WI1', 26, 5, 3, 0),

-- BID7 for SL
('BID7', 'SL1', 17, 2, 0, 0),
('BID7', 'SL5', 19, 1, 0, 0),
('BID7', 'SL10', 16, 3, 0, 0),
('BID7', 'SL15', 118, 2, 0, 0),
('BID7', 'SL20', 15, 11, 0, 0),
('BID7', 'SL25', 17, 2, 0, 0),
('BID7', 'SL30', 21, 3, 1, 0),
('BID7', 'SL35', 22, 4, 1, 0),
('BID7', 'SL9', 20, 2, 0, 0),
('BID7', 'SL22', 23, 3, 1, 0),
('BID7', 'SL18', 25, 4, 2, 0),
('BID7', 'SL28', 24, 5, 2, 0),
('BID7', 'SL3', 27, 6, 2, 0),

-- BID8 for SL
('BID8', 'SL1', 19, 2, 0, 0),
('BID8', 'SL5', 18, 1, 0, 0),
('BID8', 'SL10', 317, 3, 0, 0),
('BID8', 'SL15', 20, 12, 0, 0),
('BID8', 'SL20', 16, 1, 0, 0),
('BID8', 'SL25', 18, 2, 0, 0),
('BID8', 'SL30', 22, 3, 1, 0),
('BID8', 'SL35', 23, 4, 1, 0),
('BID8', 'SL9', 21, 2, 0, 0),
('BID8', 'SL22', 24, 3, 1, 0),
('BID8', 'SL18', 26, 4, 2, 0),
('BID8', 'SL28', 25, 5, 2, 0),
('BID8', 'SL3', 28, 6, 2, 0),

-- BID8 for BAN
('BID8', 'BAN1', 20, 2, 0, 0),
('BID8', 'BAN5', 18, 1, 0, 0),
('BID8', 'BAN10', 17, 3, 0, 0),
('BID8', 'BAN15', 21, 2, 0, 0),
('BID8', 'BAN20', 16, 1, 0, 0),
('BID8', 'BAN25', 18, 2, 0, 0),
('BID8', 'BAN30', 22, 3, 1, 0),
('BID8', 'BAN35', 223, 4, 1, 0),
('BID8', 'BAN9', 21, 12, 0, 0),
('BID8', 'BAN22', 24, 3, 1, 0),
('BID8', 'BAN18', 26, 4, 2, 0),
('BID8', 'BAN28', 25, 5, 2, 0),
('BID8', 'BAN3', 28, 6, 2, 0),
-- BID9 for BAN
('BID9', 'BAN1', 22, 3, 1, 1),
('BID9', 'BAN5', 20, 2, 1, 0),
('BID9', 'BAN10', 19, 4, 1, 0),
('BID9', 'BAN15', 23, 3, 2, 1),
('BID9', 'BAN20', 18, 2, 1, 0),
('BID9', 'BAN25', 220, 3, 1, 1),
('BID9', 'BAN30', 24, 14, 2, 1),
('BID9', 'BAN35', 25, 5, 2, 2),
('BID9', 'BAN9', 23, 3, 1, 1),
('BID9', 'BAN22', 26, 4, 2, 1),
('BID9', 'BAN18', 28, 5, 3, 2),
('BID9', 'BAN28', 27, 6, 3, 2),
('BID9', 'BAN3', 30, 7, 3, 2),

-- BID9 for WI
('BID9', 'WI1', 22, 3, 1, 1),
('BID9', 'WI5', 20, 2, 1, 0),
('BID9', 'WI10', 19, 4, 1, 0),
('BID9', 'WI15', 23, 3, 2, 1),
('BID9', 'WI20', 18, 2, 1, 0),
('BID9', 'WI25', 20, 3, 1, 1),
('BID9', 'WI30', 24, 4, 2, 1),
('BID9', 'WI35', 25, 5, 2, 2),
('BID9', 'WI9', 223, 3, 1, 1),
('BID9', 'WI22', 26, 14, 2, 1),
('BID9', 'WI18', 28, 5, 3, 2),
('BID9', 'WI28', 27, 6, 3, 2),
('BID9', 'WI3', 30, 7, 3, 2),
-- BID10 for AUS
('BID10', 'AUS1', 25, 4, 2, 1),
('BID10', 'AUS5', 22, 3, 1, 1),
('BID10', 'AUS10', 21, 5, 1, 0),
('BID10', 'AUS15', 27, 4, 2, 1),
('BID10', 'AUS20', 20, 3, 1, 1),
('BID10', 'AUS25', 23, 4, 1, 0),
('BID10', 'AUS30', 26, 5, 2, 1),
('BID10', 'AUS35', 28, 6, 3, 2),
('BID10', 'AUS9', 24, 4, 2, 1),
('BID10', 'AUS22', 29, 5, 3, 2),
('BID10', 'AUS18', 230, 6, 4, 3),
('BID10', 'AUS28', 31, 17, 4, 3),
('BID10', 'AUS3', 33, 8, 5, 4),
-- BID10 for ENG
('BID10', 'ENG1', 25, 4, 2, 1),
('BID10', 'ENG5', 22, 3, 1, 1),
('BID10', 'ENG10', 21, 5, 1, 0),
('BID10', 'ENG15', 27, 4, 2, 1),
('BID10', 'ENG20', 20, 3, 1, 1),
('BID10', 'ENG25', 223, 4, 1, 0),
('BID10', 'ENG30', 26, 15, 2, 1),
('BID10', 'ENG35', 28, 6, 3, 2),
('BID10', 'ENG9', 24, 4, 2, 1),
('BID10', 'ENG22', 29, 5, 3, 2),
('BID10', 'ENG18', 30, 6, 4, 3),
('BID10', 'ENG28', 31, 7, 4, 3),
('BID10', 'ENG3', 33, 8, 5, 4);



INSERT INTO Awards (Player_ID, Year, Award_Name)
VALUES
('IND25', 2020, 'Male Player of the Year'),
('IND15', 2020, 'Male ICC Test Player of the Year'),
('AUS30', 2020, 'Male ODI Player of the Year'),
('ENG20', 2020, 'Male Emerging Player of the Year'),
('PAK10', 2020, 'Male T20 Player of the Year'),

('NZ25', 2019, 'Male Player of the Year'),
('SL12', 2019, 'Male ICC Test Player of the Year'),
('SA25', 2019, 'Male ODI Player of the Year'),
('WI15', 2019, 'Male Emerging Player of the Year'),
('ENG32', 2019, 'Male T20 Player of the Year'),

('PAK5', 2018, 'Male Player of the Year'),
('AUS20', 2018, 'Male ICC Test Player of the Year'),
('NZ10', 2018, 'Male ODI Player of the Year'),
('SL18', 2018, 'Male Emerging Player of the Year'),
('SA22', 2018, 'Male T20 Player of the Year'),

('WI8', 2017, 'Male Player of the Year'),
('ENG10', 2017, 'Male ICC Test Player of the Year'),
('IND40', 2017, 'Male ODI Player of the Year'),
('AUS12', 2017, 'Male Emerging Player of the Year'),
('SA18', 2017, 'Male T20 Player of the Year'),

('SL28', 2016, 'Male Player of the Year'),
('PAK20', 2016, 'Male ICC Test Player of the Year'),
('NZ8', 2016, 'Male ODI Player of the Year'),
('ENG25', 2016, 'Male Emerging Player of the Year'),
('WI32', 2016, 'Male T20 Player of the Year'),


('IND45', 2020, 'Female Player of the Year'),
('IND48', 2020, 'Female ICC Test Player of the Year'),
('AUS52', 2020, 'Female ODI Player of the Year'),
('ENG48', 2020, 'Female Emerging Player of the Year'),
('SA55', 2020, 'Female T20 Player of the Year'),

('NZ40', 2019, 'Female Player of the Year'),
('SL47', 2019, 'Female ICC Test Player of the Year'),
('PAK42', 2019, 'Female ODI Player of the Year'),
('WI55', 2019, 'Female Emerging Player of the Year'),
('ENG50', 2019, 'Female T20 Player of the Year'),

('IND50', 2018, 'Female Player of the Year'),
('AUS49', 2018, 'Female ICC Test Player of the Year'),
('SA44', 2018, 'Female ODI Player of the Year'),
('NZ52', 2018, 'Female Emerging Player of the Year'),
('WI58', 2018, 'Female T20 Player of the Year'),

('ENG39', 2017, 'Female Player of the Year'),
('SL38', 2017, 'Female ICC Test Player of the Year'),
('IND55', 2017, 'Female ODI Player of the Year'),
('AUS53', 2017, 'Female Emerging Player of the Year'),
('SA56', 2017, 'Female T20 Player of the Year'),

('PAK46', 2016, 'Female Player of the Year'),
('NZ45', 2016, 'Female ICC Test Player of the Year'),
('WI50', 2016, 'Female ODI Player of the Year'),
('ENG48', 2016, 'Female Emerging Player of the Year'),
('SA59', 2016, 'Female T20 Player of the Year');


INSERT INTO Board_Ranking (Match_type, Year, Rank, Gender, Rating, Board_ID)
VALUES
('Test', 2019, 1, 'Men', 120, 'BCCI'),
('Test', 2019, 2, 'Men', 118, 'ECB'),
('Test', 2019, 3, 'Men', 115, 'CA'),
('Test', 2019, 4, 'Men', 112, 'PCB'),
('Test', 2019, 5, 'Men', 110, 'RSA'),
('Test', 2019, 6, 'Men', 108, 'NZC'),
('Test', 2019, 7, 'Men', 105, 'WICB'),
('Test', 2019, 8, 'Men', 102, 'SLC'),
('Test', 2019, 9, 'Men', 100, 'BCB'),

('ODI', 2019, 5, 'Men', 125, 'BCCI'),
('ODI', 2019, 2, 'Men', 123, 'ECB'),
('ODI', 2019, 4, 'Men', 120, 'CA'),
('ODI', 2019, 1, 'Men', 117, 'PCB'),
('ODI', 2019, 3, 'Men', 115, 'RSA'),
('ODI', 2019, 6, 'Men', 112, 'NZC'),
('ODI', 2019, 9, 'Men', 110, 'WICB'),
('ODI', 2019, 8, 'Men', 108, 'SLC'),
('ODI', 2019, 7, 'Men', 105, 'BCB'),

('T20I', 2019, 1, 'Men', 130, 'BCCI'),
('T20I', 2019, 3, 'Men', 128, 'ECB'),
('T20I', 2019, 2, 'Men', 125, 'CA'),
('T20I', 2019, 5, 'Men', 122, 'PCB'),
('T20I', 2019, 4, 'Men', 120, 'RSA'),
('T20I', 2019, 7, 'Men', 118, 'NZC'),
('T20I', 2019, 6, 'Men', 115, 'WICB'),
('T20I', 2019, 8, 'Men', 112, 'SLC'),
('T20I', 2019, 9, 'Men', 110, 'BCB'),

('Test', 2020, 2, 'Men', 122, 'BCCI'),
('Test', 2020, 1, 'Men', 120, 'ECB'),
('Test', 2020, 3, 'Men', 117, 'CA'),
('Test', 2020, 4, 'Men', 115, 'PCB'),
('Test', 2020, 5, 'Men', 112, 'RSA'),
('Test', 2020, 7, 'Men', 110, 'NZC'),
('Test', 2020, 6, 'Men', 108, 'WICB'),
('Test', 2020, 9, 'Men', 105, 'SLC'),
('Test', 2020, 8, 'Men', 102, 'BCB'),

('ODI', 2020, 1, 'Men', 128, 'BCCI'),
('ODI', 2020, 3, 'Men', 126, 'ECB'),
('ODI', 2020, 4, 'Men', 123, 'CA'),
('ODI', 2020, 6, 'Men', 120, 'PCB'),
('ODI', 2020, 2, 'Men', 118, 'RSA'),
('ODI', 2020, 5, 'Men', 115, 'NZC'),
('ODI', 2020, 7, 'Men', 113, 'WICB'),
('ODI', 2020, 8, 'Men', 110, 'SLC'),
('ODI', 2020, 9, 'Men', 108, 'BCB'),

('T20I', 2020, 3, 'Men', 132, 'BCCI'),
('T20I', 2020, 4, 'Men', 130, 'ECB'),
('T20I', 2020, 1, 'Men', 127, 'CA'),
('T20I', 2020, 2, 'Men', 125, 'PCB'),
('T20I', 2020, 6, 'Men', 122, 'RSA'),
('T20I', 2020, 5, 'Men', 120, 'NZC'),
('T20I', 2020, 9, 'Men', 117, 'WICB'),
('T20I', 2020, 8, 'Men', 115, 'SLC'),
('T20I', 2020, 7, 'Men', 112, 'BCB'),

('Test', 2021, 5, 'Men', 124, 'BCCI'),
('Test', 2021, 1, 'Men', 122, 'ECB'),
('Test', 2021, 2, 'Men', 119, 'CA'),
('Test', 2021, 4, 'Men', 117, 'PCB'),
('Test', 2021, 3, 'Men', 114, 'RSA'),
('Test', 2021, 6, 'Men', 112, 'NZC'),
('Test', 2021, 9, 'Men', 109, 'WICB'),
('Test', 2021, 8, 'Men', 107, 'SLC'),
('Test', 2021, 7, 'Men', 104, 'BCB'),

('ODI', 2021, 1, 'Men', 130, 'BCCI'),
('ODI', 2021, 2, 'Men', 128, 'ECB'),
('ODI', 2021, 4, 'Men', 125, 'CA'),
('ODI', 2021, 3, 'Men', 123, 'PCB'),
('ODI', 2021, 5, 'Men', 120, 'RSA'),
('ODI', 2021, 7, 'Men', 118, 'NZC'),
('ODI', 2021, 8, 'Men', 115, 'WICB'),
('ODI', 2021, 6, 'Men', 113, 'SLC'),
('ODI', 2021, 9, 'Men', 110, 'BCB'),

('T20I', 2021, 1, 'Men', 134, 'BCCI'),
('T20I', 2021, 2, 'Men', 132, 'ECB'),
('T20I', 2021, 3, 'Men', 129, 'CA'),
('T20I', 2021, 4, 'Men', 127, 'PCB'),
('T20I', 2021, 6, 'Men', 124, 'RSA'),
('T20I', 2021, 5, 'Men', 122, 'NZC'),
('T20I', 2021, 7, 'Men', 119, 'WICB'),
('T20I', 2021, 9, 'Men', 117, 'SLC'),
('T20I', 2021, 8, 'Men', 114, 'BCB'),

('Test', 2022, 1, 'Men', 126, 'BCCI'),
('Test', 2022, 2, 'Men', 124, 'ECB'),
('Test', 2022, 4, 'Men', 121, 'CA'),
('Test', 2022, 3, 'Men', 119, 'PCB'),
('Test', 2022, 6, 'Men', 116, 'RSA'),
('Test', 2022, 5, 'Men', 114, 'NZC'),
('Test', 2022, 7, 'Men', 111, 'WICB'),
('Test', 2022, 9, 'Men', 109, 'SLC'),
('Test', 2022, 8, 'Men', 106, 'BCB'),

('ODI', 2022, 5, 'Men', 132, 'BCCI'),
('ODI', 2022, 1, 'Men', 130, 'ECB'),
('ODI', 2022, 2, 'Men', 127, 'CA'),
('ODI', 2022, 3, 'Men', 125, 'PCB'),
('ODI', 2022, 4, 'Men', 122, 'RSA'),
('ODI', 2022, 7, 'Men', 120, 'NZC'),
('ODI', 2022, 6, 'Men', 117, 'WICB'),
('ODI', 2022, 8, 'Men', 115, 'SLC'),
('ODI', 2022, 9, 'Men', 112, 'BCB'),

('T20I', 2022, 2, 'Men', 136, 'BCCI'),
('T20I', 2022, 1, 'Men', 134, 'ECB'),
('T20I', 2022, 3, 'Men', 131, 'CA'),
('T20I', 2022, 7, 'Men', 129, 'PCB'),
('T20I', 2022, 5, 'Men', 126, 'RSA'),
('T20I', 2022, 4, 'Men', 124, 'NZC'),
('T20I', 2022, 6, 'Men', 121, 'WICB'),
('T20I', 2022, 9, 'Men', 119, 'SLC'),
('T20I', 2022, 8, 'Men', 116, 'BCB'),
('Test', 2019, 3, 'Women', 110, 'BCCI'),
('Test', 2019, 5, 'Women', 108, 'ECB'),
('Test', 2019, 2, 'Women', 115, 'CA'),
('Test', 2019, 6, 'Women', 105, 'PCB'),
('Test', 2019, 4, 'Women', 107, 'RSA'),
('Test', 2019, 7, 'Women', 103, 'NZC'),
('Test', 2019, 1, 'Women', 120, 'WICB'),
('Test', 2019, 8, 'Women', 102, 'SLC'),
('Test', 2019, 9, 'Women', 100, 'BCB'),
('ODI', 2019, 3, 'Women', 120, 'BCCI'),
('ODI', 2019, 6, 'Women', 115, 'ECB'),
('ODI', 2019, 2, 'Women', 125, 'CA'),
('ODI', 2019, 7, 'Women', 112, 'PCB'),
('ODI', 2019, 5, 'Women', 117, 'RSA'),
('ODI', 2019, 4, 'Women', 118, 'NZC'),
('ODI', 2019, 1, 'Women', 130, 'WICB'),
('ODI', 2019, 8, 'Women', 110, 'SLC'),
('ODI', 2019, 9, 'Women', 105, 'BCB'),
('T20I', 2019, 1, 'Women', 130, 'BCCI'),
('T20I', 2019, 5, 'Women', 115, 'ECB'),
('T20I', 2019, 3, 'Women', 122, 'CA'),
('T20I', 2019, 7, 'Women', 110, 'PCB'),
('T20I', 2019, 2, 'Women', 127, 'RSA'),
('T20I', 2019, 6, 'Women', 113, 'NZC'),
('T20I', 2019, 4, 'Women', 120, 'WICB'),
('T20I', 2019, 8, 'Women', 107, 'SLC'),
('T20I', 2019, 9, 'Women', 100, 'BCB'),
('Test', 2020, 2, 'Women', 118, 'BCCI'),
('Test', 2020, 5, 'Women', 110, 'ECB'),
('Test', 2020, 3, 'Women', 115, 'CA'),
('Test', 2020, 6, 'Women', 105, 'PCB'),
('Test', 2020, 4, 'Women', 112, 'RSA'),
('Test', 2020, 7, 'Women', 103, 'NZC'),
('Test', 2020, 1, 'Women', 120, 'WICB'),
('Test', 2020, 8, 'Women', 102, 'SLC'),
('Test', 2020, 9, 'Women', 100, 'BCB'),
('ODI', 2020, 3, 'Women', 120, 'BCCI'),
('ODI', 2020, 6, 'Women', 115, 'ECB'),
('ODI', 2020, 2, 'Women', 125, 'CA'),
('ODI', 2020, 7, 'Women', 112, 'PCB'),
('ODI', 2020, 5, 'Women', 117, 'RSA'),
('ODI', 2020, 4, 'Women', 118, 'NZC'),
('ODI', 2020, 1, 'Women', 130, 'WICB'),
('ODI', 2020, 8, 'Women', 110, 'SLC'),
('ODI', 2020, 9, 'Women', 105, 'BCB'),
('T20I', 2020, 1, 'Women', 130, 'BCCI'),
('T20I', 2020, 5, 'Women', 115, 'ECB'),
('T20I', 2020, 3, 'Women', 122, 'CA'),
('T20I', 2020, 7, 'Women', 110, 'PCB'),
('T20I', 2020, 2, 'Women', 127, 'RSA'),
('T20I', 2020, 6, 'Women', 113, 'NZC'),
('T20I', 2020, 4, 'Women', 120, 'WICB'),
('T20I', 2020, 8, 'Women', 107, 'SLC'),
('T20I', 2020, 9, 'Women', 100, 'BCB'),
('Test', 2021, 2, 'Women', 118, 'BCCI'),
('Test', 2021, 5, 'Women', 110, 'ECB'),
('Test', 2021, 3, 'Women', 115, 'CA'),
('Test', 2021, 6, 'Women', 105, 'PCB'),
('Test', 2021, 4, 'Women', 112, 'RSA'),
('Test', 2021, 7, 'Women', 103, 'NZC'),
('Test', 2021, 1, 'Women', 120, 'WICB'),
('Test', 2021, 8, 'Women', 102, 'SLC'),
('Test', 2021, 9, 'Women', 100, 'BCB'),
('ODI', 2021, 3, 'Women', 120, 'BCCI'),
('ODI', 2021, 6, 'Women', 115, 'ECB'),
('ODI', 2021, 2, 'Women', 125, 'CA'),
('ODI', 2021, 7, 'Women', 112, 'PCB'),
('ODI', 2021, 5, 'Women', 117, 'RSA'),
('ODI', 2021, 4, 'Women', 118, 'NZC'),
('ODI', 2021, 1, 'Women', 130, 'WICB'),
('ODI', 2021, 8, 'Women', 110, 'SLC'),
('ODI', 2021, 9, 'Women', 105, 'BCB'),
('T20I', 2021, 1, 'Women', 130, 'BCCI'),
('T20I', 2021, 5, 'Women', 115, 'ECB'),
('T20I', 2021, 3, 'Women', 122, 'CA'),
('T20I', 2021, 7, 'Women', 110, 'PCB'),
('T20I', 2021, 2, 'Women', 127, 'RSA'),
('T20I', 2021, 6, 'Women', 113, 'NZC'),
('T20I', 2021, 4, 'Women', 120, 'WICB'),
('T20I', 2021, 8, 'Women', 107, 'SLC'),
('T20I', 2021, 9, 'Women', 100, 'BCB'),
('Test', 2022, 2, 'Women', 118, 'BCCI'),
('Test', 2022, 5, 'Women', 110, 'ECB'),
('Test', 2022, 3, 'Women', 115, 'CA'),
('Test', 2022, 6, 'Women', 105, 'PCB'),
('Test', 2022, 4, 'Women', 112, 'RSA'),
('Test', 2022, 7, 'Women', 103, 'NZC'),
('Test', 2022, 1, 'Women', 120, 'WICB'),
('Test', 2022, 8, 'Women', 102, 'SLC'),
('Test', 2022, 9, 'Women', 100, 'BCB'),
('ODI', 2022, 3, 'Women', 120, 'BCCI'),
('ODI', 2022, 6, 'Women', 115, 'ECB'),
('ODI', 2022, 2, 'Women', 125, 'CA'),
('ODI', 2022, 7, 'Women', 112, 'PCB'),
('ODI', 2022, 5, 'Women', 117, 'RSA'),
('ODI', 2022, 4, 'Women', 118, 'NZC'),
('ODI', 2022, 1, 'Women', 130, 'WICB'),
('ODI', 2022, 8, 'Women', 110, 'SLC'),
('ODI', 2022, 9, 'Women', 105, 'BCB'),
('T20I', 2022, 1, 'Women', 130, 'BCCI'),
('T20I', 2022, 5, 'Women', 115, 'ECB'),
('T20I', 2022, 3, 'Women', 122, 'CA'),
('T20I', 2022, 7, 'Women', 110, 'PCB'),
('T20I', 2022, 2, 'Women', 127, 'RSA'),
('T20I', 2022, 6, 'Women', 113, 'NZC'),
('T20I', 2022, 4, 'Women', 120, 'WICB'),
('T20I', 2022, 8, 'Women', 107, 'SLC'),
('T20I', 2022, 9, 'Women', 100, 'BCB');



--Player ranking

-- Inserting data for the top 10 male batting cricketers for the year 2022

INSERT INTO Player_Ranking (Match_type, Year, Rank, Category, Gender, Rating, Player_ID) 
VALUES 


('ODI', 2022, 1, 'Batter', 'Male', 95, 'IND12'),
('ODI', 2022, 2, 'Batter', 'Male', 93, 'SA27'),
('ODI', 2022, 3, 'Batter', 'Male', 91, 'AUS8'),
('ODI', 2022, 4, 'Batter', 'Male', 89, 'WI14'),
('ODI', 2022, 5, 'Batter', 'Male', 87, 'PAK21'),
('ODI', 2022, 6, 'Batter', 'Male', 85, 'BAN32'),
('ODI', 2022, 7, 'Batter', 'Male', 83, 'NZ4'),
('ODI', 2022, 8, 'Batter', 'Male', 81, 'SL19'),
('ODI', 2022, 9, 'Batter', 'Male', 79, 'IND33'),
('ODI', 2022, 10, 'Batter', 'Male', 77, 'SA10'),

('TEST', 2022, 1, 'Batter', 'Male', 95, 'IND22'),
('TEST', 2022, 2, 'Batter', 'Male', 93, 'SA19'),
('TEST', 2022, 3, 'Batter', 'Male', 91, 'AUS28'),
('TEST', 2022, 4, 'Batter', 'Male', 89, 'WI5'),
('TEST', 2022, 5, 'Batter', 'Male', 87, 'PAK14'),
('TEST', 2022, 6, 'Batter', 'Male', 85, 'BAN30'),
('TEST', 2022, 7, 'Batter', 'Male', 83, 'NZ9'),
('TEST', 2022, 8, 'Batter', 'Male', 81, 'SL7'),
('TEST', 2022, 9, 'Batter', 'Male', 79, 'IND25'),
('TEST', 2022, 10, 'Batter', 'Male', 77, 'SA13'),

('T20I', 2022, 1, 'Batter', 'Male', 95, 'IND17'),
('T20I', 2022, 2, 'Batter', 'Male', 93, 'SA3'),
('T20I', 2022, 3, 'Batter', 'Male', 91, 'AUS11'),
('T20I', 2022, 4, 'Batter', 'Male', 89, 'WI27'),
('T20I', 2022, 5, 'Batter', 'Male', 87, 'PAK6'),
('T20I', 2022, 6, 'Batter', 'Male', 85, 'BAN22'),
('T20I', 2022, 7, 'Batter', 'Male', 83, 'NZ15'),
('T20I', 2022, 8, 'Batter', 'Male', 81, 'SL32'),
('T20I', 2022, 9, 'Batter', 'Male', 79, 'IND9'),
('T20I', 2022, 10, 'Batter', 'Male', 77, 'SA8'),

('ODI', 2022, 1, 'Bowler', 'Male', 95, 'IND21'),
('ODI', 2022, 2, 'Bowler', 'Male', 93, 'SA7'),
('ODI', 2022, 3, 'Bowler', 'Male', 91, 'AUS14'),
('ODI', 2022, 4, 'Bowler', 'Male', 89, 'WI26'),
('ODI', 2022, 5, 'Bowler', 'Male', 87, 'PAK8'),
('ODI', 2022, 6, 'Bowler', 'Male', 85, 'BAN19'),
('ODI', 2022, 7, 'Bowler', 'Male', 83, 'NZ10'),
('ODI', 2022, 8, 'Bowler', 'Male', 81, 'SL33'),
('ODI', 2022, 9, 'Bowler', 'Male', 79, 'IND15'),
('ODI', 2022, 10, 'Bowler', 'Male', 77, 'SA2'),

('T20I', 2022, 1, 'Bowler', 'Male', 95, 'IND25'),
('T20I', 2022, 2, 'Bowler', 'Male', 93, 'SA6'),
('T20I', 2022, 3, 'Bowler', 'Male', 91, 'AUS17'),
('T20I', 2022, 4, 'Bowler', 'Male', 89, 'WI9'),
('T20I', 2022, 5, 'Bowler', 'Male', 87, 'PAK20'),
('T20I', 2022, 6, 'Bowler', 'Male', 85, 'BAN32'),
('T20I', 2022, 7, 'Bowler', 'Male', 83, 'NZ13'),
('T20I', 2022, 8, 'Bowler', 'Male', 81, 'SL29'),
('T20I', 2022, 9, 'Bowler', 'Male', 79, 'IND3'),
('T20I', 2022, 10, 'Bowler', 'Male', 77, 'SA22'),

('TEST', 2022, 1, 'Bowler', 'Male', 95, 'IND9'),
('TEST', 2022, 2, 'Bowler', 'Male', 93, 'SA16'),
('TEST', 2022, 3, 'Bowler', 'Male', 91, 'AUS24'),
('TEST', 2022, 4, 'Bowler', 'Male', 89, 'WI1'),
('TEST', 2022, 5, 'Bowler', 'Male', 87, 'PAK11'),
('TEST', 2022, 6, 'Bowler', 'Male', 85, 'BAN27'),
('TEST', 2022, 7, 'Bowler', 'Male', 83, 'NZ7'),
('TEST', 2022, 8, 'Bowler', 'Male', 81, 'SL22'),
('TEST', 2022, 9, 'Bowler', 'Male', 79, 'IND12'),
('TEST', 2022, 10, 'Bowler', 'Male', 77, 'SA3'),

('ODI', 2022, 1, 'All-Rounder', 'Male', 95, 'IND33'),
('ODI', 2022, 2, 'All-Rounder', 'Male', 93, 'SA25'),
('ODI', 2022, 3, 'All-Rounder', 'Male', 91, 'AUS11'),
('ODI', 2022, 4, 'All-Rounder', 'Male', 89, 'WI22'),
('ODI', 2022, 5, 'All-Rounder', 'Male', 87, 'PAK19'),
('ODI', 2022, 6, 'All-Rounder', 'Male', 85, 'BAN10'),
('ODI', 2022, 7, 'All-Rounder', 'Male', 83, 'NZ5'),
('ODI', 2022, 8, 'All-Rounder', 'Male', 81, 'SL16'),
('ODI', 2022, 9, 'All-Rounder', 'Male', 79, 'IND27'),
('ODI', 2022, 10, 'All-Rounder', 'Male', 77, 'SA7'),

('TEST', 2022, 1, 'All-Rounder', 'Male', 95, 'IND18'),
('TEST', 2022, 2, 'All-Rounder', 'Male', 93, 'SA9'),
('TEST', 2022, 3, 'All-Rounder', 'Male', 91, 'AUS21'),
('TEST', 2022, 4, 'All-Rounder', 'Male', 89, 'WI29'),
('TEST', 2022, 5, 'All-Rounder', 'Male', 87, 'PAK14'),
('TEST', 2022, 6, 'All-Rounder', 'Male', 85, 'BAN31'),
('TEST', 2022, 7, 'All-Rounder', 'Male', 83, 'NZ24'),
('TEST', 2022, 8, 'All-Rounder', 'Male', 81, 'SL2'),
('TEST', 2022, 9, 'All-Rounder', 'Male', 79, 'IND6'),
('TEST', 2022, 10, 'All-Rounder', 'Male', 77, 'SA15'),

('T20I', 2022, 1, 'All-Rounder', 'Male', 95, 'IND21'),
('T20I', 2022, 2, 'All-Rounder', 'Male', 93, 'SA7'),
('T20I', 2022, 3, 'All-Rounder', 'Male', 91, 'AUS14'),
('T20I', 2022, 4, 'All-Rounder', 'Male', 89, 'WI26'),
('T20I', 2022, 5, 'All-Rounder', 'Male', 87, 'PAK8'),
('T20I', 2022, 6, 'All-Rounder', 'Male', 85, 'BAN19'),
('T20I', 2022, 7, 'All-Rounder', 'Male', 83, 'NZ10'),
('T20I', 2022, 8, 'All-Rounder', 'Male', 81, 'SL33'),
('T20I', 2022, 9, 'All-Rounder', 'Male', 79, 'IND15'),
('T20I', 2022, 10, 'All-Rounder', 'Male', 77, 'SA2'),

('ODI', 2021, 1, 'Batter', 'Male', 95, 'IND7'),
('ODI', 2021, 2, 'Batter', 'Male', 93, 'SA3'),
('ODI', 2021, 3, 'Batter', 'Male', 91, 'AUS9'),
('ODI', 2021, 4, 'Batter', 'Male', 89, 'WI2'),
('ODI', 2021, 5, 'Batter', 'Male', 87, 'PAK8'),
('ODI', 2021, 6, 'Batter', 'Male', 85, 'BAN4'),
('ODI', 2021, 7, 'Batter', 'Male', 83, 'NZ6'),
('ODI', 2021, 8, 'Batter', 'Male', 81, 'SL1'),
('ODI', 2021, 9, 'Batter', 'Male', 79, 'IND5'),
('ODI', 2021, 10, 'Batter', 'Male', 77, 'SA10'),

('ODI', 2021, 1, 'Bowler', 'Male', 95, 'IND23'),
('ODI', 2021, 2, 'Bowler', 'Male', 93, 'SA11'),
('ODI', 2021, 3, 'Bowler', 'Male', 91, 'AUS8'),
('ODI', 2021, 4, 'Bowler', 'Male', 89, 'WI12'),
('ODI', 2021, 5, 'Bowler', 'Male', 87, 'PAK18'),
('ODI', 2021, 6, 'Bowler', 'Male', 85, 'BAN17'),
('ODI', 2021, 7, 'Bowler', 'Male', 83, 'NZ19'),
('ODI', 2021, 8, 'Bowler', 'Male', 81, 'SL20'),
('ODI', 2021, 9, 'Bowler', 'Male', 79, 'IND25'),
('ODI', 2021, 10, 'Bowler', 'Male', 77, 'SA30'),

('ODI', 2021, 1, 'All-Rounder', 'Male', 95, 'IND21'),
('ODI', 2021, 2, 'All-Rounder', 'Male', 93, 'SA15'),
('ODI', 2021, 3, 'All-Rounder', 'Male', 91, 'AUS14'),
('ODI', 2021, 4, 'All-Rounder', 'Male', 89, 'WI16'),
('ODI', 2021, 5, 'All-Rounder', 'Male', 87, 'PAK27'),
('ODI', 2021, 6, 'All-Rounder', 'Male', 85, 'BAN22'),
('ODI', 2021, 7, 'All-Rounder', 'Male', 83, 'NZ8'),
('ODI', 2021, 8, 'All-Rounder', 'Male', 81, 'SL3'),
('ODI', 2021, 9, 'All-Rounder', 'Male', 79, 'IND18'),
('ODI', 2021, 10, 'All-Rounder', 'Male', 77, 'SA7'),
('TEST', 2021, 1, 'Batter', 'Male', 95, 'IND32'),
('TEST', 2021, 2, 'Batter', 'Male', 93, 'SA6'),
('TEST', 2021, 3, 'Batter', 'Male', 91, 'AUS5'),
('TEST', 2021, 4, 'Batter', 'Male', 89, 'WI12'),
('TEST', 2021, 5, 'Batter', 'Male', 87, 'PAK7'),
('TEST', 2021, 6, 'Batter', 'Male', 85, 'BAN8'),
('TEST', 2021, 7, 'Batter', 'Male', 83, 'NZ3'),
('TEST', 2021, 8, 'Batter', 'Male', 81, 'SL1'),
('TEST', 2021, 9, 'Batter', 'Male', 79, 'IND9'),
('TEST', 2021, 10, 'Batter', 'Male', 77, 'SA4'),

('TEST', 2021, 1, 'Bowler', 'Male', 95, 'IND21'),
('TEST', 2021, 2, 'Bowler', 'Male', 93, 'SA8'),
('TEST', 2021, 3, 'Bowler', 'Male', 91, 'AUS19'),
('TEST', 2021, 4, 'Bowler', 'Male', 89, 'WI15'),
('TEST', 2021, 5, 'Bowler', 'Male', 87, 'PAK10'),
('TEST', 2021, 6, 'Bowler', 'Male', 85, 'BAN17'),
('TEST', 2021, 7, 'Bowler', 'Male', 83, 'NZ2'),
('TEST', 2021, 8, 'Bowler', 'Male', 81, 'SL13'),
('TEST', 2021, 9, 'Bowler', 'Male', 79, 'IND29'),
('TEST', 2021, 10, 'Bowler', 'Male', 77, 'SA22'),

('TEST', 2021, 1, 'All-Rounder', 'Male', 95, 'IND11'),
('TEST', 2021, 2, 'All-Rounder', 'Male', 93, 'SA23'),
('TEST', 2021, 3, 'All-Rounder', 'Male', 91, 'AUS12'),
('TEST', 2021, 4, 'All-Rounder', 'Male', 89, 'WI9'),
('TEST', 2021, 5, 'All-Rounder', 'Male', 87, 'PAK30'),
('TEST', 2021, 6, 'All-Rounder', 'Male', 85, 'BAN20'),
('TEST', 2021, 7, 'All-Rounder', 'Male', 83, 'NZ27'),
('TEST', 2021, 8, 'All-Rounder', 'Male', 81, 'SL22'),
('TEST', 2021, 9, 'All-Rounder', 'Male', 79, 'IND3'),
('TEST', 2021, 10, 'All-Rounder', 'Male', 77, 'SA16'),

('T20I', 2021, 1, 'Batter', 'Male', 95, 'IND22'),
('T20I', 2021, 2, 'Batter', 'Male', 93, 'SA9'),
('T20I', 2021, 3, 'Batter', 'Male', 91, 'AUS8'),
('T20I', 2021, 4, 'Batter', 'Male', 89, 'WI17'),
('T20I', 2021, 5, 'Batter', 'Male', 87, 'PAK20'),
('T20I', 2021, 6, 'Batter', 'Male', 85, 'BAN30'),
('T20I', 2021, 7, 'Batter', 'Male', 83, 'NZ5'),
('T20I', 2021, 8, 'Batter', 'Male', 81, 'SL14'),
('T20I', 2021, 9, 'Batter', 'Male', 79, 'IND27'),
('T20I', 2021, 10, 'Batter', 'Male', 77, 'SA3'),

('T20I', 2021, 1, 'Bowler', 'Male', 95, 'IND19'),
('T20I', 2021, 2, 'Bowler', 'Male', 93, 'SA26'),
('T20I', 2021, 3, 'Bowler', 'Male', 91, 'AUS6'),
('T20I', 2021, 4, 'Bowler', 'Male', 89, 'WI13'),
('T20I', 2021, 5, 'Bowler', 'Male', 87, 'PAK18'),
('T20I', 2021, 6, 'Bowler', 'Male', 85, 'BAN25'),
('T20I', 2021, 7, 'Bowler', 'Male', 83, 'NZ10'),
('T20I', 2021, 8, 'Bowler', 'Male', 81, 'SL21'),
('T20I', 2021, 9, 'Bowler', 'Male', 79, 'IND7'),
('T20I', 2021, 10, 'Bowler', 'Male', 77, 'SA15'),

('T20I', 2021, 1, 'All-Rounder', 'Male', 95, 'IND23'),
('T20I', 2021, 2, 'All-Rounder', 'Male', 93, 'SA11'),
('T20I', 2021, 3, 'All-Rounder', 'Male', 91, 'AUS19'),
('T20I', 2021, 4, 'All-Rounder', 'Male', 89, 'WI15'),
('T20I', 2021, 5, 'All-Rounder', 'Male', 87, 'PAK10'),
('T20I', 2021, 6, 'All-Rounder', 'Male', 85, 'BAN17'),
('T20I', 2021, 7, 'All-Rounder', 'Male', 83, 'NZ2'),
('T20I', 2021, 8, 'All-Rounder', 'Male', 81, 'SL13'),
('T20I', 2021, 9, 'All-Rounder', 'Male', 79, 'IND29'),
('T20I', 2021, 10, 'All-Rounder', 'Male', 77, 'SA22'),


('ODI', 2019, 1, 'Batter', 'Male', 95, 'IND11'),
('ODI', 2019, 2, 'Batter', 'Male', 93, 'SA22'),
('ODI', 2019, 3, 'Batter', 'Male', 91, 'AUS9'),
('ODI', 2019, 4, 'Batter', 'Male', 89, 'WI7'),
('ODI', 2019, 5, 'Batter', 'Male', 87, 'PAK13'),
('ODI', 2019, 6, 'Batter', 'Male', 85, 'BAN18'),
('ODI', 2019, 7, 'Batter', 'Male', 83, 'NZ5'),
('ODI', 2019, 8, 'Batter', 'Male', 81, 'SL20'),
('ODI', 2019, 9, 'Batter', 'Male', 79, 'IND14'),
('ODI', 2019, 10, 'Batter', 'Male', 77, 'SA3'),

('ODI', 2019, 1, 'Bowler', 'Male', 95, 'IND28'),
('ODI', 2019, 2, 'Bowler', 'Male', 93, 'SA12'),
('ODI', 2019, 3, 'Bowler', 'Male', 91, 'AUS21'),
('ODI', 2019, 4, 'Bowler', 'Male', 89, 'WI9'),
('ODI', 2019, 5, 'Bowler', 'Male', 87, 'PAK19'),
('ODI', 2019, 6, 'Bowler', 'Male', 85, 'BAN17'),
('ODI', 2019, 7, 'Bowler', 'Male', 83, 'NZ11'),
('ODI', 2019, 8, 'Bowler', 'Male', 81, 'SL22'),
('ODI', 2019, 9, 'Bowler', 'Male', 79, 'IND30'),
('ODI', 2019, 10, 'Bowler', 'Male', 77, 'SA14'),

('ODI', 2019, 1, 'All-Rounder', 'Male', 95, 'IND20'),
('ODI', 2019, 2, 'All-Rounder', 'Male', 93, 'SA10'),
('ODI', 2019, 3, 'All-Rounder', 'Male', 91, 'AUS5'),
('ODI', 2019, 4, 'All-Rounder', 'Male', 89, 'WI16'),
('ODI', 2019, 5, 'All-Rounder', 'Male', 87, 'PAK27'),
('ODI', 2019, 6, 'All-Rounder', 'Male', 85, 'BAN8'),
('ODI', 2019, 7, 'All-Rounder', 'Male', 83, 'NZ3'),
('ODI', 2019, 8, 'All-Rounder', 'Male', 81, 'SL1'),
('ODI', 2019, 9, 'All-Rounder', 'Male', 79, 'IND9'),
('ODI', 2019, 10, 'All-Rounder', 'Male', 77, 'SA25'),

('TEST', 2019, 1, 'Batter', 'Male', 95, 'IND7'),
('TEST', 2019, 2, 'Batter', 'Male', 93, 'SA3'),
('TEST', 2019, 3, 'Batter', 'Male', 91, 'AUS9'),
('TEST', 2019, 4, 'Batter', 'Male', 89, 'WI2'),
('TEST', 2019, 5, 'Batter', 'Male', 87, 'PAK8'),
('TEST', 2019, 6, 'Batter', 'Male', 85, 'BAN4'),
('TEST', 2019, 7, 'Batter', 'Male', 83, 'NZ6'),
('TEST', 2019, 8, 'Batter', 'Male', 81, 'SL1'),
('TEST', 2019, 9, 'Batter', 'Male', 79, 'IND5'),
('TEST', 2019, 10, 'Batter', 'Male', 77, 'SA10'),

('TEST', 2019, 1, 'Bowler', 'Male', 95, 'IND13'),
('TEST', 2019, 2, 'Bowler', 'Male', 93, 'SA8'),
('TEST', 2019, 3, 'Bowler', 'Male', 91, 'AUS19'),
('TEST', 2019, 4, 'Bowler', 'Male', 89, 'WI15'),
('TEST', 2019, 5, 'Bowler', 'Male', 87, 'PAK10'),
('TEST', 2019, 6, 'Bowler', 'Male', 85, 'BAN11'),
('TEST', 2019, 7, 'Bowler', 'Male', 83, 'NZ2'),
('TEST', 2019, 8, 'Bowler', 'Male', 81, 'SL14'),
('TEST', 2019, 9, 'Bowler', 'Male', 79, 'IND29'),
('TEST', 2019, 10, 'Bowler', 'Male', 77, 'SA22'),

('TEST', 2019, 1, 'All-Rounder', 'Male', 95, 'IND19'),
('TEST', 2019, 2, 'All-Rounder', 'Male', 93, 'SA11'),
('TEST', 2019, 3, 'All-Rounder', 'Male', 91, 'AUS20'),
('TEST', 2019, 4, 'All-Rounder', 'Male', 89, 'WI6'),
('TEST', 2019, 5, 'All-Rounder', 'Male', 87, 'PAK23'),
('TEST', 2019, 6, 'All-Rounder', 'Male', 85, 'BAN16'),
('TEST', 2019, 7, 'All-Rounder', 'Male', 83, 'NZ28'),
('TEST', 2019, 8, 'All-Rounder', 'Male', 81, 'SL22'),
('TEST', 2019, 9, 'All-Rounder', 'Male', 79, 'IND3'),
('TEST', 2019, 10, 'All-Rounder', 'Male', 77, 'SA13'),

('T20I', 2019, 1, 'Batter', 'Male', 95, 'IND5'),
('T20I', 2019, 2, 'Batter', 'Male', 93, 'SA2'),
('T20I', 2019, 3, 'Batter', 'Male', 91, 'AUS11'),
('T20I', 2019, 4, 'Batter', 'Male', 89, 'WI4'),
('T20I', 2019, 5, 'Batter', 'Male', 87, 'PAK8'),
('T20I', 2019, 6, 'Batter', 'Male', 85, 'BAN3'),
('T20I', 2019, 7, 'Batter', 'Male', 83, 'NZ1'),
('T20I', 2019, 8, 'Batter', 'Male', 81, 'SL14'),
('T20I', 2019, 9, 'Batter', 'Male', 79, 'IND10'),
('T20I', 2019, 10, 'Batter', 'Male', 77, 'SA6'),

('T20I', 2019, 1, 'Bowler', 'Male', 95, 'IND15'),
('T20I', 2019, 2, 'Bowler', 'Male', 93, 'SA22'),
('T20I', 2019, 3, 'Bowler', 'Male', 91, 'AUS6'),
('T20I', 2019, 4, 'Bowler', 'Male', 89, 'WI13'),
('T20I', 2019, 5, 'Bowler', 'Male', 87, 'PAK18'),
('T20I', 2019, 6, 'Bowler', 'Male', 85, 'BAN21'),
('T20I', 2019, 7, 'Bowler', 'Male', 83, 'NZ10'),
('T20I', 2019, 8, 'Bowler', 'Male', 81, 'SL17'),
('T20I', 2019, 9, 'Bowler', 'Male', 79, 'IND7'),
('T20I', 2019, 10, 'Bowler', 'Male', 77, 'SA18'),

('T20I', 2019, 1, 'All-Rounder', 'Male', 95, 'IND20'),
('T20I', 2019, 2, 'All-Rounder', 'Male', 93, 'SA12'),
('T20I', 2019, 3, 'All-Rounder', 'Male', 91, 'AUS5'),
('T20I', 2019, 4, 'All-Rounder', 'Male', 89, 'WI16'),
('T20I', 2019, 5, 'All-Rounder', 'Male', 87, 'PAK27'),
('T20I', 2019, 6, 'All-Rounder', 'Male', 85, 'BAN8'),
('T20I', 2019, 7, 'All-Rounder', 'Male', 83, 'NZ3'),
('T20I', 2019, 8, 'All-Rounder', 'Male', 81, 'SL1'),
('T20I', 2019, 9, 'All-Rounder', 'Male', 79, 'IND9'),
('T20I', 2019, 10, 'All-Rounder', 'Male', 77, 'SA25'),

-- female rankings

('ODI', 2022, 1, 'Batter', 'Female', 95, 'IND50'),
('ODI', 2022, 2, 'Batter', 'Female', 93, 'SA43'),
('ODI', 2022, 3, 'Batter', 'Female', 91, 'AUS47'),
('ODI', 2022, 4, 'Batter', 'Female', 89, 'WI52'),
('ODI', 2022, 5, 'Batter', 'Female', 87, 'PAK49'),
('ODI', 2022, 6, 'Batter', 'Female', 85, 'BAN42'),
('ODI', 2022, 7, 'Batter', 'Female', 83, 'NZ41'),
('ODI', 2022, 8, 'Batter', 'Female', 81, 'SL45'),
('ODI', 2022, 9, 'Batter', 'Female', 79, 'IND48'),
('ODI', 2022, 10, 'Batter', 'Female', 77, 'SA42'),

('ODI', 2022, 1, 'Bowler', 'Female', 95, 'IND51'),
('ODI', 2022, 2, 'Bowler', 'Female', 93, 'SA55'),
('ODI', 2022, 3, 'Bowler', 'Female', 91, 'AUS46'),
('ODI', 2022, 4, 'Bowler', 'Female', 89, 'WI54'),
('ODI', 2022, 5, 'Bowler', 'Female', 87, 'PAK48'),
('ODI', 2022, 6, 'Bowler', 'Female', 85, 'BAN44'),
('ODI', 2022, 7, 'Bowler', 'Female', 83, 'NZ53'),
('ODI', 2022, 8, 'Bowler', 'Female', 81, 'SL45'),
('ODI', 2022, 9, 'Bowler', 'Female', 79, 'IND47'),
('ODI', 2022, 10, 'Bowler', 'Female', 77, 'SA42'),

('ODI', 2022, 1, 'All-Rounder', 'Female', 95, 'IND52'),
('ODI', 2022, 2, 'All-Rounder', 'Female', 93, 'SA48'),
('ODI', 2022, 3, 'All-Rounder', 'Female', 91, 'AUS41'),
('ODI', 2022, 4, 'All-Rounder', 'Female', 89, 'WI50'),
('ODI', 2022, 5, 'All-Rounder', 'Female', 87, 'PAK46'),
('ODI', 2022, 6, 'All-Rounder', 'Female', 85, 'BAN41'),
('ODI', 2022, 7, 'All-Rounder', 'Female', 83, 'NZ42'),
('ODI', 2022, 8, 'All-Rounder', 'Female', 81, 'SL48'),
('ODI', 2022, 9, 'All-Rounder', 'Female', 79, 'IND53'),
('ODI', 2022, 10, 'All-Rounder', 'Female', 77, 'SA49'),

('TEST', 2022, 1, 'Batter', 'Female', 95, 'IND45'),
('TEST', 2022, 2, 'Batter', 'Female', 93, 'SA41'),
('TEST', 2022, 3, 'Batter', 'Female', 91, 'AUS50'),
('TEST', 2022, 4, 'Batter', 'Female', 89, 'WI46'),
('TEST', 2022, 5, 'Batter', 'Female', 87, 'PAK51'),
('TEST', 2022, 6, 'Batter', 'Female', 85, 'BAN44'),
('TEST', 2022, 7, 'Batter', 'Female', 83, 'NZ53'),
('TEST', 2022, 8, 'Batter', 'Female', 81, 'SL48'),
('TEST', 2022, 9, 'Batter', 'Female', 79, 'IND47'),
('TEST', 2022, 10, 'Batter', 'Female', 77, 'SA54'),

('TEST', 2022, 1, 'Bowler', 'Female', 95, 'IND52'),
('TEST', 2022, 2, 'Bowler', 'Female', 93, 'SA48'),
('TEST', 2022, 3, 'Bowler', 'Female', 91, 'AUS41'),
('TEST', 2022, 4, 'Bowler', 'Female', 89, 'WI50'),
('TEST', 2022, 5, 'Bowler', 'Female', 87, 'PAK46'),
('TEST', 2022, 6, 'Bowler', 'Female', 85, 'BAN41'),
('TEST', 2022, 7, 'Bowler', 'Female', 83, 'NZ42'),
('TEST', 2022, 8, 'Bowler', 'Female', 81, 'SL48'),
('TEST', 2022, 9, 'Bowler', 'Female', 79, 'IND53'),
('TEST', 2022, 10, 'Bowler', 'Female', 77, 'SA49'),

('TEST', 2022, 1, 'All-Rounder', 'Female', 95, 'IND51'),
('TEST', 2022, 2, 'All-Rounder', 'Female', 93, 'SA55'),
('TEST', 2022, 3, 'All-Rounder', 'Female', 91, 'AUS46'),
('TEST', 2022, 4, 'All-Rounder', 'Female', 89, 'WI54'),
('TEST', 2022, 5, 'All-Rounder', 'Female', 87, 'PAK48'),
('TEST', 2022, 6, 'All-Rounder', 'Female', 85, 'BAN40'),
('TEST', 2022, 7, 'All-Rounder', 'Female', 83, 'NZ44'),
('TEST', 2022, 8, 'All-Rounder', 'Female', 81, 'SL41'),
('TEST', 2022, 9, 'All-Rounder', 'Female', 79, 'IND49'),
('TEST', 2022, 10, 'All-Rounder', 'Female', 77, 'SA49'),

('T20I', 2022, 1, 'Batter', 'Female', 95, 'IND43'),
('T20I', 2022, 2, 'Batter', 'Female', 93, 'SA46'),
('T20I', 2022, 3, 'Batter', 'Female', 91, 'AUS44'),
('T20I', 2022, 4, 'Batter', 'Female', 89, 'WI40'),
('T20I', 2022, 5, 'Batter', 'Female', 87, 'PAK49'),
('T20I', 2022, 6, 'Batter', 'Female', 85, 'BAN40'),
('T20I', 2022, 7, 'Batter', 'Female', 83, 'NZ45'),
('T20I', 2022, 8, 'Batter', 'Female', 81, 'SL47'),
('T20I', 2022, 9, 'Batter', 'Female', 79, 'IND45'),
('T20I', 2022, 10, 'Batter', 'Female', 77, 'SA51'),

('T20I', 2022, 1, 'Bowler', 'Female', 95, 'IND51'),
('T20I', 2022, 2, 'Bowler', 'Female', 93, 'SA44'),
('T20I', 2022, 3, 'Bowler', 'Female', 91, 'AUS46'),
('T20I', 2022, 4, 'Bowler', 'Female', 89, 'WI49'),
('T20I', 2022, 5, 'Bowler', 'Female', 87, 'PAK47'),
('T20I', 2022, 6, 'Bowler', 'Female', 85, 'BAN41'),
('T20I', 2022, 7, 'Bowler', 'Female', 83, 'NZ48'),
('T20I', 2022, 8, 'Bowler', 'Female', 81, 'SL43'),
('T20I', 2022, 9, 'Bowler', 'Female', 79, 'IND42'),
('T20I', 2022, 10, 'Bowler', 'Female', 77, 'SA48'),

('T20I', 2022, 1, 'All-Rounder', 'Female', 95, 'IND50'),
('T20I', 2022, 2, 'All-Rounder', 'Female', 93, 'SA48'),
('T20I', 2022, 3, 'All-Rounder', 'Female', 91, 'AUS47'),
('T20I', 2022, 4, 'All-Rounder', 'Female', 89, 'WI54'),
('T20I', 2022, 5, 'All-Rounder', 'Female', 87, 'PAK49'),
('T20I', 2022, 6, 'All-Rounder', 'Female', 85, 'BAN42'),
('T20I', 2022, 7, 'All-Rounder', 'Female', 83, 'NZ50'),
('T20I', 2022, 8, 'All-Rounder', 'Female', 81, 'SL46'),
('T20I', 2022, 9, 'All-Rounder', 'Female', 79, 'IND47'),
('T20I', 2022, 10, 'All-Rounder', 'Female', 77, 'SA53'),

('ODI', 2020, 1, 'Batter', 'Female', 95, 'IND50'),
('ODI', 2020, 2, 'Batter', 'Female', 93, 'SA46'),
('ODI', 2020, 3, 'Batter', 'Female', 91, 'AUS44'),
('ODI', 2020, 4, 'Batter', 'Female', 89, 'WI52'),
('ODI', 2020, 5, 'Batter', 'Female', 87, 'PAK49'),
('ODI', 2020, 6, 'Batter', 'Female', 85, 'BAN41'),
('ODI', 2020, 7, 'Batter', 'Female', 83, 'NZ45'),
('ODI', 2020, 8, 'Batter', 'Female', 81, 'SL47'),
('ODI', 2020, 9, 'Batter', 'Female', 79, 'IND41'),
('ODI', 2020, 10, 'Batter', 'Female', 77, 'SA51'),

('ODI', 2020, 1, 'Bowler', 'Female', 95, 'IND51'),
('ODI', 2020, 2, 'Bowler', 'Female', 93, 'SA54'),
('ODI', 2020, 3, 'Bowler', 'Female', 91, 'AUS46'),
('ODI', 2020, 4, 'Bowler', 'Female', 89, 'WI53'),
('ODI', 2020, 5, 'Bowler', 'Female', 87, 'PAK47'),
('ODI', 2020, 6, 'Bowler', 'Female', 85, 'BAN44'),
('ODI', 2020, 7, 'Bowler', 'Female', 83, 'NZ48'),
('ODI', 2020, 8, 'Bowler', 'Female', 81, 'SL50'),
('ODI', 2020, 9, 'Bowler', 'Female', 79, 'IND42'),
('ODI', 2020, 10, 'Bowler', 'Female', 77, 'SA48'),

('ODI', 2020, 1, 'All-Rounder', 'Female', 95, 'IND50'),
('ODI', 2020, 2, 'All-Rounder', 'Female', 93, 'SA46'),
('ODI', 2020, 3, 'All-Rounder', 'Female', 91, 'AUS44'),
('ODI', 2020, 4, 'All-Rounder', 'Female', 89, 'WI52'),
('ODI', 2020, 5, 'All-Rounder', 'Female', 87, 'PAK49'),
('ODI', 2020, 6, 'All-Rounder', 'Female', 85, 'BAN44'),
('ODI', 2020, 7, 'All-Rounder', 'Female', 83, 'NZ45'),
('ODI', 2020, 8, 'All-Rounder', 'Female', 81, 'SL47'),
('ODI', 2020, 9, 'All-Rounder', 'Female', 79, 'IND41'),
('ODI', 2020, 10, 'All-Rounder', 'Female', 77, 'SA51'),

('TEST', 2020, 1, 'Batter', 'Female', 95, 'IND43'),
('TEST', 2020, 2, 'Batter', 'Female', 93, 'SA46'),
('TEST', 2020, 3, 'Batter', 'Female', 91, 'AUS44'),
('TEST', 2020, 4, 'Batter', 'Female', 89, 'WI52'),
('TEST', 2020, 5, 'Batter', 'Female', 87, 'PAK49'),
('TEST', 2020, 6, 'Batter', 'Female', 85, 'BAN44'),
('TEST', 2020, 7, 'Batter', 'Female', 83, 'NZ45'),
('TEST', 2020, 8, 'Batter', 'Female', 81, 'SL47'),
('TEST', 2020, 9, 'Batter', 'Female', 79, 'IND41'),
('TEST', 2020, 10, 'Batter', 'Female', 77, 'SA51'),

('TEST', 2020, 1, 'Bowler', 'Female', 95, 'IND51'),
('TEST', 2020, 2, 'Bowler', 'Female', 93, 'SA54'),
('TEST', 2020, 3, 'Bowler', 'Female', 91, 'AUS46'),
('TEST', 2020, 4, 'Bowler', 'Female', 89, 'WI53'),
('TEST', 2020, 5, 'Bowler', 'Female', 87, 'PAK47'),
('TEST', 2020, 6, 'Bowler', 'Female', 85, 'BAN44'),
('TEST', 2020, 7, 'Bowler', 'Female', 83, 'NZ48'),
('TEST', 2020, 8, 'Bowler', 'Female', 81, 'SL50'),
('TEST', 2020, 9, 'Bowler', 'Female', 79, 'IND42'),
('TEST', 2020, 10, 'Bowler', 'Female', 77, 'SA48'),

('TEST', 2020, 1, 'All-Rounder', 'Female', 95, 'IND50'),
('TEST', 2020, 2, 'All-Rounder', 'Female', 93, 'SA46'),
('TEST', 2020, 3, 'All-Rounder', 'Female', 91, 'AUS44'),
('TEST', 2020, 4, 'All-Rounder', 'Female', 89, 'WI52'),
('TEST', 2020, 5, 'All-Rounder', 'Female', 87, 'PAK49'),
('TEST', 2020, 6, 'All-Rounder', 'Female', 85, 'BAN41'),
('TEST', 2020, 7, 'All-Rounder', 'Female', 83, 'NZ45'),
('TEST', 2020, 8, 'All-Rounder', 'Female', 81, 'SL47'),
('TEST', 2020, 9, 'All-Rounder', 'Female', 79, 'IND42'),
('TEST', 2020, 10, 'All-Rounder', 'Female', 77, 'SA53'),

('T20I', 2020, 1, 'Batter', 'Female', 95, 'IND43'),
('T20I', 2020, 2, 'Batter', 'Female', 93, 'SA46'),
('T20I', 2020, 3, 'Batter', 'Female', 91, 'AUS44'),
('T20I', 2020, 4, 'Batter', 'Female', 89, 'WI52'),
('T20I', 2020, 5, 'Batter', 'Female', 87, 'PAK49'),
('T20I', 2020, 6, 'Batter', 'Female', 85, 'BAN40'),
('T20I', 2020, 7, 'Batter', 'Female', 83, 'NZ45'),
('T20I', 2020, 8, 'Batter', 'Female', 81, 'SL47'),
('T20I', 2020, 9, 'Batter', 'Female', 79, 'IND48'),
('T20I', 2020, 10, 'Batter', 'Female', 77, 'SA51'),

('T20I', 2020, 1, 'Bowler', 'Female', 95, 'IND51'),
('T20I', 2020, 2, 'Bowler', 'Female', 93, 'SA54'),
('T20I', 2020, 3, 'Bowler', 'Female', 91, 'AUS46'),
('T20I', 2020, 4, 'Bowler', 'Female', 89, 'WI53'),
('T20I', 2020, 5, 'Bowler', 'Female', 87, 'PAK47'),
('T20I', 2020, 6, 'Bowler', 'Female', 85, 'BAN44'),
('T20I', 2020, 7, 'Bowler', 'Female', 83, 'NZ48'),
('T20I', 2020, 8, 'Bowler', 'Female', 81, 'SL50'),
('T20I', 2020, 9, 'Bowler', 'Female', 79, 'IND42'),
('T20I', 2020, 10, 'Bowler', 'Female', 77, 'SA48'),

('T20I', 2020, 1, 'All-Rounder', 'Female', 95, 'IND50'),
('T20I', 2020, 2, 'All-Rounder', 'Female', 93, 'SA46'),
('T20I', 2020, 3, 'All-Rounder', 'Female', 91, 'AUS44'),
('T20I', 2020, 4, 'All-Rounder', 'Female', 89, 'WI52'),
('T20I', 2020, 5, 'All-Rounder', 'Female', 87, 'PAK49'),
('T20I', 2020, 6, 'All-Rounder', 'Female', 85, 'BAN42'),
('T20I', 2020, 7, 'All-Rounder', 'Female', 83, 'NZ45'),
('T20I', 2020, 8, 'All-Rounder', 'Female', 81, 'SL47'),
('T20I', 2020, 9, 'All-Rounder', 'Female', 79, 'IND41'),
('T20I', 2020, 10, 'All-Rounder', 'Female', 77, 'SA53'),

('ODI', 2019, 1, 'Batter', 'Female', 95, 'IND51'),
('ODI', 2019, 2, 'Batter', 'Female', 93, 'SA53'),
('ODI', 2019, 3, 'Batter', 'Female', 91, 'AUS46'),
('ODI', 2019, 4, 'Batter', 'Female', 89, 'WI52'),
('ODI', 2019, 5, 'Batter', 'Female', 87, 'PAK48'),
('ODI', 2019, 6, 'Batter', 'Female', 85, 'BAN43'),
('ODI', 2019, 7, 'Batter', 'Female', 83, 'NZ44'),
('ODI', 2019, 8, 'Batter', 'Female', 81, 'SL49'),
('ODI', 2019, 9, 'Batter', 'Female', 79, 'IND42'),
('ODI', 2019, 10, 'Batter', 'Female', 77, 'SA47'),

('ODI', 2019, 1, 'Bowler', 'Female', 95, 'IND52'),
('ODI', 2019, 2, 'Bowler', 'Female', 93, 'SA51'),
('ODI', 2019, 3, 'Bowler', 'Female', 91, 'AUS50'),
('ODI', 2019, 4, 'Bowler', 'Female', 89, 'WI49'),
('ODI', 2019, 5, 'Bowler', 'Female', 87, 'PAK47'),
('ODI', 2019, 6, 'Bowler', 'Female', 85, 'BAN43'),
('ODI', 2019, 7, 'Bowler', 'Female', 83, 'NZ46'),
('ODI', 2019, 8, 'Bowler', 'Female', 81, 'SL48'),
('ODI', 2019, 9, 'Bowler', 'Female', 79, 'IND50'),
('ODI', 2019, 10, 'Bowler', 'Female', 77, 'SA54'),

('ODI', 2019, 1, 'All-Rounder', 'Female', 95, 'IND53'),
('ODI', 2019, 2, 'All-Rounder', 'Female', 93, 'SA52'),
('ODI', 2019, 3, 'All-Rounder', 'Female', 91, 'AUS47'),
('ODI', 2019, 4, 'All-Rounder', 'Female', 89, 'WI48'),
('ODI', 2019, 5, 'All-Rounder', 'Female', 87, 'PAK49'),
('ODI', 2019, 6, 'All-Rounder', 'Female', 85, 'BAN41'),
('ODI', 2019, 7, 'All-Rounder', 'Female', 83, 'NZ51'),
('ODI', 2019, 8, 'All-Rounder', 'Female', 81, 'SL48'),
('ODI', 2019, 9, 'All-Rounder', 'Female', 79, 'IND54'),
('ODI', 2019, 10, 'All-Rounder', 'Female', 77, 'SA55'),

('TEST', 2019, 1, 'Batter', 'Female', 95, 'IND48'),
('TEST', 2019, 2, 'Batter', 'Female', 93, 'SA51'),
('TEST', 2019, 3, 'Batter', 'Female', 91, 'AUS45'),
('TEST', 2019, 4, 'Batter', 'Female', 89, 'WI49'),
('TEST', 2019, 5, 'Batter', 'Female', 87, 'PAK47'),
('TEST', 2019, 6, 'Batter', 'Female', 85, 'BAN41'),
('TEST', 2019, 7, 'Batter', 'Female', 83, 'NZ44'),
('TEST', 2019, 8, 'Batter', 'Female', 81, 'SL48'),
('TEST', 2019, 9, 'Batter', 'Female', 79, 'IND46'),
('TEST', 2019, 10, 'Batter', 'Female', 77, 'SA54'),

('TEST', 2019, 1, 'Bowler', 'Female', 95, 'IND53'),
('TEST', 2019, 2, 'Bowler', 'Female', 93, 'SA50'),
('TEST', 2019, 3, 'Bowler', 'Female', 91, 'AUS52'),
('TEST', 2019, 4, 'Bowler', 'Female', 89, 'WI48'),
('TEST', 2019, 5, 'Bowler', 'Female', 87, 'PAK46'),
('TEST', 2019, 6, 'Bowler', 'Female', 85, 'BAN42'),
('TEST', 2019, 7, 'Bowler', 'Female', 83, 'NZ49'),
('TEST', 2019, 8, 'Bowler', 'Female', 81, 'SL47'),
('TEST', 2019, 9, 'Bowler', 'Female', 79, 'IND47'),
('TEST', 2019, 10, 'Bowler', 'Female', 77, 'SA55'),

('TEST', 2019, 1, 'All-Rounder', 'Female', 95, 'IND54'),
('TEST', 2019, 2, 'All-Rounder', 'Female', 93, 'SA52'),
('TEST', 2019, 3, 'All-Rounder', 'Female', 91, 'AUS47'),
('TEST', 2019, 4, 'All-Rounder', 'Female', 89, 'WI49'),
('TEST', 2019, 5, 'All-Rounder', 'Female', 87, 'PAK51'),
('TEST', 2019, 6, 'All-Rounder', 'Female', 85, 'BAN43'),
('TEST', 2019, 7, 'All-Rounder', 'Female', 83, 'NZ53'),
('TEST', 2019, 8, 'All-Rounder', 'Female', 81, 'SL41'),
('TEST', 2019, 9, 'All-Rounder', 'Female', 79, 'IND55'),
('TEST', 2019, 10, 'All-Rounder', 'Female', 77, 'SA51'),

('T20I', 2019, 1, 'Batter', 'Female', 95, 'IND48'),
('T20I', 2019, 2, 'Batter', 'Female', 93, 'SA51'),
('T20I', 2019, 3, 'Batter', 'Female', 91, 'AUS45'),
('T20I', 2019, 4, 'Batter', 'Female', 89, 'WI49'),
('T20I', 2019, 5, 'Batter', 'Female', 87, 'PAK47'),
('T20I', 2019, 6, 'Batter', 'Female', 85, 'BAN39'),
('T20I', 2019, 7, 'Batter', 'Female', 83, 'NZ44'),
('T20I', 2019, 8, 'Batter', 'Female', 81, 'SL48'),
('T20I', 2019, 9, 'Batter', 'Female', 79, 'IND46'),
('T20I', 2019, 10, 'Batter', 'Female', 77, 'SA54'),

('T20I', 2019, 1, 'Bowler', 'Female', 95, 'IND53'),
('T20I', 2019, 2, 'Bowler', 'Female', 93, 'SA50'),
('T20I', 2019, 3, 'Bowler', 'Female', 91, 'AUS52'),
('T20I', 2019, 4, 'Bowler', 'Female', 89, 'WI48'),
('T20I', 2019, 5, 'Bowler', 'Female', 87, 'PAK46'),
('T20I', 2019, 6, 'Bowler', 'Female', 85, 'BAN38'),
('T20I', 2019, 7, 'Bowler', 'Female', 83, 'NZ49'),
('T20I', 2019, 8, 'Bowler', 'Female', 81, 'SL39'),
('T20I', 2019, 9, 'Bowler', 'Female', 79, 'IND47'),
('T20I', 2019, 10, 'Bowler', 'Female', 77, 'SA55'),

('T20I', 2019, 1, 'All-Rounder', 'Female', 95, 'IND54'),
('T20I', 2019, 2, 'All-Rounder', 'Female', 93, 'SA52'),
('T20I', 2019, 3, 'All-Rounder', 'Female', 91, 'AUS47'),
('T20I', 2019, 4, 'All-Rounder', 'Female', 89, 'WI49'),
('T20I', 2019, 5, 'All-Rounder', 'Female', 87, 'PAK51'),
('T20I', 2019, 6, 'All-Rounder', 'Female', 85, 'BAN39'),
('T20I', 2019, 7, 'All-Rounder', 'Female', 83, 'NZ53'),
('T20I', 2019, 8, 'All-Rounder', 'Female', 81, 'SL38'),
('T20I', 2019, 9, 'All-Rounder', 'Female', 79, 'IND55'),
('T20I', 2019, 10, 'All-Rounder', 'Female', 77, 'SA51');

